time,p_EE_x,p_EE_y,p_EE_z,p_d_x,p_d_y,p_d_z,p_end_x,p_end_y,p_end_z,e_p_x,e_p_y,e_p_z,e_R_x,e_R_y,e_R_z,pdot_x,pdot_y,pdot_z,pdot_d_x,pdot_d_y,pdot_d_z,omega_x,omega_y,omega_z,f_before_deadzone_x,f_before_deadzone_y,f_before_deadzone_z,f_x,f_y,f_z,m_before_deadzone_x,m_before_deadzone_y,m_before_deadzone_z,m_x,m_y,m_z,tau_raw_1,tau_raw_2,tau_raw_3,tau_raw_4,tau_raw_5,tau_raw_6,tau_raw_7,tau_limited_1,tau_limited_2,tau_limited_3,tau_limited_4,tau_limited_5,tau_limited_6,tau_limited_7
0.000000,0.306830,-0.000187,0.486792,0.306826,-0.000190,0.486794,0.306826,-0.000190,0.486794,-0.000004,-0.000003,0.000002,-0.000002,-0.000009,-0.000002,0.000608,0.000610,0.000416,0.000000,0.000000,0.000000,-0.001331,0.000735,0.002737,-0.012612,-0.012452,-0.008127,-0.012612,-0.012452,-0.008127,0.005315,-0.002230,-0.008216,0.005315,-0.002230,-0.008216,-0.012036,-0.001672,-0.013619,-0.003225,0.002697,-0.001142,0.008218,-0.012036,-0.001672,-0.013619,-0.003225,0.002697,-0.001142,0.008218
0.001000,0.306830,-0.000186,0.486792,0.306826,-0.000190,0.486794,0.306826,-0.000190,0.486794,-0.000004,-0.000004,0.000002,-0.000001,-0.000011,-0.000004,0.000289,0.000690,0.000269,0.000000,0.000000,0.000000,-0.001552,0.001232,0.001422,-0.006278,-0.014186,-0.005212,-0.006278,-0.014186,-0.005212,0.006203,-0.003728,-0.004283,0.006203,-0.003728,-0.004283,-0.008635,-0.003095,-0.012030,0.000463,0.003220,0.001946,0.004284,-0.008635,-0.003095,-0.012030,0.000463,0.003220,0.001946,0.004284
0.002000,0.306831,-0.000186,0.486791,0.306826,-0.000190,0.486794,0.306826,-0.000190,0.486794,-0.000005,-0.000003,0.000003,-0.000003,-0.000015,-0.000006,-0.000079,0.000262,-0.002829,0.000000,0.000000,0.000000,-0.000404,0.008356,0.002273,0.001034,-0.005582,0.056851,0.001034,-0.005582,0.056851,0.001602,-0.025112,-0.006846,0.001602,-0.025112,-0.006846,-0.008559,-0.042423,-0.007790,0.052072,0.000433,0.030327,0.006852,-0.008559,-0.042423,-0.007790,0.052072,0.000433,0.030327,0.006852
0.003000,0.306833,-0.000186,0.486790,0.306826,-0.000190,0.486794,0.306826,-0.000190,0.486794,-0.000006,-0.000003,0.000003,-0.000003,-0.000020,-0.000003,0.002278,-0.001134,-0.001109,0.000000,0.000000,0.000000,-0.007442,-0.001631,0.001431,-0.046326,0.022337,0.022521,-0.046326,0.022337,0.022521,0.029753,0.004833,-0.004304,0.029753,0.004833,-0.004304,0.002551,-0.009200,-0.016801,-0.000157,0.034449,-0.012611,0.004306,0.002551,-0.009200,-0.016801,-0.000157,0.034449,-0.012611,0.004306
0.004000,0.306832,-0.000185,0.486789,0.306826,-0.000190,0.486794,0.306826,-0.000190,0.486794,-0.000005,-0.000005,0.000004,-0.000004,-0.000020,-0.000004,0.001587,-0.001830,-0.000737,0.000000,0.000000,0.000000,0.000065,-0.001801,-0.001247,-0.032408,0.036137,0.015188,-0.032408,0.036137,0.015188,-0.000274,0.005341,0.003726,-0.000274,0.005341,0.003726,0.014811,-0.004294,0.014609,-0.002349,0.007323,-0.010827,-0.003727,0.014811,-0.004294,0.014609,-0.002349,0.007323,-0.010827,-0.003727
0.005000,0.306832,-0.000187,0.486784,0.306826,-0.000190,0.486794,0.306826,-0.000190,0.486794,-0.000005,-0.000003,0.000009,-0.000000,-0.000034,-0.000003,0.001686,-0.001352,-0.000431,0.000000,0.000000,0.000000,0.000069,-0.000513,-0.000103,-0.034375,0.026715,0.009565,-0.034375,0.026715,0.009565,-0.000278,0.001437,0.000298,-0.000278,0.001437,0.000298,0.008485,-0.006774,0.009105,-0.001347,0.005338,-0.007832,-0.000298,0.008485,-0.006774,0.009105,-0.001347,0.005338,-0.007832,-0.000298
0.006000,0.306833,-0.000190,0.486782,0.306826,-0.000190,0.486794,0.306826,-0.000190,0.486794,-0.000006,-0.000000,0.000012,0.000002,-0.000036,0.000006,0.001717,-0.001465,-0.000219,0.000000,0.000000,0.000000,-0.001004,-0.000351,-0.001856,-0.035101,0.029299,0.005541,-0.035101,0.029299,0.005541,0.004024,0.000942,0.005593,0.004024,0.000942,0.005593,0.014572,-0.006145,0.010639,-0.002845,0.010182,-0.007844,-0.005593,0.014572,-0.006145,0.010639,-0.002845,0.010182,-0.007844,-0.005593
0.007000,0.306832,-0.000190,0.486782,0.306826,-0.000190,0.486794,0.306826,-0.000190,0.486794,-0.000006,0.000000,0.000012,0.000007,-0.000030,0.000006,0.001258,-0.001256,0.000152,0.000000,0.000000,0.000000,-0.001899,-0.002523,-0.001375,-0.025843,0.025147,-0.001878,-0.025843,0.025147,-0.001878,0.007627,0.007478,0.004151,0.007627,0.007478,0.004151,0.011860,0.004080,0.005723,-0.011680,0.012912,-0.013084,-0.004152,0.011860,0.004080,0.005723,-0.011680,0.012912,-0.013084,-0.004152
0.008000,0.306832,-0.000191,0.486780,0.306826,-0.000190,0.486794,0.306826,-0.000190,0.486794,-0.000006,0.000001,0.000014,0.000012,-0.000028,0.000007,0.000953,-0.001136,-0.000737,0.000000,0.000000,0.000000,-0.002670,-0.001281,-0.001218,-0.019754,0.022805,0.016150,-0.019754,0.022805,0.016150,0.010727,0.003760,0.003682,0.010727,0.003760,0.003682,0.010676,-0.004237,0.002440,0.001328,0.015521,-0.006499,-0.003681,0.010676,-0.004237,0.002440,0.001328,0.015521,-0.006499,-0.003681
0.009000,0.306832,-0.000191,0.486778,0.306826,-0.000190,0.486794,0.306826,-0.000190,0.486794,-0.000006,0.000002,0.000016,0.000007,-0.000026,0.000008,0.000986,-0.001095,-0.001642,0.000000,0.000000,0.000000,-0.000319,0.000448,-0.001260,-0.020440,0.022061,0.034441,-0.020440,0.022061,0.034441,0.001306,-0.001424,0.003811,0.001306,-0.001424,0.003811,0.010579,-0.015150,0.008957,0.015056,0.005943,0.000152,-0.003811,0.010579,-0.015150,0.008957,0.015056,0.005943,0.000152,-0.003811
0.010000,0.306832,-0.000191,0.486777,0.306826,-0.000190,0.486794,0.306826,-0.000190,0.486794,-0.000006,0.000001,0.000016,0.000009,-0.000022,0.000005,0.001502,-0.000585,-0.001122,0.000000,0.000000,0.000000,-0.000726,-0.004068,-0.003392,-0.030776,0.011781,0.024094,-0.030776,0.011781,0.024094,0.002941,0.012138,0.010194,0.002941,0.012138,0.010194,0.013805,-0.000000,0.008963,-0.004706,0.005410,-0.016493,-0.010197,0.013805,-0.000000,0.008963,-0.004706,0.005410,-0.016493,-0.010197
0.011000,0.306830,-0.000192,0.486775,0.306826,-0.000190,0.486794,0.306826,-0.000190,0.486794,-0.000003,0.000002,0.000019,0.000012,-0.000027,0.000012,0.000440,-0.000506,-0.001775,0.000000,0.000000,0.000000,-0.000476,-0.000151,-0.004646,-0.009195,0.010305,0.037413,-0.009195,0.010305,0.037413,0.001952,0.000373,0.013985,0.001952,0.000373,0.013985,0.017145,-0.012533,0.011861,0.016106,0.004114,0.000986,-0.013985,0.017145,-0.012533,0.011861,0.016106,0.004114,0.000986,-0.013985
0.012000,0.306829,-0.000192,0.486772,0.306826,-0.000190,0.486794,0.306826,-0.000190,0.486794,-0.000003,0.000002,0.000022,0.000015,-0.000033,0.000009,0.000129,-0.001537,-0.002252,0.000000,0.000000,0.000000,0.001191,0.003319,-0.005645,-0.002939,0.030984,0.047215,-0.002939,0.030984,0.047215,-0.004704,-0.010056,0.016969,-0.004704,-0.010056,0.016969,0.026483,-0.025025,0.025425,0.031957,0.001813,0.013594,-0.016967,0.026483,-0.025025,0.025425,0.031957,0.001813,0.013594,-0.016967
0.013000,0.306827,-0.000193,0.486773,0.306826,-0.000190,0.486794,0.306826,-0.000190,0.486794,-0.000001,0.000003,0.000021,0.000016,-0.000034,0.000015,-0.000540,-0.001105,-0.001584,0.000000,0.000000,0.000000,0.000800,0.003378,-0.004929,0.010707,0.022412,0.033787,0.010707,0.022412,0.033787,-0.003138,-0.010234,0.014847,-0.003138,-0.010234,0.014847,0.021731,-0.018969,0.020023,0.027549,0.001578,0.015463,-0.014845,0.021731,-0.018969,0.020023,0.027549,0.001578,0.015463,-0.014845
0.014000,0.306826,-0.000194,0.486770,0.306826,-0.000190,0.486794,0.306826,-0.000190,0.486794,0.000000,0.000004,0.000024,0.000017,-0.000042,0.000019,-0.000528,-0.000910,-0.001833,0.000000,0.000000,0.000000,0.001491,0.005401,-0.004277,0.010621,0.018623,0.039016,0.010621,0.018623,0.039016,-0.005897,-0.016331,0.012906,-0.005897,-0.016331,0.012906,0.018626,-0.026687,0.019366,0.036104,-0.001976,0.022002,-0.012902,0.018626,-0.026687,0.019366,0.036104,-0.001976,0.022002,-0.012902
0.015000,0.306824,-0.000195,0.486768,0.306826,-0.000190,0.486794,0.306826,-0.000190,0.486794,0.000002,0.000005,0.000026,0.000019,-0.000048,0.000019,-0.000720,-0.000830,-0.001694,0.000000,0.000000,0.000000,0.000692,0.004892,-0.003070,0.014664,0.017107,0.036477,0.014664,0.017107,0.036477,-0.002691,-0.014822,0.009286,-0.002691,-0.014822,0.009286,0.014540,-0.023773,0.014044,0.033916,0.000911,0.021119,-0.009282,0.014540,-0.023773,0.014044,0.033916,0.000911,0.021119,-0.009282
0.017000,0.306822,-0.000197,0.486763,0.306826,-0.000190,0.486794,0.306826,-0.000190,0.486794,0.000004,0.000008,0.000030,0.000017,-0.000057,0.000027,-0.000650,-0.000657,-0.002139,0.000000,0.000000,0.000000,0.000736,0.005185,-0.002088,0.013460,0.013889,0.045822,0.013460,0.013889,0.045822,-0.002876,-0.015726,0.006370,-0.002876,-0.015726,0.006370,0.010637,-0.027734,0.011067,0.039078,0.000049,0.022591,-0.006366,0.010637,-0.027734,0.011067,0.039078,0.000049,0.022591,-0.006366
0.018000,0.306821,-0.000198,0.486759,0.306826,-0.000190,0.486794,0.306826,-0.000190,0.486794,0.000005,0.000009,0.000035,0.000016,-0.000068,0.000036,-0.001313,-0.000862,-0.003042,0.000000,0.000000,0.000000,0.001209,0.006157,-0.008161,0.026829,0.018099,0.064358,0.026829,0.018099,0.064358,-0.004772,-0.018674,0.024625,-0.004772,-0.018674,0.024625,0.030187,-0.034323,0.026691,0.052482,-0.000963,0.029987,-0.024620,0.030187,-0.034323,0.026691,0.052482,-0.000963,0.029987,-0.024620
0.019000,0.306822,-0.000201,0.486759,0.306826,-0.000190,0.486794,0.306826,-0.000190,0.486794,0.000004,0.000011,0.000034,0.000020,-0.000065,0.000036,-0.000972,-0.000780,-0.002542,0.000000,0.000000,0.000000,-0.000047,0.004652,-0.005669,0.019971,0.016708,0.054297,0.019971,0.016708,0.054297,0.000268,-0.014150,0.017152,0.000268,-0.014150,0.017152,0.022285,-0.027757,0.017386,0.042331,0.003784,0.023132,-0.017148,0.022285,-0.027757,0.017386,0.042331,0.003784,0.023132,-0.017148
0.020000,0.306821,-0.000204,0.486755,0.306826,-0.000190,0.486794,0.306826,-0.000190,0.486794,0.000005,0.000014,0.000039,0.000018,-0.000070,0.000042,-0.001010,-0.001440,-0.002482,0.000000,0.000000,0.000000,0.000844,0.004251,-0.004685,0.020855,0.030246,0.053517,0.020855,0.030246,0.053517,-0.003303,-0.012964,0.014221,-0.003303,-0.012964,0.014221,0.023514,-0.026203,0.022259,0.040888,0.003062,0.022062,-0.014218,0.023514,-0.026203,0.022259,0.040888,0.003062,0.022062,-0.014218
0.021000,0.306820,-0.000206,0.486751,0.306826,-0.000190,0.486794,0.306826,-0.000190,0.486794,0.000006,0.000016,0.000043,0.000020,-0.000076,0.000052,-0.001109,-0.000939,-0.003339,0.000000,0.000000,0.000000,0.001178,0.006108,-0.005697,0.022908,0.020360,0.071041,0.022908,0.020360,0.071041,-0.004631,-0.018554,0.017299,-0.004631,-0.018554,0.017299,0.023560,-0.036865,0.022155,0.055014,-0.000345,0.029627,-0.017294,0.023560,-0.036865,0.022155,0.055014,-0.000345,0.029627,-0.017294
0.022000,0.306820,-0.000207,0.486750,0.306826,-0.000190,0.486794,0.306826,-0.000190,0.486794,0.000007,0.000017,0.000044,0.000022,-0.000074,0.000052,-0.000844,-0.000624,-0.002044,0.000000,0.000000,0.000000,0.000403,0.003438,-0.002903,0.017672,0.014174,0.045251,0.017672,0.014174,0.045251,-0.001524,-0.010536,0.008917,-0.001524,-0.010536,0.008917,0.013272,-0.021714,0.012007,0.034154,0.001460,0.018238,-0.008915,0.013272,-0.021714,0.012007,0.034154,0.001460,0.018238,-0.008915
0.023000,0.306819,-0.000206,0.486748,0.306826,-0.000190,0.486794,0.306826,-0.000190,0.486794,0.000007,0.000017,0.000045,0.000027,-0.000072,0.000050,0.000090,0.000063,-0.001943,0.000000,0.000000,0.000000,-0.000136,-0.000891,-0.001229,-0.000947,0.000391,0.043401,-0.000947,0.000391,0.043401,0.000651,0.002457,0.003888,0.000651,0.002457,0.003888,0.004004,-0.011013,0.002415,0.017903,0.000729,0.001162,-0.003888,0.004004,-0.011013,0.002415,0.017903,0.000729,0.001162,-0.003888
0.024000,0.306817,-0.000207,0.486748,0.306826,-0.000190,0.486794,0.306826,-0.000190,0.486794,0.000009,0.000017,0.000046,0.000022,-0.000072,0.000055,-0.000556,-0.000134,-0.001869,0.000000,0.000000,0.000000,0.001008,0.000874,-0.002209,0.012221,0.004364,0.041949,0.012221,0.004364,0.041949,-0.003944,-0.002839,0.006846,-0.003944,-0.002839,0.006846,0.008189,-0.013835,0.009059,0.024199,-0.003028,0.009103,-0.006845,0.008189,-0.013835,0.009059,0.024199,-0.003028,0.009103,-0.006845
0.025000,0.306815,-0.000208,0.486744,0.306826,-0.000190,0.486794,0.306826,-0.000190,0.486794,0.000012,0.000018,0.000050,0.000019,-0.000079,0.000055,-0.001524,-0.000601,-0.002174,0.000000,0.000000,0.000000,0.001275,0.001448,-0.001697,0.031868,0.013843,0.048450,0.031868,0.013843,0.048450,-0.005022,-0.004581,0.005312,-0.005022,-0.004581,0.005312,0.009572,-0.014539,0.011841,0.031510,-0.002109,0.015551,-0.005311,0.009572,-0.014539,0.011841,0.031510,-0.002109,0.015551,-0.005311
0.026000,0.306812,-0.000209,0.486743,0.306826,-0.000190,0.486794,0.306826,-0.000190,0.486794,0.000014,0.000019,0.000051,0.000026,-0.000081,0.000058,-0.001828,-0.000407,-0.002294,0.000000,0.000000,0.000000,-0.000421,0.002463,-0.002258,0.038289,0.010028,0.050985,0.038289,0.010028,0.050985,0.001788,-0.007632,0.007007,0.001788,-0.007632,0.007007,0.010092,-0.017373,0.006971,0.036575,0.003899,0.020174,-0.007005,0.010092,-0.017373,0.006971,0.036575,0.003899,0.020174,-0.007005
0.027000,0.306810,-0.000209,0.486738,0.306826,-0.000190,0.486794,0.306826,-0.000190,0.486794,0.000016,0.000019,0.000056,0.000029,-0.000087,0.000059,-0.001792,-0.000166,-0.004059,0.000000,0.000000,0.000000,-0.000716,0.006984,-0.001173,0.037758,0.005267,0.086756,0.037758,0.005267,0.086756,0.002980,-0.021214,0.003756,0.002980,-0.021214,0.003756,0.005381,-0.042057,0.002274,0.066987,0.004093,0.036788,-0.003750,0.005381,-0.042057,0.002274,0.066987,0.004093,0.036788,-0.003750
0.028000,0.306809,-0.000211,0.486736,0.306826,-0.000190,0.486794,0.306826,-0.000190,0.486794,0.000018,0.000021,0.000058,0.000028,-0.000088,0.000061,-0.001681,-0.000543,-0.002060,0.000000,0.000000,0.000000,-0.000320,0.001621,-0.000130,0.035714,0.012952,0.047010,0.035714,0.012952,0.047010,0.001393,-0.005127,0.000636,0.001393,-0.005127,0.000636,0.004621,-0.014044,0.003702,0.031864,0.004120,0.016775,-0.000635,0.004621,-0.014044,0.003702,0.031864,0.004120,0.016775,-0.000635
0.029000,0.306807,-0.000211,0.486735,0.306826,-0.000190,0.486794,0.306826,-0.000190,0.486794,0.000019,0.000021,0.000059,0.000028,-0.000085,0.000068,-0.001587,-0.000082,-0.000094,0.000000,0.000000,0.000000,-0.000132,-0.003747,-0.001178,0.034043,0.003721,0.007798,0.034043,0.003721,0.007798,0.000641,0.010986,0.003804,0.000641,0.010986,0.003804,0.004951,0.013864,0.003460,-0.002990,0.001420,-0.003139,-0.003807,0.004951,0.013864,0.003460,-0.002990,0.001420,-0.003139,-0.003807
0.030000,0.306805,-0.000212,0.486731,0.306826,-0.000190,0.486794,0.306826,-0.000190,0.486794,0.000021,0.000022,0.000063,0.000032,-0.000088,0.000062,-0.001519,-0.000105,-0.001659,0.000000,0.000000,0.000000,-0.000323,0.000248,0.001400,0.032889,0.004291,0.039491,0.032889,0.004291,0.039491,0.001422,-0.001008,-0.003950,0.001422,-0.001008,-0.003950,-0.002628,-0.008047,-0.002390,0.023834,0.002325,0.011400,0.003951,-0.002628,-0.008047,-0.002390,0.023834,0.002325,0.011400,0.003951
0.031000,0.306803,-0.000212,0.486729,0.306826,-0.000190,0.486794,0.306826,-0.000190,0.486794,0.000023,0.000022,0.000065,0.000031,-0.000087,0.000066,-0.001473,-0.000002,-0.002668,0.000000,0.000000,0.000000,0.000418,0.003066,-0.000317,0.032241,0.002249,0.059887,0.032241,0.002249,0.059887,-0.001546,-0.009461,0.001217,-0.001546,-0.009461,0.001217,0.001916,-0.022879,0.002698,0.041843,-0.001071,0.021514,-0.001214,0.001916,-0.022879,0.002698,0.041843,-0.001071,0.021514,-0.001214
0.032000,0.306802,-0.000215,0.486724,0.306826,-0.000190,0.486794,0.306826,-0.000190,0.486794,0.000024,0.000026,0.000069,0.000029,-0.000095,0.000080,-0.001788,-0.002700,-0.002831,0.000000,0.000000,0.000000,0.002887,0.004274,-0.008694,0.038691,0.056562,0.063553,0.038691,0.056562,0.063553,-0.011433,-0.013104,0.026401,-0.011433,-0.013104,0.026401,0.043793,-0.026702,0.045237,0.048035,0.000470,0.026838,-0.026398,0.043793,-0.026702,0.045237,0.048035,0.000470,0.026838,-0.026398
0.033000,0.306799,-0.000214,0.486721,0.306826,-0.000190,0.486794,0.306826,-0.000190,0.486794,0.000027,0.000025,0.000073,0.000033,-0.000100,0.000069,-0.002611,-0.001242,-0.004327,0.000000,0.000000,0.000000,0.001718,0.007161,-0.002362,0.055473,0.027300,0.093852,0.055473,0.027300,0.093852,-0.006739,-0.021781,0.007363,-0.006739,-0.021781,0.007363,0.015773,-0.042070,0.018919,0.073155,-0.000987,0.041709,-0.007357,0.015773,-0.042070,0.018919,0.073155,-0.000987,0.041709,-0.007357
0.034000,0.306798,-0.000214,0.486718,0.306826,-0.000190,0.486794,0.306826,-0.000190,0.486794,0.000029,0.000024,0.000075,0.000037,-0.000103,0.000072,-0.002549,-0.000558,-0.003469,0.000000,0.000000,0.000000,0.000431,0.005287,-0.002790,0.054395,0.013553,0.076914,0.054395,0.013553,0.076914,-0.001578,-0.016171,0.008660,-0.001578,-0.016171,0.008660,0.012836,-0.031397,0.011682,0.059407,0.001278,0.034383,-0.008656,0.012836,-0.031397,0.011682,0.059407,0.001278,0.034383,-0.008656
0.035000,0.306795,-0.000215,0.486713,0.306826,-0.000190,0.486794,0.306826,-0.000190,0.486794,0.000031,0.000026,0.000080,0.000030,-0.000110,0.000077,-0.002536,-0.000986,-0.004610,0.000000,0.000000,0.000000,0.002541,0.008315,-0.002517,0.054452,0.022284,0.100251,0.054452,0.022284,0.100251,-0.010042,-0.025274,0.007858,-0.010042,-0.025274,0.007858,0.014734,-0.047695,0.019972,0.079544,-0.005344,0.045550,-0.007852,0.014734,-0.047695,0.019972,0.079544,-0.005344,0.045550,-0.007852
0.036000,0.306793,-0.000214,0.486708,0.306826,-0.000190,0.486794,0.306826,-0.000190,0.486794,0.000033,0.000024,0.000086,0.000029,-0.000119,0.000071,-0.002397,-0.000159,-0.005207,0.000000,0.000000,0.000000,0.002196,0.009862,0.000368,0.051930,0.005567,0.112724,0.051930,0.005567,0.112724,-0.008666,-0.029942,-0.000819,-0.008666,-0.029942,-0.000819,0.000914,-0.056598,0.007399,0.089789,-0.007484,0.050782,0.000827,0.000914,-0.056598,0.007399,0.089789,-0.007484,0.050782,0.000827
0.037000,0.306791,-0.000214,0.486704,0.306826,-0.000190,0.486794,0.306826,-0.000190,0.486794,0.000035,0.000024,0.000090,0.000030,-0.000123,0.000079,-0.003147,-0.000147,-0.005845,0.000000,0.000000,0.000000,0.001130,0.010551,-0.002264,0.067162,0.005322,0.125880,0.067162,0.005322,0.125880,-0.004400,-0.032021,0.007108,-0.004400,-0.032021,0.007108,0.008761,-0.060363,0.009900,0.100011,-0.003271,0.057223,-0.007099,0.008761,-0.060363,0.009900,0.100011,-0.003271,0.057223,-0.007099
0.038000,0.306789,-0.000213,0.486702,0.306826,-0.000190,0.486794,0.306826,-0.000190,0.486794,0.000037,0.000023,0.000091,0.000031,-0.000123,0.000069,-0.002858,0.000258,-0.002933,0.000000,0.000000,0.000000,0.000606,0.003475,0.001809,0.061642,-0.002894,0.067801,0.061642,-0.002894,0.067801,-0.002300,-0.010793,-0.005152,-0.002300,-0.010793,-0.005152,-0.006031,-0.022077,-0.002944,0.050639,-0.002905,0.029725,0.005155,-0.006031,-0.022077,-0.002944,0.050639,-0.002905,0.029725,0.005155
0.039000,0.306786,-0.000212,0.486697,0.306826,-0.000190,0.486794,0.306826,-0.000190,0.486794,0.000041,0.000023,0.000097,0.000032,-0.000134,0.000070,-0.001923,-0.000788,-0.003692,0.000000,0.000000,0.000000,0.000187,0.002294,-0.002525,0.043344,0.018029,0.083553,0.043344,0.018029,0.083553,-0.000620,-0.007284,0.007855,-0.000620,-0.007284,0.007855,0.013400,-0.026248,0.011897,0.052233,0.003172,0.023752,-0.007853,0.013400,-0.026248,0.011897,0.052233,0.003172,0.023752,-0.007853
0.040000,0.306784,-0.000212,0.486693,0.306826,-0.000190,0.486794,0.306826,-0.000190,0.486794,0.000042,0.000022,0.000101,0.000033,-0.000138,0.000070,-0.001759,-0.000428,-0.004042,0.000000,0.000000,0.000000,0.000150,0.004371,-0.001828,0.040258,0.010750,0.090934,0.040258,0.010750,0.090934,-0.000468,-0.013525,0.005765,-0.000468,-0.013525,0.005765,0.009075,-0.035251,0.007929,0.061579,0.001795,0.029993,-0.005761,0.009075,-0.035251,0.007929,0.061579,0.001795,0.029993,-0.005761
0.041000,0.306783,-0.000211,0.486689,0.306826,-0.000190,0.486794,0.306826,-0.000190,0.486794,0.000043,0.000021,0.000105,0.000033,-0.000145,0.000067,-0.000904,-0.000180,-0.002791,0.000000,0.000000,0.000000,-0.000275,0.002967,-0.000590,0.023273,0.005749,0.066318,0.023273,0.005749,0.066318,0.001235,-0.009335,0.002040,0.001235,-0.009335,0.002040,0.003808,-0.026116,0.002448,0.043610,0.002445,0.020064,-0.002038,0.003808,-0.026116,0.002448,0.043610,0.002445,0.020064,-0.002038
0.042000,0.306780,-0.000211,0.486685,0.306826,-0.000190,0.486794,0.306826,-0.000190,0.486794,0.000046,0.000021,0.000109,0.000038,-0.000148,0.000065,-0.001578,-0.000780,-0.004651,0.000000,0.000000,0.000000,-0.005314,0.006771,-0.000030,0.037092,0.017705,0.103924,0.037092,0.017705,0.103924,0.021407,-0.020758,0.000352,0.021407,-0.020758,0.000352,0.005788,-0.046985,-0.009126,0.074544,0.025135,0.037692,-0.000347,0.005788,-0.046985,-0.009126,0.074544,0.025135,0.037692,-0.000347
0.043000,0.306779,-0.000211,0.486679,0.306826,-0.000190,0.486794,0.306826,-0.000190,0.486794,0.000048,0.000021,0.000115,0.000033,-0.000157,0.000067,-0.001891,-0.000813,-0.006793,0.000000,0.000000,0.000000,-0.003257,0.012097,-0.000613,0.043534,0.018368,0.147378,0.043534,0.018368,0.147378,0.013163,-0.036763,0.002106,0.013163,-0.036763,0.002106,0.007757,-0.075415,-0.001822,0.111890,0.017034,0.058869,-0.002097,0.007757,-0.075415,-0.001822,0.111890,0.017034,0.058869,-0.002097
0.044000,0.306777,-0.000211,0.486675,0.306826,-0.000190,0.486794,0.306826,-0.000190,0.486794,0.000049,0.000021,0.000119,0.000035,-0.000160,0.000071,-0.002327,-0.000467,-0.005661,0.000000,0.000000,0.000000,-0.003119,0.009204,-0.004694,0.052449,0.011438,0.125154,0.052449,0.011438,0.125154,0.012614,-0.028093,0.014365,0.012614,-0.028093,0.014365,0.017882,-0.058488,0.004963,0.093860,0.015022,0.050130,-0.014358,0.017882,-0.058488,0.004963,0.093860,0.015022,0.050130,-0.014358
0.045000,0.306775,-0.000209,0.486672,0.306826,-0.000190,0.486794,0.306826,-0.000190,0.486794,0.000051,0.000019,0.000121,0.000035,-0.000162,0.000064,-0.002212,-0.000130,-0.004782,0.000000,0.000000,0.000000,-0.002070,0.007889,-0.001906,0.050415,0.004512,0.107772,0.050415,0.004512,0.107772,0.008422,-0.024152,0.005973,0.008422,-0.024152,0.005973,0.007371,-0.049502,-0.000253,0.081459,0.009375,0.044235,-0.005967,0.007371,-0.049502,-0.000253,0.081459,0.009375,0.044235,-0.005967
0.046000,0.306772,-0.000210,0.486667,0.306826,-0.000190,0.486794,0.306826,-0.000190,0.486794,0.000054,0.000020,0.000127,0.000033,-0.000172,0.000066,-0.001571,-0.000388,-0.003823,0.000000,0.000000,0.000000,-0.001099,0.006642,-0.002969,0.037872,0.009781,0.089187,0.037872,0.009781,0.089187,0.004528,-0.020442,0.009168,0.004528,-0.020442,0.009168,0.012179,-0.042012,0.006475,0.067379,0.006588,0.036254,-0.009163,0.012179,-0.042012,0.006475,0.067379,0.006588,0.036254,-0.009163
0.047000,0.306770,-0.000211,0.486664,0.306826,-0.000190,0.486794,0.306826,-0.000190,0.486794,0.000056,0.000021,0.000130,0.000035,-0.000174,0.000069,-0.001671,-0.000308,-0.003562,0.000000,0.000000,0.000000,-0.000458,0.006258,-0.002551,0.040130,0.008265,0.084255,0.040130,0.008265,0.084255,0.001972,-0.019296,0.007928,0.001972,-0.019296,0.007928,0.010477,-0.038998,0.006917,0.064194,0.003713,0.035150,-0.007922,0.010477,-0.038998,0.006917,0.064194,0.003713,0.035150,-0.007922
0.048000,0.306767,-0.000210,0.486659,0.306826,-0.000190,0.486794,0.306826,-0.000190,0.486794,0.000059,0.000020,0.000134,0.000037,-0.000179,0.000062,-0.002367,0.000075,-0.003482,0.000000,0.000000,0.000000,-0.000992,0.005361,0.000751,0.054459,0.000537,0.083059,0.054459,0.000537,0.083059,0.004118,-0.016619,-0.002005,0.004118,-0.016619,-0.002005,-0.001831,-0.033725,-0.004147,0.062771,0.004236,0.035380,0.002009,-0.001831,-0.033725,-0.004147,0.062771,0.004236,0.035380,0.002009
0.049000,0.306765,-0.000210,0.486655,0.306826,-0.000190,0.486794,0.306826,-0.000190,0.486794,0.000061,0.000020,0.000139,0.000038,-0.000187,0.000066,-0.002406,0.000332,-0.003571,0.000000,0.000000,0.000000,-0.000747,0.005172,-0.000407,0.055454,-0.004632,0.085346,0.055454,-0.004632,0.085346,0.003139,-0.016076,0.001488,0.003139,-0.016076,0.001488,0.000071,-0.033729,-0.002674,0.063434,0.002167,0.035249,-0.001483,0.000071,-0.033729,-0.002674,0.063434,0.002167,0.035249,-0.001483
0.050000,0.306763,-0.000209,0.486652,0.306826,-0.000190,0.486794,0.306826,-0.000190,0.486794,0.000063,0.000019,0.000142,0.000032,-0.000186,0.000064,-0.002719,0.000286,-0.002449,0.000000,0.000000,0.000000,0.000351,0.001688,0.000047,0.061929,-0.003837,0.063133,0.061929,-0.003837,0.063133,-0.001278,-0.005621,0.000115,-0.001278,-0.005621,0.000115,-0.001053,-0.015419,-0.000257,0.043295,-0.002085,0.024204,-0.000113,-0.001053,-0.015419,-0.000257,0.043295,-0.002085,0.024204,-0.000113
0.051000,0.306761,-0.000210,0.486648,0.306826,-0.000190,0.486794,0.306826,-0.000190,0.486794,0.000065,0.000020,0.000146,0.000028,-0.000193,0.000065,-0.002851,-0.000184,-0.002603,0.000000,0.000000,0.000000,0.000985,0.002275,0.000146,0.064856,0.005695,0.066626,0.064856,0.005695,0.066626,-0.003826,-0.007404,-0.000177,-0.003826,-0.007404,-0.000177,0.001589,-0.017825,0.004460,0.047100,-0.002625,0.026910,0.000179,0.001589,-0.017825,0.004460,0.047100,-0.002625,0.026910,0.000179
0.052000,0.306758,-0.000209,0.486643,0.306826,-0.000190,0.486794,0.306826,-0.000190,0.486794,0.000069,0.000019,0.000151,0.000030,-0.000202,0.000070,-0.003232,0.000032,-0.002844,0.000000,0.000000,0.000000,-0.000159,0.002880,-0.005909,0.072869,0.001275,0.071939,0.072869,0.001275,0.071939,0.000759,-0.009246,0.018009,0.000759,-0.009246,0.018009,0.018410,-0.020053,0.012624,0.052462,0.001023,0.030908,-0.018007,0.018410,-0.020053,0.012624,0.052462,0.001023,0.030908,-0.018007
0.053000,0.306756,-0.000210,0.486640,0.306826,-0.000190,0.486794,0.306826,-0.000190,0.486794,0.000070,0.000020,0.000154,0.000033,-0.000200,0.000069,-0.003152,-0.000216,-0.002617,0.000000,0.000000,0.000000,0.000029,0.001440,-0.003780,0.071477,0.006358,0.067690,0.071477,0.006358,0.067690,0.000015,-0.004921,0.011618,0.000015,-0.004921,0.011618,0.013583,-0.014628,0.010296,0.045944,0.001350,0.025914,-0.011617,0.013583,-0.014628,0.010296,0.045944,0.001350,0.025914,-0.011617
0.054000,0.306753,-0.000209,0.486638,0.306826,-0.000190,0.486794,0.306826,-0.000190,0.486794,0.000073,0.000020,0.000156,0.000033,-0.000201,0.000067,-0.003238,0.000143,-0.001940,0.000000,0.000000,0.000000,0.000444,-0.000237,-0.002940,0.073514,-0.000901,0.054375,0.073514,-0.000901,0.054375,-0.001646,0.000109,0.009087,-0.001646,0.000109,0.009087,0.008821,-0.005182,0.007306,0.034876,-0.001840,0.020141,-0.009087,0.008821,-0.005182,0.007306,0.034876,-0.001840,0.020141,-0.009087
0.055000,0.306750,-0.000210,0.486633,0.306826,-0.000190,0.486794,0.306826,-0.000190,0.486794,0.000076,0.000020,0.000161,0.000035,-0.000210,0.000072,-0.003486,0.000031,-0.002988,0.000000,0.000000,0.000000,-0.000312,0.002404,-0.002696,0.078854,0.001422,0.075889,0.078854,0.001422,0.075889,0.001387,-0.007842,0.008377,0.001387,-0.007842,0.008377,0.008822,-0.018922,0.005421,0.053671,0.001685,0.031107,-0.008374,0.008822,-0.018922,0.005421,0.053671,0.001685,0.031107,-0.008374
0.056000,0.306748,-0.000211,0.486633,0.306826,-0.000190,0.486794,0.306826,-0.000190,0.486794,0.000078,0.000021,0.000161,0.000035,-0.000203,0.000069,-0.002905,-0.000057,-0.002247,0.000000,0.000000,0.000000,-0.000264,0.001381,-0.000502,0.067454,0.003224,0.061043,0.067454,0.003224,0.061043,0.001195,-0.004754,0.001783,0.001195,-0.004754,0.001783,0.002784,-0.013052,0.001479,0.042139,0.001874,0.024314,-0.001782,0.002784,-0.013052,0.001479,0.042139,0.001874,0.024314,-0.001782
0.057000,0.306745,-0.000212,0.486626,0.306826,-0.000190,0.486794,0.306826,-0.000190,0.486794,0.000081,0.000022,0.000168,0.000035,-0.000213,0.000077,-0.002978,-0.000580,-0.005547,0.000000,0.000000,0.000000,-0.000180,0.009026,-0.003691,0.069277,0.013796,0.127704,0.069277,0.013796,0.127704,0.000859,-0.027716,0.011384,0.000859,-0.027716,0.011384,0.015634,-0.056279,0.011961,0.096832,0.003765,0.053521,-0.011376,0.015634,-0.056279,0.011961,0.096832,0.003765,0.053521,-0.011376
0.058000,0.306743,-0.000210,0.486622,0.306826,-0.000190,0.486794,0.306826,-0.000190,0.486794,0.000084,0.000020,0.000172,0.000037,-0.000218,0.000064,-0.002713,0.000284,-0.005945,0.000000,0.000000,0.000000,-0.000754,0.011449,0.001560,0.064292,-0.003710,0.136061,0.064292,-0.003710,0.136061,0.003165,-0.035001,-0.004424,0.003165,-0.035001,-0.004424,-0.005552,-0.066933,-0.006563,0.107445,0.002394,0.060487,0.004433,-0.005552,-0.066933,-0.006563,0.107445,0.002394,0.060487,0.004433
0.059000,0.306739,-0.000212,0.486619,0.306826,-0.000190,0.486794,0.306826,-0.000190,0.486794,0.000087,0.000022,0.000175,0.000037,-0.000219,0.000073,-0.002399,-0.000405,-0.005962,0.000000,0.000000,0.000000,-0.000316,0.006319,-0.001380,0.058394,0.010315,0.136738,0.058394,0.010315,0.136738,0.001410,-0.019613,0.004434,0.001410,-0.019613,0.004434,0.007615,-0.052627,0.005524,0.091590,0.003582,0.043918,-0.004429,0.007615,-0.052627,0.005524,0.091590,0.003582,0.043918,-0.004429
0.060000,0.306736,-0.000213,0.486614,0.306826,-0.000190,0.486794,0.306826,-0.000190,0.486794,0.000090,0.000023,0.000180,0.000032,-0.000228,0.000079,-0.002678,-0.000801,-0.005254,0.000000,0.000000,0.000000,0.001238,0.005961,-0.003444,0.064382,0.018355,0.123067,0.064382,0.018355,0.123067,-0.004825,-0.018566,0.010649,-0.004825,-0.018566,0.010649,0.016314,-0.046440,0.016972,0.084853,-0.000961,0.042934,-0.010644,0.016314,-0.046440,0.016972,0.084853,-0.000961,0.042934,-0.010644
0.061000,0.306733,-0.000213,0.486609,0.306826,-0.000190,0.486794,0.306826,-0.000190,0.486794,0.000093,0.000023,0.000184,0.000039,-0.000235,0.000071,-0.002217,-0.000185,-0.005678,0.000000,0.000000,0.000000,-0.000232,0.008492,0.000955,0.055471,0.006034,0.131978,0.055471,0.006034,0.131978,0.001081,-0.026181,-0.002582,0.001081,-0.026181,-0.002582,-0.000717,-0.058203,-0.000604,0.095561,0.002358,0.049452,0.002589,-0.000717,-0.058203,-0.000604,0.095561,0.002358,0.049452,0.002589
0.062000,0.306730,-0.000215,0.486606,0.306826,-0.000190,0.486794,0.306826,-0.000190,0.486794,0.000096,0.000025,0.000188,0.000035,-0.000239,0.000082,-0.002535,-0.000907,-0.004804,0.000000,0.000000,0.000000,0.000461,0.006164,-0.003565,0.062209,0.020625,0.114890,0.062209,0.020625,0.114890,-0.001704,-0.019208,0.011022,-0.001704,-0.019208,0.011022,0.017376,-0.044909,0.015757,0.081368,0.002637,0.042400,-0.011017,0.017376,-0.044909,0.015757,0.081368,0.002637,0.042400,-0.011017
0.063000,0.306728,-0.000215,0.486602,0.306826,-0.000190,0.486794,0.306826,-0.000190,0.486794,0.000099,0.000025,0.000192,0.000032,-0.000240,0.000084,-0.003130,-0.000280,-0.005504,0.000000,0.000000,0.000000,0.000592,0.007300,-0.002007,0.074424,0.008095,0.129275,0.074424,0.008095,0.129275,-0.002241,-0.022621,0.006356,-0.002241,-0.022621,0.006356,0.008858,-0.050849,0.008748,0.093122,-0.000534,0.049646,-0.006349,0.008858,-0.050849,0.008748,0.093122,-0.000534,0.049646,-0.006349
0.064000,0.306725,-0.000215,0.486599,0.306826,-0.000190,0.486794,0.306826,-0.000190,0.486794,0.000101,0.000026,0.000195,0.000032,-0.000242,0.000083,-0.002830,-0.000557,-0.002879,0.000000,0.000000,0.000000,0.000393,0.001935,-0.001104,0.068774,0.013703,0.077037,0.068774,0.013703,0.077037,-0.001443,-0.006532,0.003644,-0.001443,-0.006532,0.003644,0.007865,-0.019543,0.008101,0.051639,0.001441,0.027777,-0.003642,0.007865,-0.019543,0.008101,0.051639,0.001441,0.027777,-0.003642
0.065000,0.306722,-0.000217,0.486594,0.306826,-0.000190,0.486794,0.306826,-0.000190,0.486794,0.000104,0.000028,0.000199,0.000030,-0.000246,0.000091,-0.003018,-0.000826,-0.005134,0.000000,0.000000,0.000000,0.000611,0.007319,-0.003231,0.072851,0.019273,0.122611,0.072851,0.019273,0.122611,-0.002323,-0.022693,0.010059,-0.002323,-0.022693,0.010059,0.016001,-0.049122,0.015078,0.089853,0.001736,0.048802,-0.010053,0.016001,-0.049122,0.015078,0.089853,0.001736,0.048802,-0.010053
0.066000,0.306720,-0.000220,0.486591,0.306826,-0.000190,0.486794,0.306826,-0.000190,0.486794,0.000106,0.000030,0.000203,0.000031,-0.000249,0.000091,-0.002863,-0.001030,-0.004077,0.000000,0.000000,0.000000,0.001005,0.004935,-0.001975,0.070033,0.023591,0.101826,0.070033,0.023591,0.101826,-0.003895,-0.015552,0.006292,-0.003895,-0.015552,0.006292,0.013558,-0.036012,0.014940,0.072536,0.001073,0.039242,-0.006287,0.013558,-0.036012,0.014940,0.072536,0.001073,0.039242,-0.006287
0.067000,0.306716,-0.000219,0.486586,0.306826,-0.000190,0.486794,0.306826,-0.000190,0.486794,0.000110,0.000029,0.000208,0.000035,-0.000256,0.000089,-0.003356,-0.000367,-0.004271,0.000000,0.000000,0.000000,-0.000321,0.005818,-0.000537,0.080292,0.010251,0.106217,0.080292,0.010251,0.106217,0.001422,-0.018221,0.001968,0.001422,-0.018221,0.001968,0.005128,-0.038432,0.003756,0.078580,0.003583,0.044453,-0.001963,0.005128,-0.038432,0.003756,0.078580,0.003583,0.044453,-0.001963
0.068000,0.306713,-0.000219,0.486581,0.306826,-0.000190,0.486794,0.306826,-0.000190,0.486794,0.000113,0.000029,0.000213,0.000031,-0.000264,0.000095,-0.003413,-0.000425,-0.006165,0.000000,0.000000,0.000000,0.000183,0.011011,-0.002452,0.081808,0.011412,0.144592,0.081808,0.011412,0.144592,-0.000607,-0.033824,0.007738,-0.000607,-0.033824,0.007738,0.011262,-0.065654,0.009650,0.112517,0.001801,0.063748,-0.007728,0.011262,-0.065654,0.009650,0.112517,0.001801,0.063748,-0.007728
0.069000,0.306711,-0.000220,0.486578,0.306826,-0.000190,0.486794,0.306826,-0.000190,0.486794,0.000115,0.000030,0.000216,0.000031,-0.000266,0.000093,-0.003174,-0.000489,-0.005059,0.000000,0.000000,0.000000,0.000767,0.007817,-0.000786,0.077298,0.012801,0.122801,0.077298,0.012801,0.122801,-0.002942,-0.024251,0.002728,-0.002942,-0.024251,0.002728,0.006676,-0.050049,0.008218,0.092073,-0.000242,0.051312,-0.002721,0.006676,-0.050049,0.008218,0.092073,-0.000242,0.051312,-0.002721
0.070000,0.306708,-0.000221,0.486570,0.306826,-0.000190,0.486794,0.306826,-0.000190,0.486794,0.000118,0.000031,0.000223,0.000033,-0.000278,0.000101,-0.003860,-0.001311,-0.006716,0.000000,0.000000,0.000000,0.000026,0.011588,-0.004669,0.091420,0.029338,0.156654,0.091420,0.029338,0.156654,0.000029,-0.035595,0.014412,0.000029,-0.035595,0.014412,0.023445,-0.069651,0.019781,0.121197,0.006209,0.068600,-0.014402,0.023445,-0.069651,0.019781,0.121197,0.006209,0.068600,-0.014402
0.071000,0.306706,-0.000223,0.486567,0.306826,-0.000190,0.486794,0.306826,-0.000190,0.486794,0.000120,0.000033,0.000226,0.000031,-0.000281,0.000104,-0.003534,-0.001656,-0.005123,0.000000,0.000000,0.000000,0.000715,0.007912,-0.004377,0.085131,0.036406,0.125076,0.085131,0.036406,0.125076,-0.002734,-0.024580,0.013548,-0.002734,-0.024580,0.013548,0.024753,-0.049870,0.023444,0.094465,0.004931,0.053489,-0.013541,0.024753,-0.049870,0.023444,0.094465,0.004931,0.053489,-0.013541
0.072000,0.306703,-0.000221,0.486562,0.306826,-0.000190,0.486794,0.306826,-0.000190,0.486794,0.000124,0.000031,0.000232,0.000029,-0.000288,0.000100,-0.003669,-0.000843,-0.004505,0.000000,0.000000,0.000000,0.000240,0.005771,-0.002892,0.088226,0.019976,0.113275,0.088226,0.019976,0.113275,-0.000843,-0.018177,0.009076,-0.000843,-0.018177,0.009076,0.015232,-0.039324,0.013572,0.082868,0.003363,0.046700,-0.009071,0.015232,-0.039324,0.013572,0.082868,0.003363,0.046700,-0.009071
0.073000,0.306700,-0.000221,0.486558,0.306826,-0.000190,0.486794,0.306826,-0.000190,0.486794,0.000126,0.000032,0.000236,0.000035,-0.000292,0.000103,-0.003712,-0.000403,-0.003632,0.000000,0.000000,0.000000,-0.001087,0.003547,-0.001528,0.089398,0.011213,0.096246,0.089398,0.011213,0.096246,0.004489,-0.011519,0.004993,0.004489,-0.011519,0.004993,0.008442,-0.027221,0.004045,0.068302,0.006849,0.038789,-0.004991,0.008442,-0.027221,0.004045,0.068302,0.006849,0.038789,-0.004991
0.074000,0.306697,-0.000222,0.486553,0.306826,-0.000190,0.486794,0.306826,-0.000190,0.486794,0.000130,0.000032,0.000240,0.000033,-0.000297,0.000104,-0.004098,-0.000575,-0.004476,0.000000,0.000000,0.000000,-0.000770,0.005136,-0.001285,0.097520,0.014712,0.113567,0.097520,0.014712,0.113567,0.003211,-0.016298,0.004272,0.003211,-0.016298,0.004272,0.008803,-0.036069,0.005585,0.082289,0.006310,0.046799,-0.004268,0.008803,-0.036069,0.005585,0.082289,0.006310,0.046799,-0.004268
0.075000,0.306693,-0.000222,0.486547,0.306826,-0.000190,0.486794,0.306826,-0.000190,0.486794,0.000133,0.000032,0.000247,0.000035,-0.000309,0.000107,-0.003982,-0.000177,-0.007067,0.000000,0.000000,0.000000,-0.000667,0.012152,-0.001529,0.095581,0.006729,0.166021,0.095581,0.006729,0.166021,0.002809,-0.037383,0.005013,0.002809,-0.037383,0.005013,0.007089,-0.073671,0.003769,0.127938,0.004232,0.072084,-0.005003,0.007089,-0.073671,0.003769,0.127938,0.004232,0.072084,-0.005003
0.076000,0.306692,-0.000222,0.486543,0.306826,-0.000190,0.486794,0.306826,-0.000190,0.486794,0.000134,0.000032,0.000251,0.000031,-0.000314,0.000109,-0.002968,-0.000446,-0.006485,0.000000,0.000000,0.000000,0.000154,0.011810,-0.001794,0.075431,0.012151,0.154831,0.075431,0.012151,0.154831,-0.000493,-0.036370,0.005819,-0.000493,-0.036370,0.005819,0.009565,-0.072355,0.008445,0.119095,0.002072,0.065850,-0.005809,0.009565,-0.072355,0.008445,0.119095,0.002072,0.065850,-0.005809
0.077000,0.306689,-0.000222,0.486538,0.306826,-0.000190,0.486794,0.306826,-0.000190,0.486794,0.000137,0.000032,0.000256,0.000031,-0.000321,0.000107,-0.002778,-0.000354,-0.006131,0.000000,0.000000,0.000000,-0.000099,0.011540,-0.000497,0.072007,0.010306,0.148240,0.072007,0.010306,0.148240,0.000520,-0.035583,0.001917,0.000520,-0.035583,0.001917,0.005096,-0.070067,0.004367,0.114763,0.002698,0.063762,-0.001907,0.005096,-0.070067,0.004367,0.114763,0.002698,0.063762,-0.001907
0.078000,0.306686,-0.000225,0.486534,0.306826,-0.000190,0.486794,0.306826,-0.000190,0.486794,0.000140,0.000035,0.000260,0.000031,-0.000325,0.000115,-0.002996,-0.001723,-0.006735,0.000000,0.000000,0.000000,0.000993,0.012930,-0.005640,0.076775,0.037973,0.160671,0.076775,0.037973,0.160671,-0.003851,-0.039767,0.017383,-0.003851,-0.039767,0.017383,0.029064,-0.077367,0.027423,0.125424,0.004145,0.070042,-0.017371,0.029064,-0.077367,0.027423,0.125424,0.004145,0.070042,-0.017371
0.079000,0.306683,-0.000224,0.486526,0.306826,-0.000190,0.486794,0.306826,-0.000190,0.486794,0.000143,0.000034,0.000267,0.000030,-0.000339,0.000110,-0.003050,-0.000612,-0.006304,0.000000,0.000000,0.000000,-0.000347,0.011080,-0.001579,0.078205,0.015614,0.152816,0.078205,0.015614,0.152816,0.001506,-0.034254,0.005179,0.001506,-0.034254,0.005179,0.009977,-0.069175,0.007698,0.116376,0.004799,0.064139,-0.005170,0.009977,-0.069175,0.007698,0.116376,0.004799,0.064139,-0.005170
0.080000,0.306680,-0.000223,0.486525,0.306826,-0.000190,0.486794,0.306826,-0.000190,0.486794,0.000146,0.000034,0.000269,0.000033,-0.000336,0.000111,-0.003141,-0.000363,-0.004459,0.000000,0.000000,0.000000,-0.000074,0.006687,-0.001768,0.080319,0.010610,0.116067,0.080319,0.010610,0.116067,0.000430,-0.021070,0.005747,0.000430,-0.021070,0.005747,0.009019,-0.044320,0.007243,0.086098,0.002666,0.048174,-0.005741,0.009019,-0.044320,0.007243,0.086098,0.002666,0.048174,-0.005741
0.081000,0.306677,-0.000223,0.486521,0.306826,-0.000190,0.486794,0.306826,-0.000190,0.486794,0.000149,0.000033,0.000273,0.000035,-0.000341,0.000110,-0.003134,-0.000059,-0.006265,0.000000,0.000000,0.000000,-0.000204,0.011214,-0.001183,0.080556,0.004475,0.152604,0.080556,0.004475,0.152604,0.000953,-0.034667,0.003989,0.000953,-0.034667,0.003989,0.005374,-0.069160,0.003619,0.116991,0.001902,0.065028,-0.003980,0.005374,-0.069160,0.003619,0.116991,0.001902,0.065028,-0.003980
0.082000,0.306673,-0.000223,0.486515,0.306826,-0.000190,0.486794,0.306826,-0.000190,0.486794,0.000153,0.000033,0.000279,0.000034,-0.000350,0.000107,-0.003529,-0.000058,-0.005532,0.000000,0.000000,0.000000,0.000260,0.009280,0.000093,0.088897,0.004438,0.138493,0.088897,0.004438,0.138493,-0.000903,-0.028892,0.000148,-0.000903,-0.028892,0.000148,0.001530,-0.057726,0.002218,0.105606,0.000040,0.059770,-0.000140,0.001530,-0.057726,0.002218,0.105606,0.000040,0.059770,-0.000140
0.083000,0.306671,-0.000222,0.486511,0.306826,-0.000190,0.486794,0.306826,-0.000190,0.486794,0.000155,0.000032,0.000283,0.000032,-0.000355,0.000108,-0.003068,0.000055,-0.005795,0.000000,0.000000,0.000000,-0.000063,0.010437,-0.000217,0.079959,0.002078,0.144211,0.079959,0.002078,0.144211,0.000377,-0.032375,0.001081,0.000377,-0.032375,0.001081,0.001737,-0.064372,0.001197,0.110663,0.000824,0.061874,-0.001072,0.001737,-0.064372,0.001197,0.110663,0.000824,0.061874,-0.001072
0.084000,0.306669,-0.000222,0.486507,0.306826,-0.000190,0.486794,0.306826,-0.000190,0.486794,0.000157,0.000032,0.000287,0.000035,-0.000360,0.000105,-0.002980,0.000379,-0.004697,0.000000,0.000000,0.000000,-0.000830,0.007675,-0.002363,0.078485,-0.004388,0.122652,0.078485,-0.004388,0.122652,0.003458,-0.024106,0.007509,0.003458,-0.024106,0.007509,0.006169,-0.049676,0.001436,0.092019,0.002536,0.051403,-0.007504,0.006169,-0.049676,0.001436,0.092019,0.002536,0.051403,-0.007504
0.085000,0.306665,-0.000221,0.486500,0.306826,-0.000190,0.486794,0.306826,-0.000190,0.486794,0.000161,0.000031,0.000293,0.000036,-0.000371,0.000107,-0.003490,0.000288,-0.004794,0.000000,0.000000,0.000000,-0.000315,0.007379,-0.003744,0.089152,-0.002613,0.125229,0.089152,-0.002613,0.125229,0.001402,-0.023249,0.011660,0.001402,-0.023249,0.011660,0.010868,-0.047947,0.006409,0.093726,0.000852,0.053019,-0.011654,0.010868,-0.047947,0.006409,0.093726,0.000852,0.053019,-0.011654
0.086000,0.306662,-0.000222,0.486498,0.306826,-0.000190,0.486794,0.306826,-0.000190,0.486794,0.000164,0.000032,0.000295,0.000033,-0.000372,0.000104,-0.002764,0.000170,-0.004030,0.000000,0.000000,0.000000,0.000185,0.006631,-0.001679,0.074968,-0.000198,0.110136,0.074968,-0.000198,0.110136,-0.000606,-0.021010,0.005453,-0.000606,-0.021010,0.005453,0.005408,-0.043274,0.004235,0.082571,-0.000644,0.046469,-0.005447,0.005408,-0.043274,0.004235,0.082571,-0.000644,0.046469,-0.005447
0.087000,0.306660,-0.000219,0.486494,0.306826,-0.000190,0.486794,0.306826,-0.000190,0.486794,0.000166,0.000029,0.000300,0.000038,-0.000377,0.000092,-0.001852,0.000789,-0.003386,0.000000,0.000000,0.000000,-0.000969,0.000883,0.001347,0.056936,-0.012895,0.097709,0.056936,-0.012895,0.097709,0.004027,-0.003779,-0.003672,0.004027,-0.003779,-0.003672,-0.007627,-0.024983,-0.009646,0.057153,0.001313,0.024346,0.003672,-0.007627,-0.024983,-0.009646,0.057153,0.001313,0.024346,0.003672
0.088000,0.306658,-0.000220,0.486490,0.306826,-0.000190,0.486794,0.306826,-0.000190,0.486794,0.000169,0.000030,0.000304,0.000036,-0.000381,0.000102,-0.001803,0.000095,-0.003746,0.000000,0.000000,0.000000,-0.000389,0.002782,-0.002540,0.056303,0.001142,0.105336,0.056303,0.001142,0.105336,0.001701,-0.009492,0.008031,0.001701,-0.009492,0.008031,0.008392,-0.033150,0.004858,0.066395,0.001937,0.030600,-0.008029,0.008392,-0.033150,0.004858,0.066395,0.001937,0.030600,-0.008029
0.089000,0.306654,-0.000219,0.486486,0.306826,-0.000190,0.486794,0.306826,-0.000190,0.486794,0.000172,0.000030,0.000308,0.000033,-0.000386,0.000098,-0.001811,0.000554,-0.003838,0.000000,0.000000,0.000000,0.000780,0.004314,0.001504,0.056866,-0.008111,0.107525,0.056866,-0.008111,0.107525,-0.002991,-0.014099,-0.004120,-0.002991,-0.014099,-0.004120,-0.006593,-0.038353,-0.003418,0.072120,-0.004692,0.035517,0.004125,-0.006593,-0.038353,-0.003418,0.072120,-0.004692,0.035517,0.004125
0.090000,0.306651,-0.000219,0.486481,0.306826,-0.000190,0.486794,0.306826,-0.000190,0.486794,0.000175,0.000029,0.000313,0.000034,-0.000393,0.000099,-0.002047,0.000547,-0.003435,0.000000,0.000000,0.000000,0.000126,0.003310,0.000071,0.061950,-0.008006,0.099978,0.061950,-0.008006,0.099978,-0.000371,-0.011110,0.000181,-0.000371,-0.011110,0.000181,-0.002265,-0.032251,-0.002207,0.066211,-0.002054,0.032935,-0.000178,-0.002265,-0.032251,-0.002207,0.066211,-0.002054,0.032935,-0.000178
0.091000,0.306648,-0.000218,0.486476,0.306826,-0.000190,0.486794,0.306826,-0.000190,0.486794,0.000179,0.000028,0.000318,0.000035,-0.000400,0.000095,-0.002049,0.000533,-0.003968,0.000000,0.000000,0.000000,0.000086,0.005247,0.000527,0.062395,-0.007839,0.111124,0.062395,-0.007839,0.111124,-0.000202,-0.016942,-0.001199,-0.000202,-0.016942,-0.001199,-0.003592,-0.041453,-0.003245,0.077369,-0.001847,0.039840,0.001204,-0.003592,-0.041453,-0.003245,0.077369,-0.001847,0.039840,0.001204
0.092000,0.306644,-0.000219,0.486470,0.306826,-0.000190,0.486794,0.306826,-0.000190,0.486794,0.000182,0.000029,0.000323,0.000034,-0.000411,0.000097,-0.002693,0.000130,-0.003721,0.000000,0.000000,0.000000,0.000249,0.004668,0.001120,0.075753,0.000337,0.106773,0.075753,0.000337,0.106773,-0.000862,-0.015236,-0.002974,-0.000862,-0.015236,-0.002974,-0.002853,-0.036330,-0.001362,0.075301,-0.000784,0.040561,0.002978,-0.002853,-0.036330,-0.001362,0.075301,-0.000784,0.040561,0.002978
0.093000,0.306642,-0.000217,0.486466,0.306826,-0.000190,0.486794,0.306826,-0.000190,0.486794,0.000184,0.000028,0.000328,0.000037,-0.000413,0.000098,-0.002560,0.000521,-0.003262,0.000000,0.000000,0.000000,-0.000485,0.003037,0.000098,0.073306,-0.007660,0.098021,0.073306,-0.007660,0.098021,0.002085,-0.010351,0.000101,0.002085,-0.010351,0.000101,-0.002243,-0.029125,-0.003892,0.065966,0.000474,0.034392,-0.000099,-0.002243,-0.029125,-0.003892,0.065966,0.000474,0.034392,-0.000099
0.094000,0.306639,-0.000216,0.486464,0.306826,-0.000190,0.486794,0.306826,-0.000190,0.486794,0.000187,0.000026,0.000330,0.000037,-0.000413,0.000092,-0.003246,0.000791,-0.003504,0.000000,0.000000,0.000000,-0.000275,0.003022,0.002203,0.087376,-0.013224,0.103081,0.087376,-0.013224,0.103081,0.001247,-0.010305,-0.006243,0.001247,-0.010305,-0.006243,-0.010297,-0.028441,-0.009601,0.070083,-0.001531,0.037749,0.006245,-0.010297,-0.028441,-0.009601,0.070083,-0.001531,0.037749,0.006245
0.095000,0.306636,-0.000216,0.486459,0.306826,-0.000190,0.486794,0.306826,-0.000190,0.486794,0.000190,0.000026,0.000335,0.000035,-0.000419,0.000091,-0.003735,0.000263,-0.002214,0.000000,0.000000,0.000000,0.000467,-0.000933,0.001149,0.097530,-0.002647,0.077752,0.097530,-0.002647,0.077752,-0.001727,0.001541,-0.003086,-0.001727,0.001541,-0.003086,-0.003885,-0.007199,-0.001810,0.047526,-0.002284,0.025812,0.003086,-0.003885,-0.007199,-0.001810,0.047526,-0.002284,0.025812,0.003086
0.096000,0.306634,-0.000216,0.486453,0.306826,-0.000190,0.486794,0.306826,-0.000190,0.486794,0.000193,0.000026,0.000340,0.000036,-0.000427,0.000094,-0.002843,0.000294,-0.002137,0.000000,0.000000,0.000000,-0.000591,-0.004333,-0.000012,0.079964,-0.003250,0.076793,0.079964,-0.003250,0.076793,0.002507,0.011716,0.000411,0.002507,0.011716,0.000411,-0.000582,0.000564,-0.002536,0.034654,0.001816,0.011856,-0.000414,-0.000582,0.000564,-0.002536,0.034654,0.001816,0.011856,-0.000414
0.097000,0.306630,-0.000215,0.486449,0.306826,-0.000190,0.486794,0.306826,-0.000190,0.486794,0.000197,0.000025,0.000345,0.000038,-0.000434,0.000088,-0.002987,0.000601,-0.002101,0.000000,0.000000,0.000000,-0.000978,-0.003255,0.001986,0.083324,-0.009500,0.076481,0.083324,-0.009500,0.076481,0.004061,0.008462,-0.005606,0.004061,0.008462,-0.005606,-0.008522,-0.002084,-0.009928,0.038197,0.002059,0.015788,0.005603,-0.008522,-0.002084,-0.009928,0.038197,0.002059,0.015788,0.005603
0.098000,0.306627,-0.000216,0.486444,0.306826,-0.000190,0.486794,0.306826,-0.000190,0.486794,0.000200,0.000026,0.000350,0.000032,-0.000440,0.000095,-0.003215,0.000290,-0.002186,0.000000,0.000000,0.000000,0.001037,-0.002601,-0.000183,0.088254,-0.003181,0.078715,0.088254,-0.003181,0.078715,-0.004019,0.006485,0.000928,-0.004019,0.006485,0.000928,-0.000033,-0.003983,0.002473,0.041857,-0.004693,0.019003,-0.000929,-0.000033,-0.003983,0.002473,0.041857,-0.004693,0.019003,-0.000929
0.099000,0.306624,-0.000213,0.486439,0.306826,-0.000190,0.486794,0.306826,-0.000190,0.486794,0.000202,0.000024,0.000354,0.000039,-0.000449,0.000086,-0.002931,0.000674,-0.004081,0.000000,0.000000,0.000000,-0.000995,0.003458,0.001829,0.082905,-0.011123,0.117043,0.082905,-0.011123,0.117043,0.004137,-0.011720,-0.005143,0.004137,-0.011720,-0.005143,-0.008553,-0.034846,-0.010184,0.077527,0.001799,0.039449,0.005145,-0.008553,-0.034846,-0.010184,0.077527,0.001799,0.039449,0.005145
0.100000,0.306620,-0.000213,0.486436,0.306826,-0.000190,0.486794,0.306826,-0.000190,0.486794,0.000206,0.000023,0.000358,0.000039,-0.000452,0.000083,-0.003321,0.000450,-0.003454,0.000000,0.000000,0.000000,-0.000663,0.002753,0.001960,0.091101,-0.006673,0.104843,0.091101,-0.006673,0.104843,0.002808,-0.009615,-0.005548,0.002808,-0.009615,-0.005548,-0.007589,-0.027712,-0.008074,0.070697,0.001408,0.037996,0.005550,-0.007589,-0.027712,-0.008074,0.070697,0.001408,0.037996,0.005550
0.101000,0.306618,-0.000213,0.486430,0.306826,-0.000190,0.486794,0.306826,-0.000190,0.486794,0.000208,0.000023,0.000364,0.000042,-0.000462,0.000087,-0.003076,0.000655,-0.005657,0.000000,0.000000,0.000000,-0.000221,0.008315,0.000541,0.086521,-0.010749,0.149539,0.086521,-0.010749,0.149539,0.001053,-0.026331,-0.001275,0.001053,-0.026331,-0.001275,-0.004568,-0.058929,-0.005141,0.107962,-0.001203,0.057676,0.001282,-0.004568,-0.058929,-0.005141,0.107962,-0.001203,0.057676,0.001282
0.102000,0.306614,-0.000212,0.486425,0.306826,-0.000190,0.486794,0.306826,-0.000190,0.486794,0.000212,0.000022,0.000369,0.000039,-0.000468,0.000077,-0.003707,0.000517,-0.006200,0.000000,0.000000,0.000000,0.000077,0.009107,0.003217,0.099582,-0.008124,0.160865,0.099582,-0.008124,0.160865,-0.000152,-0.028725,-0.009345,-0.000152,-0.028725,-0.009345,-0.011821,-0.062778,-0.009124,0.117358,-0.001850,0.063811,0.009353,-0.011821,-0.062778,-0.009124,0.117358,-0.001850,0.063811,0.009353
0.103000,0.306612,-0.000215,0.486421,0.306826,-0.000190,0.486794,0.306826,-0.000190,0.486794,0.000214,0.000025,0.000373,0.000038,-0.000475,0.000089,-0.003837,-0.000209,-0.006280,0.000000,0.000000,0.000000,-0.000151,0.009381,-0.000985,0.102471,0.006680,0.162880,0.102471,0.006680,0.162880,0.000753,-0.029567,0.003312,0.000753,-0.029567,0.003312,0.005381,-0.063792,0.004016,0.119516,0.002164,0.065440,-0.003304,0.005381,-0.063792,0.004016,0.119516,0.002164,0.065440,-0.003304
0.104000,0.306608,-0.000214,0.486416,0.306826,-0.000190,0.486794,0.306826,-0.000190,0.486794,0.000219,0.000025,0.000377,0.000037,-0.000480,0.000090,-0.003954,-0.000149,-0.007679,0.000000,0.000000,0.000000,0.000296,0.012930,-0.001240,0.105304,0.005442,0.191331,0.105304,0.005442,0.191331,-0.001035,-0.040231,0.004082,-0.001035,-0.040231,0.004082,0.005781,-0.082816,0.005430,0.143988,0.000118,0.079197,-0.004071,0.005781,-0.082816,0.005430,0.143988,0.000118,0.079197,-0.004071
0.105000,0.306605,-0.000212,0.486412,0.306826,-0.000190,0.486794,0.306826,-0.000190,0.486794,0.000221,0.000023,0.000381,0.000037,-0.000487,0.000079,-0.004039,0.000346,-0.007566,0.000000,0.000000,0.000000,0.000247,0.012666,0.002327,0.107296,-0.004668,0.189463,0.107296,-0.004668,0.189463,-0.000837,-0.039457,-0.006665,-0.000837,-0.039457,-0.006665,-0.008078,-0.081151,-0.005612,0.142586,-0.001806,0.078676,0.006676,-0.008078,-0.081151,-0.005612,0.142586,-0.001806,0.078676,0.006676
0.106000,0.306603,-0.000213,0.486408,0.306826,-0.000190,0.486794,0.306826,-0.000190,0.486794,0.000223,0.000024,0.000386,0.000039,-0.000494,0.000087,-0.003716,-0.000203,-0.006604,0.000000,0.000000,0.000000,-0.000276,0.010568,-0.001529,0.101120,0.006415,0.170670,0.101120,0.006415,0.170670,0.001259,-0.033185,0.004936,0.001259,-0.033185,0.004936,0.006923,-0.070034,0.004716,0.126651,0.002613,0.069458,-0.004928,0.006923,-0.070034,0.004716,0.126651,0.002613,0.069458,-0.004928
0.107000,0.306599,-0.000213,0.486404,0.306826,-0.000190,0.486794,0.306826,-0.000190,0.486794,0.000227,0.000023,0.000390,0.000039,-0.000498,0.000087,-0.003887,-0.000030,-0.005622,0.000000,0.000000,0.000000,-0.000202,0.008006,-0.001211,0.104973,0.002912,0.151390,0.104973,0.002912,0.151390,0.000964,-0.025512,0.003982,0.000964,-0.025512,0.003982,0.004887,-0.055798,0.003107,0.110349,0.001579,0.060903,-0.003975,0.004887,-0.055798,0.003107,0.110349,0.001579,0.060903,-0.003975
0.108000,0.306597,-0.000214,0.486398,0.306826,-0.000190,0.486794,0.306826,-0.000190,0.486794,0.000229,0.000025,0.000395,0.000038,-0.000505,0.000086,-0.003291,-0.000280,-0.006064,0.000000,0.000000,0.000000,0.000090,0.010120,0.000226,0.093330,0.008067,0.160804,0.093330,0.008067,0.160804,-0.000208,-0.031877,-0.000333,-0.000208,-0.031877,-0.000333,0.002163,-0.066901,0.002572,0.119704,0.001499,0.065643,0.000342,0.002163,-0.066901,0.002572,0.119704,0.001499,0.065643,0.000342
0.109000,0.306594,-0.000214,0.486396,0.306826,-0.000190,0.486794,0.306826,-0.000190,0.486794,0.000232,0.000024,0.000398,0.000040,-0.000506,0.000091,-0.002916,-0.000189,-0.005493,0.000000,0.000000,0.000000,-0.000603,0.009579,-0.001914,0.086194,0.006190,0.149626,0.086194,0.006190,0.149626,0.002572,-0.030256,0.006106,0.002572,-0.030256,0.006106,0.008018,-0.062945,0.004529,0.111901,0.003877,0.061541,-0.006098,0.008018,-0.062945,0.004529,0.111901,0.003877,0.061541,-0.006098
0.110000,0.306591,-0.000215,0.486389,0.306826,-0.000190,0.486794,0.306826,-0.000190,0.486794,0.000235,0.000025,0.000405,0.000040,-0.000521,0.000086,-0.002576,-0.000047,-0.006942,0.000000,0.000000,0.000000,-0.000839,0.013968,0.001486,0.079755,0.003456,0.179350,0.079755,0.003456,0.179350,0.003516,-0.043467,-0.004113,0.003516,-0.043467,-0.004113,-0.003037,-0.086346,-0.004251,0.138338,0.004258,0.076000,0.004124,-0.003037,-0.086346,-0.004251,0.138338,0.004258,0.076000,0.004124
0.111000,0.306588,-0.000214,0.486388,0.306826,-0.000190,0.486794,0.306826,-0.000190,0.486794,0.000239,0.000025,0.000406,0.000039,-0.000516,0.000090,-0.003611,-0.000199,-0.006872,0.000000,0.000000,0.000000,0.000105,0.012451,-0.001197,0.100855,0.006444,0.178053,0.100855,0.006444,0.178053,-0.000264,-0.038901,0.003952,-0.000264,-0.038901,0.003952,0.005955,-0.078088,0.005113,0.135837,0.001100,0.075766,-0.003941,0.005955,-0.078088,0.005113,0.135837,0.001100,0.075766,-0.003941
0.112000,0.306585,-0.000216,0.486381,0.306826,-0.000190,0.486794,0.306826,-0.000190,0.486794,0.000241,0.000026,0.000412,0.000036,-0.000530,0.000092,-0.002908,-0.000615,-0.007337,0.000000,0.000000,0.000000,0.001098,0.014760,-0.001158,0.087124,0.014943,0.187973,0.087124,0.014943,0.187973,-0.004248,-0.045872,0.003844,-0.004248,-0.045872,0.003844,0.008464,-0.090276,0.010636,0.145755,-0.001092,0.080716,-0.003829,0.008464,-0.090276,0.010636,0.145755,-0.001092,0.080716,-0.003829
0.113000,0.306582,-0.000216,0.486379,0.306826,-0.000190,0.486794,0.306826,-0.000190,0.486794,0.000244,0.000027,0.000414,0.000038,-0.000531,0.000096,-0.003137,-0.000399,-0.005938,0.000000,0.000000,0.000000,0.000339,0.011253,-0.001919,0.091992,0.010632,0.160189,0.091992,0.010632,0.160189,-0.001204,-0.035353,0.006141,-0.001204,-0.035353,0.006141,0.009426,-0.070410,0.008686,0.122733,0.001039,0.068786,-0.006131,0.009426,-0.070410,0.008686,0.122733,0.001039,0.068786,-0.006131
0.114000,0.306580,-0.000217,0.486376,0.306826,-0.000190,0.486794,0.306826,-0.000190,0.486794,0.000246,0.000027,0.000417,0.000038,-0.000533,0.000099,-0.002524,-0.000316,-0.005906,0.000000,0.000000,0.000000,-0.000010,0.011214,-0.001041,0.080012,0.008981,0.159872,0.080012,0.008981,0.159872,0.000194,-0.035240,0.003518,0.000194,-0.035240,0.003518,0.006294,-0.072058,0.005299,0.120945,0.002091,0.066122,-0.003509,0.006294,-0.072058,0.005299,0.120945,0.002091,0.066122,-0.003509
0.115000,0.306577,-0.000217,0.486373,0.306826,-0.000190,0.486794,0.306826,-0.000190,0.486794,0.000249,0.000027,0.000421,0.000038,-0.000536,0.000097,-0.003442,-0.000330,-0.006438,0.000000,0.000000,0.000000,0.000233,0.011172,0.000242,0.098780,0.009309,0.170848,0.098780,0.009309,0.170848,-0.000782,-0.035125,-0.000337,-0.000782,-0.035125,-0.000337,0.002542,-0.072404,0.003383,0.128393,0.001187,0.070919,0.000347,0.002542,-0.072404,0.003383,0.128393,0.001187,0.070919,0.000347
0.116000,0.306574,-0.000218,0.486368,0.306826,-0.000190,0.486794,0.306826,-0.000190,0.486794,0.000252,0.000028,0.000425,0.000039,-0.000545,0.000102,-0.003392,-0.000682,-0.005778,0.000000,0.000000,0.000000,-0.000285,0.010124,-0.003011,0.098100,0.016422,0.158100,0.098100,0.016422,0.158100,0.001295,-0.032006,0.009440,0.001295,-0.032006,0.009440,0.014500,-0.065459,0.011136,0.119167,0.004753,0.066540,-0.009432,0.014500,-0.065459,0.011136,0.119167,0.004753,0.066540,-0.009432
0.117000,0.306571,-0.000217,0.486364,0.306826,-0.000190,0.486794,0.306826,-0.000190,0.486794,0.000255,0.000027,0.000430,0.000038,-0.000552,0.000098,-0.003007,-0.000041,-0.006006,0.000000,0.000000,0.000000,0.000016,0.011074,0.000420,0.090760,0.003531,0.163130,0.090760,0.003531,0.163130,0.000090,-0.034878,-0.000868,0.000090,-0.034878,-0.000868,0.000236,-0.071030,0.000500,0.123491,0.000844,0.068308,0.000877,0.000236,-0.071030,0.000500,0.123491,0.000844,0.068308,0.000877
0.118000,0.306569,-0.000218,0.486361,0.306826,-0.000190,0.486794,0.306826,-0.000190,0.486794,0.000257,0.000028,0.000433,0.000037,-0.000553,0.000100,-0.001531,-0.000209,-0.005138,0.000000,0.000000,0.000000,0.000404,0.005669,-0.001095,0.061429,0.006941,0.146043,0.061429,0.006941,0.146043,-0.001466,-0.018664,0.003686,-0.001466,-0.018664,0.003686,0.005834,-0.054068,0.005930,0.095452,-0.000005,0.044422,-0.003680,0.005834,-0.054068,0.005930,0.095452,-0.000005,0.044422,-0.003680
0.119000,0.306568,-0.000217,0.486357,0.306826,-0.000190,0.486794,0.306826,-0.000190,0.486794,0.000258,0.000028,0.000437,0.000039,-0.000562,0.000101,-0.001452,-0.000096,-0.006828,0.000000,0.000000,0.000000,-0.000279,0.010746,-0.001149,0.060035,0.004689,0.180259,0.060035,0.004689,0.180259,0.001272,-0.033922,0.003850,0.001272,-0.033922,0.003850,0.005295,-0.080112,0.003353,0.126688,0.002261,0.062385,-0.003841,0.005295,-0.080112,0.003353,0.126688,0.002261,0.062385,-0.003841
0.120000,0.306565,-0.000220,0.486354,0.306826,-0.000190,0.486794,0.306826,-0.000190,0.486794,0.000262,0.000030,0.000440,0.000036,-0.000561,0.000106,-0.001513,-0.000689,-0.005291,0.000000,0.000000,0.000000,0.000162,0.008165,-0.001125,0.061651,0.016807,0.149783,0.061651,0.016807,0.149783,-0.000504,-0.026179,0.003802,-0.000504,-0.026179,0.003802,0.008975,-0.062717,0.008538,0.104770,0.003036,0.052310,-0.003794,0.008975,-0.062717,0.008538,0.104770,0.003036,0.052310,-0.003794
0.121000,0.306561,-0.000220,0.486352,0.306826,-0.000190,0.486794,0.306826,-0.000190,0.486794,0.000265,0.000030,0.000442,0.000037,-0.000566,0.000110,-0.001943,-0.000587,-0.003728,0.000000,0.000000,0.000000,0.000311,0.004329,-0.002053,0.070648,0.014753,0.118780,0.070648,0.014753,0.118780,-0.001099,-0.014683,0.006600,-0.001099,-0.014683,0.006600,0.011142,-0.040269,0.010272,0.079781,0.002004,0.039989,-0.006595,0.011142,-0.040269,0.010272,0.079781,0.002004,0.039989,-0.006595
0.122000,0.306559,-0.000220,0.486347,0.306826,-0.000190,0.486794,0.306826,-0.000190,0.486794,0.000267,0.000031,0.000447,0.000033,-0.000571,0.000109,-0.002346,-0.000381,-0.003556,0.000000,0.000000,0.000000,0.000905,0.003594,-0.001507,0.078981,0.010689,0.115822,0.078981,0.010689,0.115822,-0.003488,-0.012494,0.004958,-0.003488,-0.012494,0.004958,0.008260,-0.035873,0.009486,0.077251,-0.001239,0.039294,-0.004954,0.008260,-0.035873,0.009486,0.077251,-0.001239,0.039294,-0.004954
0.123000,0.306557,-0.000219,0.486344,0.306826,-0.000190,0.486794,0.306826,-0.000190,0.486794,0.000269,0.000029,0.000450,0.000039,-0.000573,0.000105,-0.002036,-0.000004,-0.003690,0.000000,0.000000,0.000000,-0.000927,0.004892,0.000831,0.073022,0.003024,0.118758,0.073022,0.003024,0.118758,0.003865,-0.016398,-0.002076,0.003865,-0.016398,-0.002076,-0.001137,-0.041610,-0.003202,0.081791,0.004507,0.042198,0.002079,-0.001137,-0.041610,-0.003202,0.081791,0.004507,0.042198,0.002079
0.124000,0.306554,-0.000222,0.486339,0.306826,-0.000190,0.486794,0.306826,-0.000190,0.486794,0.000272,0.000032,0.000454,0.000036,-0.000580,0.000116,-0.001972,-0.000645,-0.004594,0.000000,0.000000,0.000000,0.000015,0.007336,-0.002730,0.072054,0.016092,0.137305,0.072054,0.016092,0.137305,0.000086,-0.023748,0.008654,0.000086,-0.023748,0.008654,0.013606,-0.054830,0.011315,0.097779,0.003472,0.050976,-0.008648,0.013606,-0.054830,0.011315,0.097779,0.003472,0.050976,-0.008648
0.125000,0.306553,-0.000220,0.486335,0.306826,-0.000190,0.486794,0.306826,-0.000190,0.486794,0.000273,0.000030,0.000459,0.000038,-0.000587,0.000102,-0.002412,0.000093,-0.005495,0.000000,0.000000,0.000000,-0.000382,0.008806,0.001655,0.081042,0.001117,0.155755,0.081042,0.001117,0.155755,0.001681,-0.028180,-0.004557,0.001681,-0.028180,-0.004557,-0.004200,-0.063552,-0.004025,0.112068,0.001927,0.058915,0.004564,-0.004200,-0.063552,-0.004025,0.112068,0.001927,0.058915,0.004564
0.126000,0.306550,-0.000221,0.486334,0.306826,-0.000190,0.486794,0.306826,-0.000190,0.486794,0.000276,0.000031,0.000460,0.000039,-0.000588,0.000110,-0.002830,-0.000330,-0.003724,0.000000,0.000000,0.000000,0.000599,0.004674,-0.001715,0.089754,0.009671,0.120466,0.089754,0.009671,0.120466,-0.002238,-0.015787,0.005586,-0.002238,-0.015787,0.005586,0.008577,-0.038928,0.008713,0.084109,-0.000201,0.045261,-0.005581,0.008577,-0.038928,0.008713,0.084109,-0.000201,0.045261,-0.005581
0.127000,0.306548,-0.000219,0.486329,0.306826,-0.000190,0.486794,0.306826,-0.000190,0.486794,0.000278,0.000029,0.000464,0.000040,-0.000591,0.000109,-0.002524,0.000397,-0.004331,0.000000,0.000000,0.000000,-0.000644,0.005978,-0.000135,0.083832,-0.005049,0.133067,0.083832,-0.005049,0.133067,0.002740,-0.019708,0.000841,0.002740,-0.019708,0.000841,-0.000700,-0.047648,-0.002977,0.093232,0.001681,0.049040,-0.000837,-0.000700,-0.047648,-0.002977,0.093232,0.001681,0.049040,-0.000837
0.128000,0.306546,-0.000220,0.486325,0.306826,-0.000190,0.486794,0.306826,-0.000190,0.486794,0.000281,0.000030,0.000469,0.000042,-0.000598,0.000104,-0.002479,-0.000190,-0.005076,0.000000,0.000000,0.000000,-0.000079,0.008847,0.001091,0.083252,0.006814,0.148388,0.083252,0.006814,0.148388,0.000485,-0.028335,-0.002857,0.000485,-0.028335,-0.002857,-0.000746,-0.061099,-0.000115,0.109032,0.001930,0.058890,0.002864,-0.000746,-0.061099,-0.000115,0.109032,0.001930,0.058890,0.002864
0.129000,0.306544,-0.000220,0.486323,0.306826,-0.000190,0.486794,0.306826,-0.000190,0.486794,0.000282,0.000030,0.000471,0.000038,-0.000600,0.000112,-0.002586,-0.000033,-0.003835,0.000000,0.000000,0.000000,0.000387,0.005628,-0.001239,0.085619,0.003655,0.123773,0.085619,0.003655,0.123773,-0.001396,-0.018685,0.004164,-0.001396,-0.018685,0.004164,0.005305,-0.043493,0.005146,0.088054,-0.000625,0.047580,-0.004159,0.005305,-0.043493,0.005146,0.088054,-0.000625,0.047580,-0.004159
0.130000,0.306542,-0.000219,0.486318,0.306826,-0.000190,0.486794,0.306826,-0.000190,0.486794,0.000284,0.000029,0.000476,0.000040,-0.000611,0.000105,-0.003032,0.000341,-0.004995,0.000000,0.000000,0.000000,-0.000527,0.008204,0.001656,0.094734,-0.003932,0.147469,0.094734,-0.003932,0.147469,0.002269,-0.026446,-0.004551,0.002269,-0.026446,-0.004551,-0.005746,-0.057138,-0.006086,0.108165,0.001452,0.059335,0.004557,-0.005746,-0.057138,-0.006086,0.108165,0.001452,0.059335,0.004557
0.131000,0.306539,-0.000221,0.486315,0.306826,-0.000190,0.486794,0.306826,-0.000190,0.486794,0.000288,0.000031,0.000479,0.000040,-0.000614,0.000108,-0.003591,-0.000267,-0.004368,0.000000,0.000000,0.000000,0.000457,0.005746,0.000180,0.106337,0.008441,0.135253,0.106337,0.008441,0.135253,-0.001665,-0.019082,-0.000108,-0.001665,-0.019082,-0.000108,0.002511,-0.044191,0.003888,0.096486,0.000118,0.053342,0.000114,0.002511,-0.044191,0.003888,0.096486,0.000118,0.053342,0.000114
0.132000,0.306536,-0.000220,0.486310,0.306826,-0.000190,0.486794,0.306826,-0.000190,0.486794,0.000290,0.000030,0.000483,0.000041,-0.000623,0.000111,-0.003194,0.000126,-0.005021,0.000000,0.000000,0.000000,0.000286,0.008250,-0.000879,0.098670,0.000501,0.148768,0.098670,0.000501,0.148768,-0.000980,-0.026618,0.003081,-0.000980,-0.026618,0.003081,0.003256,-0.057099,0.003060,0.109451,-0.000869,0.060452,-0.003073,0.003256,-0.057099,0.003060,0.109451,-0.000869,0.060452,-0.003073
0.133000,0.306535,-0.000221,0.486308,0.306826,-0.000190,0.486794,0.306826,-0.000190,0.486794,0.000291,0.000031,0.000486,0.000037,-0.000622,0.000107,-0.002364,-0.000351,-0.003505,0.000000,0.000000,0.000000,0.000842,0.004989,0.000529,0.082184,0.010109,0.118691,0.082184,0.010109,0.118691,-0.003224,-0.016834,-0.001157,-0.003224,-0.016834,-0.001157,0.001969,-0.040611,0.004789,0.083368,-0.001089,0.044558,0.001163,0.001969,-0.040611,0.004789,0.083368,-0.001089,0.044558,0.001163
0.134000,0.306534,-0.000219,0.486305,0.306826,-0.000190,0.486794,0.306826,-0.000190,0.486794,0.000292,0.000029,0.000489,0.000039,-0.000629,0.000109,-0.002370,0.000340,-0.002828,0.000000,0.000000,0.000000,-0.000687,0.003936,-0.000131,0.082489,-0.003890,0.105478,0.082489,-0.003890,0.105478,0.002905,-0.013696,0.000829,0.002905,-0.013696,0.000829,-0.000353,-0.033362,-0.002723,0.074030,0.002090,0.040323,-0.000827,-0.000353,-0.033362,-0.002723,0.074030,0.002090,0.040323,-0.000827
0.135000,0.306532,-0.000219,0.486299,0.306826,-0.000190,0.486794,0.306826,-0.000190,0.486794,0.000294,0.000029,0.000494,0.000040,-0.000637,0.000108,-0.002310,0.000177,-0.001714,0.000000,0.000000,0.000000,-0.000696,0.000553,0.000150,0.081514,-0.000624,0.083724,0.081514,-0.000624,0.083724,0.002941,-0.003572,-0.000019,0.002941,-0.003572,-0.000019,-0.000199,-0.016694,-0.002282,0.053498,0.002811,0.028081,0.000018,-0.000199,-0.016694,-0.002282,0.053498,0.002811,0.028081,0.000018
0.136000,0.306531,-0.000222,0.486294,0.306826,-0.000190,0.486794,0.306826,-0.000190,0.486794,0.000296,0.000032,0.000500,0.000036,-0.000651,0.000108,-0.002089,-0.000362,-0.003180,0.000000,0.000000,0.000000,0.001228,0.005244,0.000584,0.077258,0.010431,0.113594,0.077258,0.010431,0.113594,-0.004767,-0.017683,-0.001320,-0.004767,-0.017683,-0.001320,0.001904,-0.040663,0.005870,0.081191,-0.002564,0.043924,0.001327,0.001904,-0.040663,0.005870,0.081191,-0.002564,0.043924,0.001327
0.137000,0.306529,-0.000220,0.486291,0.306826,-0.000190,0.486794,0.306826,-0.000190,0.486794,0.000297,0.000031,0.000503,0.000039,-0.000656,0.000110,-0.002467,0.000111,-0.005135,0.000000,0.000000,0.000000,0.000426,0.009505,-0.000389,0.085036,0.000839,0.153018,0.085036,0.000839,0.153018,-0.001546,-0.030482,0.001605,-0.001546,-0.030482,0.001605,0.001885,-0.064398,0.002530,0.113598,-0.001362,0.061819,-0.001596,0.001885,-0.064398,0.002530,0.113598,-0.001362,0.061819,-0.001596
0.138000,0.306526,-0.000220,0.486286,0.306826,-0.000190,0.486794,0.306826,-0.000190,0.486794,0.000300,0.000030,0.000507,0.000036,-0.000665,0.000108,-0.002476,0.000125,-0.005144,0.000000,0.000000,0.000000,0.000524,0.010256,0.000962,0.085532,0.000546,0.153631,0.085532,0.000546,0.153631,-0.001950,-0.032765,-0.002454,-0.001950,-0.032765,-0.002454,-0.002265,-0.066799,-0.000148,0.116239,-0.001822,0.064259,0.002464,-0.002265,-0.066799,-0.000148,0.116239,-0.001822,0.064259,0.002464
0.139000,0.306524,-0.000220,0.486282,0.306826,-0.000190,0.486794,0.306826,-0.000190,0.486794,0.000302,0.000030,0.000512,0.000039,-0.000672,0.000109,-0.002331,-0.000111,-0.005356,0.000000,0.000000,0.000000,-0.001229,0.010426,-0.000676,0.082889,0.005258,0.158262,0.082889,0.005258,0.158262,0.005070,-0.033294,0.002466,0.005070,-0.033294,0.002466,0.004093,-0.069162,-0.000119,0.118613,0.006183,0.064637,-0.002459,0.004093,-0.069162,-0.000119,0.118613,0.006183,0.064637,-0.002459
0.140000,0.306523,-0.000218,0.486280,0.306826,-0.000190,0.486794,0.306826,-0.000190,0.486794,0.000304,0.000029,0.000514,0.000039,-0.000673,0.000106,-0.002364,0.000421,-0.005845,0.000000,0.000000,0.000000,-0.000534,0.010636,0.000737,0.083708,-0.005557,0.168292,0.083708,-0.005557,0.168292,0.002288,-0.033927,-0.001788,0.002288,-0.033927,-0.001788,-0.003480,-0.072757,-0.004677,0.124084,0.001129,0.066321,0.001796,-0.003480,-0.072757,-0.004677,0.124084,0.001129,0.066321,0.001796
0.141000,0.306521,-0.000219,0.486274,0.306826,-0.000190,0.486794,0.306826,-0.000190,0.486794,0.000306,0.000030,0.000520,0.000034,-0.000686,0.000106,-0.002262,0.000131,-0.006415,0.000000,0.000000,0.000000,0.000704,0.012975,0.001035,0.081923,0.000345,0.180246,0.081923,0.000345,0.180246,-0.002681,-0.040984,-0.002683,-0.002681,-0.040984,-0.002683,-0.002550,-0.083788,0.000153,0.136564,-0.002594,0.074052,0.002696,-0.002550,-0.083788,0.000153,0.136564,-0.002594,0.074052,0.002696
0.142000,0.306519,-0.000218,0.486272,0.306826,-0.000190,0.486794,0.306826,-0.000190,0.486794,0.000308,0.000028,0.000522,0.000039,-0.000691,0.000106,-0.002693,0.000387,-0.004957,0.000000,0.000000,0.000000,-0.000825,0.009165,0.000085,0.090771,-0.004920,0.151330,0.090771,-0.004920,0.151330,0.003458,-0.029567,0.000171,0.003458,-0.029567,0.000171,-0.001325,-0.062073,-0.003914,0.112618,0.002430,0.061961,-0.000165,-0.001325,-0.062073,-0.003914,0.112618,0.002430,0.061961,-0.000165
0.143000,0.306517,-0.000217,0.486267,0.306826,-0.000190,0.486794,0.306826,-0.000190,0.486794,0.000309,0.000027,0.000527,0.000042,-0.000701,0.000098,-0.002450,0.000924,-0.005570,0.000000,0.000000,0.000000,-0.000264,0.010593,0.002784,0.086105,-0.015797,0.164116,0.086105,-0.015797,0.164116,0.001223,-0.033881,-0.007961,0.001223,-0.033881,-0.007961,-0.012794,-0.071056,-0.011616,0.122378,-0.002086,0.066413,0.007969,-0.012794,-0.071056,-0.011616,0.122378,-0.002086,0.066413,0.007969
0.144000,0.306515,-0.000218,0.486263,0.306826,-0.000190,0.486794,0.306826,-0.000190,0.486794,0.000311,0.000028,0.000530,0.000038,-0.000706,0.000105,-0.002341,0.000033,-0.003268,0.000000,0.000000,0.000000,0.000374,0.005148,-0.000470,0.084174,0.002129,0.118382,0.084174,0.002129,0.118382,-0.001345,-0.017563,0.001830,-0.001345,-0.017563,0.001830,0.002502,-0.040941,0.002962,0.084212,-0.000892,0.045679,-0.001824,0.002502,-0.040941,0.002962,0.084212,-0.000892,0.045679,-0.001824
0.145000,0.306515,-0.000219,0.486260,0.306826,-0.000190,0.486794,0.306826,-0.000190,0.486794,0.000311,0.000029,0.000534,0.000035,-0.000710,0.000104,-0.001524,-0.000061,-0.002295,0.000000,0.000000,0.000000,0.000506,0.003522,0.000531,0.067842,0.004094,0.099260,0.067842,0.004094,0.099260,-0.001885,-0.012696,-0.001177,-0.001885,-0.012696,-0.001177,0.000096,-0.032721,0.001857,0.068238,-0.001018,0.035695,0.001182,0.000096,-0.032721,0.001857,0.068238,-0.001018,0.035695,0.001182
0.146000,0.306513,-0.000218,0.486258,0.306826,-0.000190,0.486794,0.306826,-0.000190,0.486794,0.000314,0.000028,0.000536,0.000033,-0.000714,0.000102,-0.001612,-0.000299,-0.002642,0.000000,0.000000,0.000000,0.001174,0.003974,-0.000121,0.069867,0.008819,0.106410,0.069867,0.008819,0.106410,-0.004561,-0.014062,0.000772,-0.004561,-0.014062,0.000772,0.003497,-0.035974,0.006671,0.073238,-0.002701,0.038116,-0.000766,0.003497,-0.035974,0.006671,0.073238,-0.002701,0.038116,-0.000766
0.147000,0.306511,-0.000219,0.486254,0.306826,-0.000190,0.486794,0.306826,-0.000190,0.486794,0.000315,0.000029,0.000540,0.000034,-0.000721,0.000106,-0.001148,-0.000068,-0.002456,0.000000,0.000000,0.000000,0.000151,0.004033,-0.000433,0.060747,0.004258,0.103068,0.060747,0.004258,0.103068,-0.000468,-0.014262,0.001722,-0.000468,-0.014262,0.001722,0.003042,-0.036554,0.002952,0.070697,0.000431,0.036102,-0.001718,0.003042,-0.036554,0.002952,0.070697,0.000431,0.036102,-0.001718
0.148000,0.306510,-0.000217,0.486250,0.306826,-0.000190,0.486794,0.306826,-0.000190,0.486794,0.000316,0.000027,0.000544,0.000038,-0.000729,0.000099,-0.000973,0.000517,-0.002370,0.000000,0.000000,0.000000,-0.000752,0.004784,0.001629,0.057405,-0.007660,0.101817,0.057405,-0.007660,0.101817,0.003161,-0.016541,-0.004489,0.003161,-0.016541,-0.004489,-0.006828,-0.038965,-0.007887,0.071960,0.001558,0.037565,0.004492,-0.006828,-0.038965,-0.007887,0.071960,0.001558,0.037565,0.004492
0.149000,0.306508,-0.000219,0.486248,0.306826,-0.000190,0.486794,0.306826,-0.000190,0.486794,0.000318,0.000029,0.000546,0.000032,-0.000727,0.000107,-0.000818,-0.000178,-0.001158,0.000000,0.000000,0.000000,0.000983,0.001024,-0.001143,0.054515,0.006462,0.077731,0.054515,0.006462,0.077731,-0.003803,-0.005253,0.003857,-0.003803,-0.005253,0.003857,0.005853,-0.020721,0.007537,0.048929,-0.002445,0.023557,-0.003854,0.005853,-0.020721,0.007537,0.048929,-0.002445,0.023557,-0.003854
0.150000,0.306506,-0.000218,0.486246,0.306826,-0.000190,0.486794,0.306826,-0.000190,0.486794,0.000320,0.000028,0.000548,0.000035,-0.000733,0.000101,-0.001042,0.000224,-0.001807,0.000000,0.000000,0.000000,-0.000434,0.003667,0.001548,0.059214,-0.001657,0.090918,0.059214,-0.001657,0.090918,0.001877,-0.013198,-0.004242,0.001877,-0.013198,-0.004242,-0.004739,-0.031995,-0.004849,0.063704,0.001537,0.033646,0.004245,-0.004739,-0.031995,-0.004849,0.063704,0.001537,0.033646,0.004245
0.151000,0.306505,-0.000218,0.486244,0.306826,-0.000190,0.486794,0.306826,-0.000190,0.486794,0.000322,0.000028,0.000550,0.000037,-0.000733,0.000103,-0.002155,-0.000063,-0.003239,0.000000,0.000000,0.000000,-0.000492,0.004597,-0.000235,0.081683,0.004086,0.119751,0.081683,0.004086,0.119751,0.002116,-0.015989,0.001119,0.002116,-0.015989,0.001119,0.002386,-0.040169,0.000643,0.082965,0.002979,0.043698,-0.001116,0.002386,-0.040169,0.000643,0.082965,0.002979,0.043698,-0.001116
0.152000,0.306504,-0.000217,0.486237,0.306826,-0.000190,0.486794,0.306826,-0.000190,0.486794,0.000322,0.000027,0.000557,0.000035,-0.000750,0.000103,-0.001292,0.000392,-0.003689,0.000000,0.000000,0.000000,0.000114,0.007395,0.000210,0.064516,-0.005102,0.129446,0.064516,-0.005102,0.129446,-0.000316,-0.024434,-0.000219,-0.000316,-0.024434,-0.000219,-0.001769,-0.054261,-0.001570,0.093807,-0.001383,0.049382,0.000226,-0.001769,-0.054261,-0.001570,0.093807,-0.001383,0.049382,0.000226
0.153000,0.306501,-0.000218,0.486238,0.306826,-0.000190,0.486794,0.306826,-0.000190,0.486794,0.000325,0.000028,0.000556,0.000036,-0.000744,0.000101,-0.001340,-0.000130,-0.001989,0.000000,0.000000,0.000000,-0.000161,0.003036,0.000485,0.065802,0.005397,0.095401,0.065802,0.005397,0.095401,0.000790,-0.011341,-0.001051,0.000790,-0.011341,-0.001051,0.000616,-0.030496,0.000472,0.064802,0.001930,0.033570,0.001054,0.000616,-0.030496,0.000472,0.064802,0.001930,0.033570,0.001054
0.154000,0.306501,-0.000218,0.486235,0.306826,-0.000190,0.486794,0.306826,-0.000190,0.486794,0.000326,0.000029,0.000559,0.000035,-0.000749,0.000104,-0.001091,-0.000087,-0.000562,0.000000,0.000000,0.000000,-0.000109,-0.000752,-0.000389,0.060910,0.004582,0.067157,0.060910,0.004582,0.067157,0.000576,0.000009,0.001583,0.000576,0.000009,0.001583,0.003000,-0.011228,0.002218,0.039490,0.001539,0.018711,-0.001583,0.003000,-0.011228,0.002218,0.039490,0.001539,0.018711,-0.001583
0.155000,0.306499,-0.000217,0.486233,0.306826,-0.000190,0.486794,0.306826,-0.000190,0.486794,0.000327,0.000028,0.000561,0.000035,-0.000752,0.000105,-0.001210,0.000113,-0.001317,0.000000,0.000000,0.000000,-0.000072,0.001160,-0.000957,0.063482,0.000486,0.082455,0.063482,0.000486,0.082455,0.000430,-0.005736,0.003288,0.000430,-0.005736,0.003288,0.003449,-0.021272,0.002192,0.052788,0.000531,0.026341,-0.003286,0.003449,-0.021272,0.002192,0.052788,0.000531,0.026341,-0.003286
0.156000,0.306497,-0.000219,0.486229,0.306826,-0.000190,0.486794,0.306826,-0.000190,0.486794,0.000329,0.000030,0.000565,0.000034,-0.000758,0.000103,-0.001406,-0.000657,-0.002820,0.000000,0.000000,0.000000,0.000809,0.004784,-0.000127,0.067603,0.016098,0.112848,0.067603,0.016098,0.112848,-0.003101,-0.016624,0.000795,-0.003101,-0.016624,0.000795,0.005750,-0.040868,0.008020,0.078553,0.000291,0.040765,-0.000788,0.005750,-0.040868,0.008020,0.078553,0.000291,0.040765,-0.000788
0.157000,0.306495,-0.000217,0.486225,0.306826,-0.000190,0.486794,0.306826,-0.000190,0.486794,0.000331,0.000027,0.000568,0.000037,-0.000767,0.000102,-0.001522,0.000466,-0.003788,0.000000,0.000000,0.000000,-0.000314,0.007984,0.000234,0.070159,-0.006650,0.132609,0.070159,-0.006650,0.132609,0.001405,-0.026255,-0.000293,0.001405,-0.026255,-0.000293,-0.002317,-0.056186,-0.003345,0.097844,0.000014,0.052667,0.000299,-0.002317,-0.056186,-0.003345,0.097844,0.000014,0.052667,0.000299
0.158000,0.306494,-0.000219,0.486223,0.306826,-0.000190,0.486794,0.306826,-0.000190,0.486794,0.000333,0.000030,0.000571,0.000032,-0.000770,0.000104,-0.001993,-0.000432,-0.003531,0.000000,0.000000,0.000000,0.001040,0.005855,0.000050,0.079782,0.011607,0.127721,0.079782,0.011607,0.127721,-0.004035,-0.019875,0.000266,-0.004035,-0.019875,0.000266,0.003852,-0.046809,0.006856,0.090379,-0.001585,0.047885,-0.000258,0.003852,-0.046809,0.006856,0.090379,-0.001585,0.047885,-0.000258
0.159000,0.306492,-0.000219,0.486222,0.306826,-0.000190,0.486794,0.306826,-0.000190,0.486794,0.000334,0.000029,0.000571,0.000039,-0.000767,0.000102,-0.001388,0.000071,-0.002094,0.000000,0.000000,0.000000,-0.000759,0.002606,0.000722,0.067811,0.001518,0.099017,0.067811,0.001518,0.099017,0.003190,-0.010119,-0.001757,0.003190,-0.010119,-0.001757,-0.001280,-0.030071,-0.002988,0.065541,0.003513,0.033087,0.001757,-0.001280,-0.030071,-0.002988,0.065541,0.003513,0.033087,0.001757
0.160000,0.306492,-0.000221,0.486220,0.306826,-0.000190,0.486794,0.306826,-0.000190,0.486794,0.000335,0.000031,0.000574,0.000033,-0.000773,0.000111,-0.001273,-0.000525,-0.003222,0.000000,0.000000,0.000000,0.000743,0.006086,-0.002222,0.065607,0.013580,0.121822,0.065607,0.013580,0.121822,-0.002842,-0.020577,0.007107,-0.002842,-0.020577,0.007107,0.011291,-0.047889,0.011476,0.086488,0.000015,0.045087,-0.007100,0.011291,-0.047889,0.011476,0.086488,0.000015,0.045087,-0.007100
0.161000,0.306490,-0.000219,0.486219,0.306826,-0.000190,0.486794,0.306826,-0.000190,0.486794,0.000336,0.000029,0.000575,0.000042,-0.000772,0.000099,-0.001535,0.000233,-0.001304,0.000000,0.000000,0.000000,-0.001146,0.000912,0.001805,0.071074,-0.001778,0.083528,0.071074,-0.001778,0.083528,0.004752,-0.005051,-0.005017,0.004752,-0.005051,-0.005017,-0.005552,-0.019742,-0.007469,0.053575,0.004385,0.027344,0.005015,-0.005552,-0.019742,-0.007469,0.053575,0.004385,0.027344,0.005015
0.162000,0.306488,-0.000218,0.486218,0.306826,-0.000190,0.486794,0.306826,-0.000190,0.486794,0.000338,0.000028,0.000576,0.000040,-0.000774,0.000106,-0.001301,0.000106,-0.000849,0.000000,0.000000,0.000000,-0.001003,0.000442,-0.001238,0.066608,0.000717,0.074579,0.066608,0.000717,0.074579,0.004174,-0.003648,0.004139,0.004174,-0.003648,0.004139,0.004370,-0.016285,0.000218,0.047379,0.004323,0.024218,-0.004140,0.004370,-0.016285,0.000218,0.047379,0.004323,0.024218,-0.004140
0.163000,0.306486,-0.000220,0.486212,0.306826,-0.000190,0.486794,0.306826,-0.000190,0.486794,0.000340,0.000030,0.000581,0.000035,-0.000785,0.000113,-0.001024,-0.000271,-0.001835,0.000000,0.000000,0.000000,0.000424,0.003262,-0.001440,0.061262,0.008407,0.094844,0.061262,0.008407,0.094844,-0.001556,-0.012142,0.004770,-0.001556,-0.012142,0.004770,0.007362,-0.031829,0.007224,0.064763,0.000213,0.033368,-0.004766,0.007362,-0.031829,0.007224,0.064763,0.000213,0.033368,-0.004766
0.164000,0.306485,-0.000220,0.486211,0.306826,-0.000190,0.486794,0.306826,-0.000190,0.486794,0.000341,0.000030,0.000582,0.000038,-0.000786,0.000105,-0.000988,-0.000337,-0.002324,0.000000,0.000000,0.000000,0.000488,0.004203,0.000357,0.060653,0.009779,0.104737,0.060653,0.009779,0.104737,-0.001799,-0.014968,-0.000650,-0.001799,-0.014968,-0.000650,0.002362,-0.037788,0.004014,0.072181,0.000264,0.036933,0.000655,0.002362,-0.037788,0.004014,0.072181,0.000264,0.036933,0.000655
0.165000,0.306485,-0.000219,0.486207,0.306826,-0.000190,0.486794,0.306826,-0.000190,0.486794,0.000342,0.000029,0.000586,0.000038,-0.000794,0.000106,-0.001055,0.000093,-0.001377,0.000000,0.000000,0.000000,-0.000577,0.001520,-0.000619,0.062099,0.001026,0.086178,0.062099,0.001026,0.086178,0.002458,-0.006941,0.002284,0.002458,-0.006941,0.002284,0.002610,-0.023834,0.000222,0.055576,0.002674,0.027581,-0.002283,0.002610,-0.023834,0.000222,0.055576,0.002674,0.027581,-0.002283
0.166000,0.306484,-0.000217,0.486207,0.306826,-0.000190,0.486794,0.306826,-0.000190,0.486794,0.000342,0.000027,0.000586,0.000039,-0.000793,0.000097,-0.001100,0.000687,0.000382,0.000000,0.000000,0.000000,-0.000732,-0.002595,0.002659,0.063057,-0.011070,0.050982,0.063057,-0.011070,0.050982,0.003085,0.005406,-0.007588,0.003085,0.005406,-0.007588,-0.010972,-0.000546,-0.011131,0.026732,0.000763,0.012340,0.007585,-0.010972,-0.000546,-0.011131,0.026732,0.000763,0.012340,0.007585
0.167000,0.306482,-0.000221,0.486204,0.306826,-0.000190,0.486794,0.306826,-0.000190,0.486794,0.000344,0.000031,0.000590,0.000034,-0.000801,0.000110,-0.001150,-0.000655,-0.000120,0.000000,0.000000,0.000000,0.000760,-0.001106,-0.001982,0.064267,0.016168,0.061394,0.064267,0.016168,0.061394,-0.002905,0.000916,0.006385,-0.002905,0.000916,0.006385,0.011358,-0.008045,0.011849,0.036293,0.000492,0.018004,-0.006383,0.011358,-0.008045,0.011849,0.036293,0.000492,0.018004,-0.006383
0.168000,0.306482,-0.000219,0.486202,0.306826,-0.000190,0.486794,0.306826,-0.000190,0.486794,0.000344,0.000029,0.000592,0.000042,-0.000804,0.000112,-0.000770,0.000033,-0.000215,0.000000,0.000000,0.000000,-0.000789,-0.000403,-0.001133,0.056742,0.002282,0.063450,0.056742,0.002282,0.063450,0.003324,-0.001203,0.003844,0.003324,-0.001203,0.003844,0.004554,-0.011950,0.001119,0.038424,0.003801,0.018719,-0.003846,0.004554,-0.011950,0.001119,0.038424,0.003801,0.018719,-0.003846
0.169000,0.306482,-0.000219,0.486200,0.306826,-0.000190,0.486794,0.306826,-0.000190,0.486794,0.000344,0.000030,0.000594,0.000045,-0.000805,0.000104,0.000439,0.000032,0.000309,0.000000,0.000000,0.000000,-0.000921,-0.005275,0.001049,0.032569,0.002306,0.053179,0.032569,0.002306,0.053179,0.003862,0.013411,-0.002734,0.003862,0.013411,-0.002734,-0.002020,0.002104,-0.003900,0.015864,0.004344,-0.001887,0.002727,-0.002020,0.002104,-0.003900,0.015864,0.004344,-0.001887,0.002727
0.170000,0.306479,-0.000220,0.486196,0.306826,-0.000190,0.486794,0.306826,-0.000190,0.486794,0.000347,0.000030,0.000597,0.000039,-0.000812,0.000110,-0.000089,-0.000290,-0.000203,0.000000,0.000000,0.000000,0.000411,-0.003467,-0.001816,0.043459,0.008782,0.063793,0.043459,0.008782,0.063793,-0.001488,0.007963,0.005890,-0.001488,0.007963,0.005890,0.008592,-0.004928,0.008085,0.027717,0.000350,0.006790,-0.005891,0.008592,-0.004928,0.008085,0.027717,0.000350,0.006790,-0.005891
0.171000,0.306479,-0.000218,0.486195,0.306826,-0.000190,0.486794,0.306826,-0.000190,0.486794,0.000347,0.000028,0.000599,0.000038,-0.000819,0.000105,0.000331,0.000176,-0.000090,0.000000,0.000000,0.000000,0.000274,-0.001862,0.000470,0.035015,-0.000676,0.061708,0.035015,-0.000676,0.061708,-0.000945,0.003130,-0.000990,-0.000945,0.003130,-0.000990,-0.001190,-0.010418,-0.000237,0.030489,-0.001088,0.009661,0.000990,-0.001190,-0.010418,-0.000237,0.030489,-0.001088,0.009661,0.000990
0.172000,0.306479,-0.000221,0.486192,0.306826,-0.000190,0.486794,0.306826,-0.000190,0.486794,0.000348,0.000031,0.000602,0.000040,-0.000824,0.000107,0.000295,-0.000513,-0.000006,0.000000,0.000000,0.000000,0.000406,-0.001797,-0.000368,0.035830,0.013362,0.060284,0.035830,0.013362,0.060284,-0.001462,0.002920,0.001532,-0.001462,0.002920,0.001532,0.005635,-0.010069,0.006472,0.030130,0.001345,0.009917,-0.001532,0.005635,-0.010069,0.006472,0.030130,0.001345,0.009917,-0.001532
0.173000,0.306477,-0.000221,0.486191,0.306826,-0.000190,0.486794,0.306826,-0.000190,0.486794,0.000349,0.000031,0.000603,0.000036,-0.000826,0.000115,0.000053,-0.000292,0.000599,0.000000,0.000000,0.000000,0.000507,-0.002811,-0.001466,0.040819,0.008948,0.048303,0.040819,0.008948,0.048303,-0.001883,0.005956,0.004861,-0.001883,0.005956,0.004861,0.007612,-0.002597,0.007687,0.022079,-0.000008,0.006880,-0.004861,0.007612,-0.002597,0.007687,0.022079,-0.000008,0.006880,-0.004861
0.174000,0.306477,-0.000221,0.486188,0.306826,-0.000190,0.486794,0.306826,-0.000190,0.486794,0.000349,0.000032,0.000606,0.000037,-0.000830,0.000109,0.000059,-0.000152,-0.000017,0.000000,0.000000,0.000000,0.000543,-0.000920,0.000752,0.040684,0.006205,0.060921,0.040684,0.006205,0.060921,-0.002022,0.000270,-0.001821,-0.002022,0.000270,-0.001821,0.000090,-0.012170,0.002176,0.033705,-0.000715,0.013644,0.001822,0.000090,-0.012170,0.002176,0.033705,-0.000715,0.013644,0.001822
0.175000,0.306477,-0.000222,0.486188,0.306826,-0.000190,0.486794,0.306826,-0.000190,0.486794,0.000349,0.000032,0.000606,0.000035,-0.000832,0.000115,-0.000120,-0.000315,0.001618,0.000000,0.000000,0.000000,0.000156,-0.005058,-0.001785,0.044319,0.009484,0.028227,0.044319,0.009484,0.028227,-0.000482,0.012678,0.005815,-0.000482,0.012678,0.005815,0.008732,0.010808,0.007546,0.006326,0.001504,-0.000871,-0.005818,0.008732,0.010808,0.007546,0.006326,0.001504,-0.000871,-0.005818
0.176000,0.306476,-0.000222,0.486185,0.306826,-0.000190,0.486794,0.306826,-0.000190,0.486794,0.000350,0.000032,0.000608,0.000039,-0.000836,0.000113,-0.000228,-0.000270,0.001533,0.000000,0.000000,0.000000,0.000260,-0.005107,-0.001263,0.046609,0.008589,0.030167,0.046609,0.008589,0.030167,-0.000886,0.012812,0.004244,-0.000886,0.012812,0.004244,0.006886,0.010700,0.006428,0.007401,0.000913,-0.000353,-0.004247,0.006886,0.010700,0.006428,0.007401,0.000913,-0.000353,-0.004247
0.177000,0.306475,-0.000220,0.486179,0.306826,-0.000190,0.486794,0.306826,-0.000190,0.486794,0.000352,0.000030,0.000615,0.000038,-0.000853,0.000107,-0.000710,0.000514,-0.001651,0.000000,0.000000,0.000000,0.000461,0.002750,0.002724,0.056385,-0.007232,0.094524,0.056385,-0.007232,0.094524,-0.001694,-0.010809,-0.007744,-0.001694,-0.010809,-0.007744,-0.009949,-0.031147,-0.006603,0.062659,-0.003203,0.030978,0.007748,-0.009949,-0.031147,-0.006603,0.062659,-0.003203,0.030978,0.007748
0.178000,0.306475,-0.000221,0.486180,0.306826,-0.000190,0.486794,0.306826,-0.000190,0.486794,0.000352,0.000031,0.000614,0.000034,-0.000849,0.000114,-0.000330,-0.000130,-0.000152,0.000000,0.000000,0.000000,0.000258,-0.000683,-0.001193,0.048774,0.005746,0.064450,0.048774,0.005746,0.064450,-0.000896,-0.000500,0.004036,-0.000896,-0.000500,0.004036,0.005808,-0.012780,0.005367,0.037176,0.000309,0.016428,-0.004035,0.005808,-0.012780,0.005367,0.037176,0.000309,0.016428,-0.004035
0.179000,0.306473,-0.000220,0.486177,0.306826,-0.000190,0.486794,0.306826,-0.000190,0.486794,0.000353,0.000030,0.000616,0.000038,-0.000855,0.000107,-0.000453,0.000265,-0.000034,0.000000,0.000000,0.000000,-0.001312,-0.000446,0.001351,0.051389,-0.002291,0.062312,0.051389,-0.002291,0.062312,0.005400,-0.001227,-0.003625,0.005400,-0.001227,-0.003625,-0.004317,-0.012448,-0.007113,0.037228,0.004923,0.017513,0.003622,-0.004317,-0.012448,-0.007113,0.037228,0.004923,0.017513,0.003622
0.180000,0.306473,-0.000219,0.486174,0.306826,-0.000190,0.486794,0.306826,-0.000190,0.486794,0.000353,0.000029,0.000620,0.000038,-0.000861,0.000108,-0.000558,0.000270,-0.001728,0.000000,0.000000,0.000000,-0.000434,0.003046,-0.000083,0.053516,-0.002484,0.096528,0.053516,-0.002484,0.096528,0.001885,-0.011723,0.000681,0.001885,-0.011723,0.000681,-0.000072,-0.033116,-0.001648,0.064148,0.001364,0.031464,-0.000679,-0.000072,-0.033116,-0.001648,0.064148,0.001364,0.031464,-0.000679
0.181000,0.306474,-0.000220,0.486173,0.306826,-0.000190,0.486794,0.306826,-0.000190,0.486794,0.000352,0.000030,0.000621,0.000039,-0.000862,0.000109,-0.000189,-0.001800,-0.001392,0.000000,0.000000,0.000000,0.000362,0.002890,-0.006187,0.046075,0.039048,0.089925,0.046075,0.039048,0.089925,-0.001290,-0.011257,0.018998,-0.001290,-0.011257,0.018998,0.030974,-0.031779,0.027023,0.059608,0.006905,0.028855,-0.018994,0.030974,-0.031779,0.027023,0.059608,0.006905,0.028855,-0.018994
0.182000,0.306472,-0.000221,0.486172,0.306826,-0.000190,0.486794,0.306826,-0.000190,0.486794,0.000354,0.000031,0.000622,0.000040,-0.000860,0.000107,-0.000734,-0.001347,-0.001836,0.000000,0.000000,0.000000,-0.000217,0.003044,-0.003852,0.057132,0.030028,0.098877,0.057132,0.030028,0.098877,0.001031,-0.011712,0.011985,0.001031,-0.011712,0.011985,0.021200,-0.033274,0.017510,0.065706,0.007338,0.032421,-0.011982,0.021200,-0.033274,0.017510,0.065706,0.007338,0.032421,-0.011982
0.183000,0.306471,-0.000220,0.486169,0.306826,-0.000190,0.486794,0.306826,-0.000190,0.486794,0.000355,0.000030,0.000624,0.000040,-0.000867,0.000113,-0.000573,-0.000776,-0.001666,0.000000,0.000000,0.000000,0.000058,0.002752,-0.003767,0.054060,0.018540,0.095770,0.054060,0.018540,0.095770,-0.000072,-0.010858,0.011752,-0.000072,-0.010858,0.011752,0.017445,-0.031936,0.014391,0.062993,0.003817,0.030650,-0.011749,0.017445,-0.031936,0.014391,0.062993,0.003817,0.030650,-0.011749
0.184000,0.306471,-0.000220,0.486167,0.306826,-0.000190,0.486794,0.306826,-0.000190,0.486794,0.000355,0.000030,0.000626,0.000040,-0.000873,0.000107,-0.000187,-0.000607,-0.001340,0.000000,0.000000,0.000000,0.000039,0.002694,-0.001821,0.046324,0.015168,0.089430,0.046324,0.015168,0.089430,0.000001,-0.010703,0.005893,0.000001,-0.010703,0.005893,0.010551,-0.031023,0.009101,0.058854,0.003187,0.028308,-0.005890,0.010551,-0.031023,0.009101,0.058854,0.003187,0.028308,-0.005890
0.185000,0.306470,-0.000218,0.486167,0.306826,-0.000190,0.486794,0.306826,-0.000190,0.486794,0.000356,0.000029,0.000627,0.000036,-0.000875,0.000104,-0.000430,-0.000342,-0.000707,0.000000,0.000000,0.000000,0.000486,0.001384,-0.001050,0.051344,0.009685,0.076834,0.051344,0.009685,0.076834,-0.001798,-0.006778,0.003567,-0.001798,-0.006778,0.003567,0.006548,-0.022463,0.006956,0.049630,0.000238,0.024334,-0.003564,0.006548,-0.022463,0.006956,0.049630,0.000238,0.024334,-0.003564
0.186000,0.306470,-0.000219,0.486164,0.306826,-0.000190,0.486794,0.306826,-0.000190,0.486794,0.000356,0.000029,0.000629,0.000040,-0.000875,0.000107,-0.000736,-0.000358,-0.002056,0.000000,0.000000,0.000000,0.000102,0.003438,-0.002231,0.057472,0.010062,0.104057,0.057472,0.010062,0.104057,-0.000249,-0.012938,0.007124,-0.000249,-0.012938,0.007124,0.010220,-0.036036,0.008494,0.069423,0.001863,0.034175,-0.007121,0.010220,-0.036036,0.008494,0.069423,0.001863,0.034175,-0.007121
0.187000,0.306469,-0.000217,0.486162,0.306826,-0.000190,0.486794,0.306826,-0.000190,0.486794,0.000357,0.000028,0.000631,0.000043,-0.000882,0.000098,-0.000685,0.000196,-0.001890,0.000000,0.000000,0.000000,-0.000562,0.003606,0.001354,0.056578,-0.001151,0.100931,0.056578,-0.001151,0.100931,0.002418,-0.013464,-0.003669,0.002418,-0.013464,-0.003669,-0.004011,-0.035739,-0.004663,0.068361,0.002184,0.034235,0.003671,-0.004011,-0.035739,-0.004663,0.068361,0.002184,0.034235,0.003671
0.188000,0.306469,-0.000218,0.486162,0.306826,-0.000190,0.486794,0.306826,-0.000190,0.486794,0.000357,0.000028,0.000632,0.000043,-0.000884,0.000103,-0.000292,0.000059,-0.001052,0.000000,0.000000,0.000000,-0.000579,0.002379,-0.000648,0.048720,0.001595,0.084208,0.048720,0.001595,0.084208,0.002491,-0.009790,0.002355,0.002491,-0.009790,0.002355,0.002853,-0.028138,0.000431,0.055786,0.002826,0.027440,-0.002354,0.002853,-0.028138,0.000431,0.055786,0.002826,0.027440,-0.002354
0.189000,0.306469,-0.000218,0.486161,0.306826,-0.000190,0.486794,0.306826,-0.000190,0.486794,0.000357,0.000028,0.000633,0.000043,-0.000886,0.000101,-0.000382,0.000242,-0.000873,0.000000,0.000000,0.000000,-0.000576,0.002553,0.000366,0.050540,-0.002057,0.080755,0.050540,-0.002057,0.080755,0.002476,-0.010319,-0.000692,0.002476,-0.010319,-0.000692,-0.001313,-0.027329,-0.002896,0.054920,0.002047,0.028048,0.000693,-0.001313,-0.027329,-0.002896,0.054920,0.002047,0.028048,0.000693
0.190000,0.306467,-0.000218,0.486158,0.306826,-0.000190,0.486794,0.306826,-0.000190,0.486794,0.000359,0.000028,0.000636,0.000042,-0.000892,0.000100,-0.000325,-0.000036,-0.001186,0.000000,0.000000,0.000000,0.000011,0.002566,0.000308,0.049566,0.003499,0.087284,0.049566,0.003499,0.087284,0.000127,-0.010373,-0.000522,0.000127,-0.010373,-0.000522,0.000561,-0.029536,0.000694,0.057930,0.000866,0.028471,0.000525,0.000561,-0.029536,0.000694,0.057930,0.000866,0.028471,0.000525
0.191000,0.306468,-0.000218,0.486157,0.306826,-0.000190,0.486794,0.306826,-0.000190,0.486794,0.000359,0.000028,0.000637,0.000035,-0.000894,0.000105,-0.000363,-0.000207,-0.001137,0.000000,0.000000,0.000000,0.001098,0.002662,-0.001113,0.050286,0.006965,0.086462,0.050286,0.006965,0.086462,-0.004254,-0.010670,0.003759,-0.004254,-0.010670,0.003759,0.005907,-0.029471,0.007948,0.057932,-0.002790,0.028850,-0.003753,0.005907,-0.029471,0.007948,0.057932,-0.002790,0.028850,-0.003753
0.192000,0.306467,-0.000217,0.486156,0.306826,-0.000190,0.486794,0.306826,-0.000190,0.486794,0.000359,0.000027,0.000638,0.000042,-0.000897,0.000100,-0.000126,0.000152,-0.000516,0.000000,0.000000,0.000000,-0.000562,0.001041,0.001777,0.045590,-0.000313,0.074103,0.045590,-0.000313,0.074103,0.002415,-0.005814,-0.004932,0.002415,-0.005814,-0.004932,-0.005018,-0.021542,-0.005280,0.046640,0.002356,0.021916,0.004932,-0.005018,-0.021542,-0.005280,0.046640,0.002356,0.021916,0.004932
0.193000,0.306466,-0.000216,0.486153,0.306826,-0.000190,0.486794,0.306826,-0.000190,0.486794,0.000360,0.000026,0.000641,0.000045,-0.000906,0.000102,-0.000611,0.000608,-0.002097,0.000000,0.000000,0.000000,-0.001466,0.004627,0.001114,0.055446,-0.009511,0.106049,0.055446,-0.009511,0.106049,0.006042,-0.016598,-0.002934,0.006042,-0.016598,-0.002934,-0.005841,-0.040621,-0.009428,0.073765,0.004048,0.037578,0.002934,-0.005841,-0.040621,-0.009428,0.073765,0.004048,0.037578,0.002934
0.194000,0.306467,-0.000218,0.486153,0.306826,-0.000190,0.486794,0.306826,-0.000190,0.486794,0.000360,0.000028,0.000640,0.000042,-0.000900,0.000109,-0.000419,-0.000190,-0.001057,0.000000,0.000000,0.000000,0.000554,0.001912,-0.001749,0.051530,0.006583,0.085162,0.051530,0.006583,0.085162,-0.002052,-0.008435,0.005681,-0.002052,-0.008435,0.005681,0.007710,-0.026646,0.007620,0.055243,-0.000671,0.026763,-0.005677,0.007710,-0.026646,0.007620,0.055243,-0.000671,0.026763,-0.005677
0.195000,0.306466,-0.000216,0.486150,0.306826,-0.000190,0.486794,0.306826,-0.000190,0.486794,0.000360,0.000026,0.000644,0.000039,-0.000912,0.000099,-0.000146,0.000040,-0.001398,0.000000,0.000000,0.000000,0.000372,0.003776,0.001854,0.046111,0.001843,0.092314,0.046111,0.001843,0.092314,-0.001334,-0.014064,-0.005164,-0.001334,-0.014064,-0.005164,-0.004589,-0.035300,-0.002089,0.063551,-0.000936,0.031875,0.005169,-0.004589,-0.035300,-0.002089,0.063551,-0.000936,0.031875,0.005169
0.196000,0.306465,-0.000216,0.486151,0.306826,-0.000190,0.486794,0.306826,-0.000190,0.486794,0.000361,0.000026,0.000642,0.000042,-0.000908,0.000104,-0.000290,0.000205,-0.000672,0.000000,0.000000,0.000000,-0.000148,0.001575,-0.000347,0.049128,-0.001468,0.077677,0.049128,-0.001468,0.077677,0.000760,-0.007449,0.001456,0.000760,-0.007449,0.001456,0.001016,-0.023732,0.000027,0.050416,0.000452,0.024612,-0.001455,0.001016,-0.023732,0.000027,0.050416,0.000452,0.024612,-0.001455
0.197000,0.306465,-0.000218,0.486151,0.306826,-0.000190,0.486794,0.306826,-0.000190,0.486794,0.000361,0.000028,0.000643,0.000042,-0.000909,0.000099,-0.000160,-0.000086,-0.000488,0.000000,0.000000,0.000000,-0.000335,0.000942,0.000935,0.046571,0.004499,0.074087,0.046571,0.004499,0.074087,0.001507,-0.005554,-0.002410,0.001507,-0.005554,-0.002410,-0.001021,-0.021127,-0.001293,0.046498,0.002458,0.021862,0.002410,-0.001021,-0.021127,-0.001293,0.046498,0.002458,0.021862,0.002410
0.198000,0.306465,-0.000217,0.486148,0.306826,-0.000190,0.486794,0.306826,-0.000190,0.486794,0.000361,0.000027,0.000646,0.000040,-0.000916,0.000099,0.000194,0.000151,-0.000859,0.000000,0.000000,0.000000,0.000408,0.002123,0.000355,0.039431,-0.000285,0.081786,0.039431,-0.000285,0.081786,-0.001472,-0.009119,-0.000669,-0.001472,-0.009119,-0.000669,-0.000747,-0.028147,0.000494,0.052779,-0.001529,0.024601,0.000673,-0.000747,-0.028147,0.000494,0.052779,-0.001529,0.024601,0.000673
0.199000,0.306465,-0.000218,0.486148,0.306826,-0.000190,0.486794,0.306826,-0.000190,0.486794,0.000362,0.000028,0.000646,0.000041,-0.000915,0.000109,-0.000073,-0.000369,-0.000508,0.000000,0.000000,0.000000,0.000474,0.000693,-0.002693,0.044846,0.010208,0.074769,0.044846,0.010208,0.074769,-0.001734,-0.004824,0.008514,-0.001734,-0.004824,0.008514,0.011652,-0.020873,0.010571,0.045868,0.000404,0.020833,-0.008511,0.011652,-0.020873,0.010571,0.045868,0.000404,0.020833,-0.008511
0.200000,0.306464,-0.000218,0.486147,0.306826,-0.000190,0.486794,0.306826,-0.000190,0.486794,0.000362,0.000028,0.000647,0.000042,-0.000916,0.000102,-0.000341,-0.000393,-0.000716,0.000000,0.000000,0.000000,0.000069,0.002092,0.000841,0.050243,0.010700,0.079033,0.050243,0.010700,0.079033,-0.000107,-0.009024,-0.002118,-0.000107,-0.009024,-0.002118,0.001173,-0.025553,0.002072,0.052774,0.002150,0.026539,0.002120,0.001173,-0.025553,0.002072,0.052774,0.002150,0.026539,0.002120
0.201000,0.306464,-0.000219,0.486146,0.306826,-0.000190,0.486794,0.306826,-0.000190,0.486794,0.000362,0.000029,0.000647,0.000040,-0.000918,0.000112,-0.000054,-0.000391,-0.000189,0.000000,0.000000,0.000000,0.000247,0.000369,-0.002202,0.044531,0.010754,0.068530,0.044531,0.010754,0.068530,-0.000828,-0.003860,0.007053,-0.000828,-0.003860,0.007053,0.010359,-0.018044,0.009075,0.041919,0.001427,0.019254,-0.007051,0.010359,-0.018044,0.009075,0.041919,0.001427,0.019254,-0.007051
0.202000,0.306464,-0.000218,0.486145,0.306826,-0.000190,0.486794,0.306826,-0.000190,0.486794,0.000362,0.000028,0.000649,0.000041,-0.000922,0.000108,0.000031,0.000261,-0.000550,0.000000,0.000000,0.000000,-0.000229,0.001119,-0.000234,0.042829,-0.002419,0.075913,0.042829,-0.002419,0.075913,0.001081,-0.006122,0.001136,0.001081,-0.006122,0.001136,0.000404,-0.022829,-0.000734,0.047448,0.000572,0.021804,-0.001135,0.000404,-0.022829,-0.000734,0.047448,0.000572,0.021804,-0.001135
0.203000,0.306465,-0.000217,0.486145,0.306826,-0.000190,0.486794,0.306826,-0.000190,0.486794,0.000362,0.000028,0.000649,0.000042,-0.000919,0.000102,0.000089,-0.000079,-0.000115,0.000000,0.000000,0.000000,-0.000986,0.000213,0.001598,0.041604,0.004341,0.067209,0.041604,0.004341,0.067209,0.004111,-0.003397,-0.004387,0.004111,-0.003397,-0.004387,-0.003047,-0.017622,-0.004585,0.040457,0.005030,0.018054,0.004384,-0.003047,-0.017622,-0.004585,0.040457,0.005030,0.018054,0.004384
0.204000,0.306464,-0.000217,0.486141,0.306826,-0.000190,0.486794,0.306826,-0.000190,0.486794,0.000362,0.000027,0.000653,0.000037,-0.000927,0.000107,-0.000467,0.000020,-0.002310,0.000000,0.000000,0.000000,0.000572,0.005290,-0.000812,0.052794,0.002299,0.111466,0.052794,0.002299,0.111466,-0.002139,-0.018651,0.002866,-0.002139,-0.018651,0.002866,0.003584,-0.044745,0.004307,0.078036,-0.001653,0.039553,-0.002859,0.003584,-0.044745,0.004307,0.078036,-0.001653,0.039553,-0.002859
0.205000,0.306464,-0.000216,0.486145,0.306826,-0.000190,0.486794,0.306826,-0.000190,0.486794,0.000362,0.000026,0.000649,0.000036,-0.000918,0.000100,-0.000510,0.000414,-0.000655,0.000000,0.000000,0.000000,0.000225,0.001259,0.002103,0.053676,-0.005661,0.077997,0.053676,-0.005661,0.077997,-0.000756,-0.006531,-0.005906,-0.000756,-0.006531,-0.005906,-0.007630,-0.022214,-0.005460,0.050235,-0.001938,0.024678,0.005908,-0.007630,-0.022214,-0.005460,0.050235,-0.001938,0.024678,0.005908
0.206000,0.306464,-0.000217,0.486142,0.306826,-0.000190,0.486794,0.306826,-0.000190,0.486794,0.000362,0.000027,0.000651,0.000043,-0.000926,0.000105,0.000046,0.000023,-0.000982,0.000000,0.000000,0.000000,-0.000686,0.001973,-0.000302,0.042519,0.002260,0.084776,0.042519,0.002260,0.084776,0.002913,-0.008696,0.001323,0.002913,-0.008696,0.001323,0.002025,-0.028168,-0.000381,0.054162,0.003388,0.025089,-0.001323,0.002025,-0.028168,-0.000381,0.054162,0.003388,0.025089,-0.001323
0.207000,0.306463,-0.000219,0.486141,0.306826,-0.000190,0.486794,0.306826,-0.000190,0.486794,0.000363,0.000029,0.000653,0.000038,-0.000929,0.000112,-0.000282,-0.000593,-0.000671,0.000000,0.000000,0.000000,0.001435,0.001152,-0.002716,0.049248,0.014758,0.078680,0.049248,0.014758,0.078680,-0.005587,-0.006241,0.008596,-0.005587,-0.006241,0.008596,0.013131,-0.022817,0.014839,0.049696,-0.002491,0.023520,-0.008590,0.013131,-0.022817,0.014839,0.049696,-0.002491,0.023520,-0.008590
0.208000,0.306464,-0.000219,0.486141,0.306826,-0.000190,0.486794,0.306826,-0.000190,0.486794,0.000362,0.000029,0.000653,0.000042,-0.000928,0.000104,0.000089,-0.000320,-0.000560,0.000000,0.000000,0.000000,-0.000146,0.001206,0.000615,0.041666,0.009280,0.076502,0.041666,0.009280,0.076502,0.000752,-0.006400,-0.001428,0.000752,-0.006400,-0.001428,0.001425,-0.023466,0.001487,0.047853,0.002707,0.021887,0.001429,0.001425,-0.023466,0.001487,0.047853,0.002707,0.021887,0.001429
0.209000,0.306463,-0.000219,0.486140,0.306826,-0.000190,0.486794,0.306826,-0.000190,0.486794,0.000363,0.000030,0.000654,0.000039,-0.000927,0.000108,-0.000194,-0.000248,-0.000337,0.000000,0.000000,0.000000,0.000546,0.000335,-0.001402,0.047428,0.007929,0.072109,0.047428,0.007929,0.072109,-0.002029,-0.003786,0.004639,-0.002029,-0.003786,0.004639,0.007080,-0.018623,0.007304,0.043907,-0.000365,0.020103,-0.004637,0.007080,-0.018623,0.007304,0.043907,-0.000365,0.020103,-0.004637
0.210000,0.306463,-0.000219,0.486139,0.306826,-0.000190,0.486794,0.306826,-0.000190,0.486794,0.000363,0.000030,0.000655,0.000043,-0.000933,0.000114,0.000104,-0.000319,-0.000334,0.000000,0.000000,0.000000,-0.000675,0.000846,-0.002411,0.041462,0.009352,0.072142,0.041462,0.009352,0.072142,0.002874,-0.005336,0.007689,0.002874,-0.005336,0.007689,0.010563,-0.021095,0.006445,0.044704,0.004833,0.020399,-0.007690,0.010563,-0.021095,0.006445,0.044704,0.004833,0.020399,-0.007690
0.211000,0.306464,-0.000220,0.486141,0.306826,-0.000190,0.486794,0.306826,-0.000190,0.486794,0.000362,0.000030,0.000652,0.000039,-0.000929,0.000110,0.000290,-0.000102,0.000586,0.000000,0.000000,0.000000,0.000386,-0.001149,0.000377,0.037699,0.005029,0.053513,0.037699,0.005029,0.053513,-0.001385,0.000663,-0.000694,-0.001385,0.000663,-0.000694,0.000855,-0.009965,0.002136,0.029434,-0.000326,0.011972,0.000695,0.000855,-0.009965,0.002136,0.029434,-0.000326,0.011972,0.000695
0.212000,0.306464,-0.000217,0.486140,0.306826,-0.000190,0.486794,0.306826,-0.000190,0.486794,0.000362,0.000027,0.000654,0.000044,-0.000930,0.000105,0.000117,0.000675,0.000110,0.000000,0.000000,0.000000,-0.000992,-0.000172,0.001308,0.041135,-0.010797,0.063185,0.041135,-0.010797,0.063185,0.004144,-0.002273,-0.003501,0.004144,-0.002273,-0.003501,-0.006800,-0.015338,-0.008899,0.037373,0.001877,0.016478,0.003498,-0.006800,-0.015338,-0.008899,0.037373,0.001877,0.016478,0.003498
0.213000,0.306463,-0.000219,0.486136,0.306826,-0.000190,0.486794,0.306826,-0.000190,0.486794,0.000363,0.000029,0.000657,0.000038,-0.000940,0.000106,0.000104,-0.000542,-0.000879,0.000000,0.000000,0.000000,0.000352,0.002326,-0.000359,0.041461,0.013767,0.083307,0.041461,0.013767,0.083307,-0.001253,-0.009798,0.001499,-0.001253,-0.009798,0.001499,0.005727,-0.028984,0.006430,0.054436,0.001643,0.025841,-0.001496,0.005727,-0.028984,0.006430,0.054436,0.001643,0.025841,-0.001496
0.214000,0.306463,-0.000219,0.486136,0.306826,-0.000190,0.486794,0.306826,-0.000190,0.486794,0.000364,0.000029,0.000658,0.000040,-0.000942,0.000111,-0.000069,-0.000341,-0.000446,0.000000,0.000000,0.000000,-0.000555,0.001252,-0.001279,0.045015,0.009708,0.074719,0.045015,0.009708,0.074719,0.002378,-0.006583,0.004279,0.002378,-0.006583,0.004279,0.007264,-0.022587,0.004504,0.047623,0.004417,0.022619,-0.004279,0.007264,-0.022587,0.004504,0.047623,0.004417,0.022619,-0.004279
0.215000,0.306463,-0.000219,0.486135,0.306826,-0.000190,0.486794,0.306826,-0.000190,0.486794,0.000363,0.000029,0.000659,0.000039,-0.000947,0.000113,0.000294,-0.000280,-0.000582,0.000000,0.000000,0.000000,-0.000179,0.002057,-0.001197,0.037661,0.008505,0.077570,0.037661,0.008505,0.077570,0.000872,-0.009010,0.004042,0.000872,-0.009010,0.004042,0.006656,-0.027015,0.005011,0.050450,0.002658,0.023749,-0.004040,0.006656,-0.027015,0.005011,0.050450,0.002658,0.023749,-0.004040
0.216000,0.306463,-0.000220,0.486137,0.306826,-0.000190,0.486794,0.306826,-0.000190,0.486794,0.000363,0.000030,0.000657,0.000041,-0.000940,0.000114,0.000079,-0.000187,0.000716,0.000000,0.000000,0.000000,-0.000120,-0.001587,-0.000561,0.041959,0.006770,0.051349,0.041959,0.006770,0.051349,0.000643,0.001939,0.002137,0.000643,0.001939,0.002137,0.004221,-0.007374,0.003267,0.027681,0.002064,0.011401,-0.002138,0.004221,-0.007374,0.003267,0.027681,0.002064,0.011401,-0.002138
0.217000,0.306464,-0.000219,0.486135,0.306826,-0.000190,0.486794,0.306826,-0.000190,0.486794,0.000362,0.000030,0.000659,0.000040,-0.000940,0.000110,0.000224,-0.000175,-0.000372,0.000000,0.000000,0.000000,-0.000317,0.000525,-0.000611,0.038944,0.006444,0.073295,0.038944,0.006444,0.073295,0.001429,-0.004397,0.002273,0.001429,-0.004397,0.002273,0.004256,-0.020896,0.002700,0.043986,0.002782,0.019030,-0.002273,0.004256,-0.020896,0.002700,0.043986,0.002782,0.019030,-0.002273
0.218000,0.306464,-0.000219,0.486137,0.306826,-0.000190,0.486794,0.306826,-0.000190,0.486794,0.000362,0.000030,0.000657,0.000042,-0.000935,0.000109,-0.000145,-0.000024,0.000551,0.000000,0.000000,0.000000,0.000229,-0.001548,-0.000408,0.046377,0.003433,0.054634,0.046377,0.003433,0.054634,-0.000749,0.001837,0.001659,-0.000749,0.001837,0.001659,0.002721,-0.007805,0.002832,0.029902,-0.000029,0.012723,-0.001659,0.002721,-0.007805,0.002832,0.029902,-0.000029,0.012723,-0.001659
0.219000,0.306464,-0.000220,0.486134,0.306826,-0.000190,0.486794,0.306826,-0.000190,0.486794,0.000362,0.000030,0.000659,0.000041,-0.000943,0.000114,0.000039,-0.000197,-0.000503,0.000000,0.000000,0.000000,0.000547,0.001623,-0.001140,0.042625,0.006960,0.075987,0.042625,0.006960,0.075987,-0.002024,-0.007700,0.003876,-0.002024,-0.007700,0.003876,0.006019,-0.024462,0.006445,0.049034,-0.000562,0.023346,-0.003872,0.006019,-0.024462,0.006445,0.049034,-0.000562,0.023346,-0.003872
0.220000,0.306465,-0.000222,0.486135,0.306826,-0.000190,0.486794,0.306826,-0.000190,0.486794,0.000361,0.000032,0.000659,0.000039,-0.000943,0.000116,0.000258,-0.000513,-0.000209,0.000000,0.000000,0.000000,0.000826,0.000849,-0.000555,0.038154,0.013472,0.070071,0.038154,0.013472,0.070071,-0.003147,-0.005375,0.002128,-0.003147,-0.005375,0.002128,0.006265,-0.021009,0.008119,0.043342,-0.000315,0.019560,-0.002124,0.006265,-0.021009,0.008119,0.043342,-0.000315,0.019560,-0.002124
0.221000,0.306464,-0.000221,0.486136,0.306826,-0.000190,0.486794,0.306826,-0.000190,0.486794,0.000362,0.000031,0.000658,0.000040,-0.000943,0.000110,-0.000063,0.000040,0.000209,0.000000,0.000000,0.000000,0.000090,-0.000400,0.000883,0.044735,0.002328,0.061653,0.044735,0.002328,0.061653,-0.000203,-0.001628,-0.002210,-0.000203,-0.001628,-0.002210,-0.001486,-0.013673,-0.000647,0.036470,0.000290,0.016458,0.002210,-0.001486,-0.013673,-0.000647,0.036470,0.000290,0.016458,0.002210
0.222000,0.306464,-0.000220,0.486134,0.306826,-0.000190,0.486794,0.306826,-0.000190,0.486794,0.000362,0.000030,0.000660,0.000041,-0.000945,0.000111,-0.000012,0.000197,-0.000560,0.000000,0.000000,0.000000,0.000060,0.001024,0.000400,0.043651,-0.000933,0.077220,0.043651,-0.000933,0.077220,-0.000076,-0.005905,-0.000754,-0.000076,-0.005905,-0.000754,-0.001030,-0.022887,-0.000767,0.047954,-0.000270,0.021874,0.000756,-0.001030,-0.022887,-0.000767,0.047954,-0.000270,0.021874,0.000756
0.223000,0.306464,-0.000222,0.486135,0.306826,-0.000190,0.486794,0.306826,-0.000190,0.486794,0.000362,0.000032,0.000659,0.000039,-0.000942,0.000114,-0.000072,-0.000293,0.000038,0.000000,0.000000,0.000000,0.000297,-0.000192,-0.000003,0.044861,0.009048,0.065119,0.044861,0.009048,0.065119,-0.001030,-0.002248,0.000464,-0.001030,-0.002248,0.000464,0.003247,-0.015336,0.004011,0.038741,0.000873,0.017409,-0.000463,0.003247,-0.015336,0.004011,0.038741,0.000873,0.017409,-0.000463
0.224000,0.306464,-0.000221,0.486132,0.306826,-0.000190,0.486794,0.306826,-0.000190,0.486794,0.000362,0.000031,0.000662,0.000039,-0.000953,0.000110,0.000172,-0.000163,-0.000536,0.000000,0.000000,0.000000,0.000796,0.001873,-0.000076,0.040012,0.006382,0.076910,0.040012,0.006382,0.076910,-0.003029,-0.008478,0.000668,-0.003029,-0.008478,0.000668,0.002633,-0.025922,0.004705,0.049912,-0.001685,0.023655,-0.000663,0.002633,-0.025922,0.004705,0.049912,-0.001685,0.023655,-0.000663
0.225000,0.306465,-0.000221,0.486135,0.306826,-0.000190,0.486794,0.306826,-0.000190,0.486794,0.000362,0.000031,0.000659,0.000039,-0.000943,0.000116,0.001142,0.000072,-0.001292,0.000000,0.000000,0.000000,0.000136,0.004610,-0.000878,0.020552,0.001684,0.091742,0.020552,0.001684,0.091742,-0.000390,-0.016657,0.003098,-0.000390,-0.016657,0.003098,0.003618,-0.041617,0.003024,0.062567,-0.000037,0.029038,-0.003093,0.003618,-0.041617,0.003024,0.062567,-0.000037,0.029038,-0.003093
0.226000,0.306465,-0.000220,0.486134,0.306826,-0.000190,0.486794,0.306826,-0.000190,0.486794,0.000361,0.000031,0.000660,0.000036,-0.000946,0.000113,0.001026,0.000329,-0.001391,0.000000,0.000000,0.000000,0.000927,0.004801,0.000702,0.022789,-0.003534,0.093840,0.022789,-0.003534,0.093840,-0.003563,-0.017239,-0.001654,-0.003563,-0.017239,-0.001654,-0.002730,-0.042502,0.000231,0.064431,-0.004301,0.030276,0.001661,-0.002730,-0.042502,0.000231,0.064431,-0.004301,0.030276,0.001661
0.227000,0.306465,-0.000220,0.486135,0.306826,-0.000190,0.486794,0.306826,-0.000190,0.486794,0.000362,0.000030,0.000659,0.000040,-0.000940,0.000113,0.000473,0.000137,-0.000507,0.000000,0.000000,0.000000,-0.000218,0.001828,0.000068,0.033925,0.000273,0.075996,0.033925,0.000273,0.075996,0.001030,-0.008306,0.000250,0.001030,-0.008306,0.000250,0.000341,-0.026399,-0.000450,0.048524,0.001089,0.022120,-0.000248,0.000341,-0.026399,-0.000450,0.048524,0.001089,0.022120,-0.000248
0.228000,0.306464,-0.000219,0.486134,0.306826,-0.000190,0.486794,0.306826,-0.000190,0.486794,0.000362,0.000029,0.000660,0.000038,-0.000945,0.000113,0.000274,0.000153,-0.000903,0.000000,0.000000,0.000000,-0.000367,0.003101,0.000091,0.037938,-0.000158,0.084061,0.037938,-0.000158,0.084061,0.001619,-0.012137,0.000177,0.001619,-0.012137,0.000177,0.000136,-0.032089,-0.001061,0.056675,0.001588,0.027503,-0.000175,0.000136,-0.032089,-0.001061,0.056675,0.001588,0.027503,-0.000175
0.229000,0.306464,-0.000221,0.486133,0.306826,-0.000190,0.486794,0.306826,-0.000190,0.486794,0.000362,0.000031,0.000661,0.000039,-0.000950,0.000111,0.000316,-0.000118,-0.000868,0.000000,0.000000,0.000000,-0.000481,0.002937,0.000996,0.037152,0.005450,0.083460,0.037152,0.005450,0.083460,0.002079,-0.011662,-0.002544,0.002079,-0.011662,-0.002544,-0.000867,-0.031550,-0.001489,0.055815,0.003231,0.026809,0.002546,-0.000867,-0.031550,-0.001489,0.055815,0.003231,0.026809,0.002546
0.230000,0.306465,-0.000219,0.486135,0.306826,-0.000190,0.486794,0.306826,-0.000190,0.486794,0.000361,0.000029,0.000659,0.000042,-0.000944,0.000108,0.000429,0.000472,-0.000083,0.000000,0.000000,0.000000,-0.000716,0.000772,0.001280,0.034762,-0.006547,0.067571,0.034762,-0.006547,0.067571,0.003032,-0.005147,-0.003408,0.003032,-0.005147,-0.003408,-0.005406,-0.020531,-0.006665,0.041498,0.001660,0.018397,0.003407,-0.005406,-0.020531,-0.006665,0.041498,0.001660,0.018397,0.003407
0.231000,0.306464,-0.000219,0.486135,0.306826,-0.000190,0.486794,0.306826,-0.000190,0.486794,0.000362,0.000029,0.000659,0.000042,-0.000939,0.000110,0.000084,0.000165,-0.000204,0.000000,0.000000,0.000000,-0.000240,0.000037,0.000204,0.041762,-0.000389,0.069962,0.041762,-0.000389,0.069962,0.001128,-0.002928,-0.000172,0.001128,-0.002928,-0.000172,-0.000283,-0.017974,-0.001033,0.041309,0.001046,0.017862,0.000172,-0.000283,-0.017974,-0.001033,0.041309,0.001046,0.017862,0.000172
0.232000,0.306465,-0.000221,0.486134,0.306826,-0.000190,0.486794,0.306826,-0.000190,0.486794,0.000361,0.000031,0.000660,0.000039,-0.000945,0.000113,0.000355,-0.000175,-0.000466,0.000000,0.000000,0.000000,0.000253,0.001595,-0.000575,0.036218,0.006578,0.075329,0.036218,0.006578,0.075329,-0.000856,-0.007619,0.002177,-0.000856,-0.007619,0.002177,0.004201,-0.025158,0.004295,0.047817,0.000527,0.021858,-0.002175,0.004201,-0.025158,0.004295,0.047817,0.000527,0.021858,-0.002175
0.233000,0.306463,-0.000219,0.486133,0.306826,-0.000190,0.486794,0.306826,-0.000190,0.486794,0.000363,0.000030,0.000661,0.000042,-0.000944,0.000111,-0.000385,0.000094,-0.000474,0.000000,0.000000,0.000000,-0.000291,0.000813,0.000076,0.051218,0.001071,0.075542,0.051218,0.001071,0.075542,0.001331,-0.005273,0.000216,0.001331,-0.005273,0.000216,0.000556,-0.020580,-0.000426,0.047501,0.001558,0.022688,-0.000216,0.000556,-0.020580,-0.000426,0.047501,0.001558,0.022688,-0.000216
0.234000,0.306464,-0.000219,0.486133,0.306826,-0.000190,0.486794,0.306826,-0.000190,0.486794,0.000362,0.000029,0.000661,0.000039,-0.000945,0.000107,-0.000056,0.000326,-0.000458,0.000000,0.000000,0.000000,0.000248,0.000643,0.001828,0.044572,-0.003592,0.075263,0.044572,-0.003592,0.075263,-0.000834,-0.004762,-0.005056,-0.000834,-0.004762,-0.005056,-0.006147,-0.021003,-0.004132,0.046008,-0.001582,0.020753,0.005058,-0.006147,-0.021003,-0.004132,0.046008,-0.001582,0.020753,0.005058
0.235000,0.306465,-0.000220,0.486132,0.306826,-0.000190,0.486794,0.306826,-0.000190,0.486794,0.000362,0.000030,0.000661,0.000040,-0.000947,0.000111,0.000168,-0.000257,-0.000448,0.000000,0.000000,0.000000,0.000184,0.001388,-0.000509,0.040029,0.008164,0.075107,0.040029,0.008164,0.075107,-0.000574,-0.007008,0.001970,-0.000574,-0.007008,0.001970,0.004481,-0.023896,0.004463,0.047592,0.001142,0.022029,-0.001967,0.004481,-0.023896,0.004463,0.047592,0.001142,0.022029,-0.001967
0.236000,0.306464,-0.000219,0.486133,0.306826,-0.000190,0.486794,0.306826,-0.000190,0.486794,0.000362,0.000029,0.000661,0.000040,-0.000945,0.000110,0.000017,0.000527,-0.000109,0.000000,0.000000,0.000000,-0.000088,0.000305,0.000323,0.043074,-0.007669,0.068256,0.043074,-0.007669,0.068256,0.000512,-0.003752,-0.000529,0.000512,-0.003752,-0.000529,-0.002869,-0.018075,-0.003213,0.041497,-0.001100,0.018812,0.000529,-0.002869,-0.018075,-0.003213,0.041497,-0.001100,0.018812,0.000529
0.237000,0.306464,-0.000220,0.486134,0.306826,-0.000190,0.486794,0.306826,-0.000190,0.486794,0.000362,0.000030,0.000659,0.000041,-0.000942,0.000108,0.000013,0.000045,0.000398,0.000000,0.000000,0.000000,-0.000702,-0.000980,0.000880,0.043161,0.002077,0.057979,0.043161,0.002077,0.057979,0.002975,0.000116,-0.002206,0.002975,0.000116,-0.002206,-0.001560,-0.011043,-0.002976,0.032789,0.003415,0.014059,0.002204,-0.001560,-0.011043,-0.002976,0.032789,0.003415,0.014059,0.002204
0.238000,0.306464,-0.000219,0.486134,0.306826,-0.000190,0.486794,0.306826,-0.000190,0.486794,0.000362,0.000030,0.000659,0.000039,-0.000942,0.000110,0.000011,-0.000099,0.000260,0.000000,0.000000,0.000000,0.000826,-0.000638,-0.000455,0.043197,0.004922,0.060737,0.043197,0.004922,0.060737,-0.003149,-0.000913,0.001806,-0.003149,-0.000913,0.001806,0.003324,-0.012912,0.005117,0.035124,-0.002115,0.015340,-0.001803,0.003324,-0.012912,0.005117,0.035124,-0.002115,0.015340,-0.001803
0.239000,0.306464,-0.000217,0.486133,0.306826,-0.000190,0.486794,0.306826,-0.000190,0.486794,0.000363,0.000028,0.000661,0.000037,-0.000949,0.000104,0.000045,0.000497,-0.000022,0.000000,0.000000,0.000000,-0.000302,0.000382,0.002089,0.042619,-0.007174,0.066558,0.042619,-0.007174,0.066558,0.001359,-0.003994,-0.005850,0.001359,-0.003994,-0.005850,-0.008039,-0.017866,-0.007409,0.040880,-0.000142,0.018808,0.005850,-0.008039,-0.017866,-0.007409,0.040880,-0.000142,0.018808,0.005850
0.240000,0.306464,-0.000219,0.486133,0.306826,-0.000190,0.486794,0.306826,-0.000190,0.486794,0.000362,0.000030,0.000661,0.000039,-0.000946,0.000110,-0.000088,-0.000324,-0.000133,0.000000,0.000000,0.000000,0.000211,0.000119,-0.000999,0.045240,0.009431,0.068725,0.045240,0.009431,0.068725,-0.000687,-0.003194,0.003437,-0.000687,-0.003194,0.003437,0.006338,-0.017328,0.005992,0.041436,0.001294,0.018752,-0.003436,0.006338,-0.017328,0.005992,0.041436,0.001294,0.018752,-0.003436
0.241000,0.306464,-0.000219,0.486133,0.306826,-0.000190,0.486794,0.306826,-0.000190,0.486794,0.000362,0.000029,0.000660,0.000041,-0.000947,0.000111,-0.000096,-0.000133,-0.000041,0.000000,0.000000,0.000000,-0.000116,0.000977,-0.001002,0.045387,0.005580,0.066849,0.045387,0.005580,0.066849,0.000628,-0.005772,0.003449,0.000628,-0.005772,0.003449,0.005169,-0.019308,0.003817,0.043148,0.001800,0.021196,-0.003448,0.005169,-0.019308,0.003817,0.043148,0.001800,0.021196,-0.003448
0.242000,0.306463,-0.000218,0.486135,0.306826,-0.000190,0.486794,0.306826,-0.000190,0.486794,0.000363,0.000028,0.000659,0.000041,-0.000940,0.000100,-0.000054,0.000654,0.000620,0.000000,0.000000,0.000000,-0.000233,-0.001522,0.003362,0.044622,-0.010314,0.053462,0.044622,-0.010314,0.053462,0.001095,0.001746,-0.009687,0.001095,0.001746,-0.009687,-0.012838,-0.007808,-0.010954,0.029217,-0.001063,0.012338,0.009685,-0.012838,-0.007808,-0.010954,0.029217,-0.001063,0.012338,0.009685
0.243000,0.306464,-0.000219,0.486133,0.306826,-0.000190,0.486794,0.306826,-0.000190,0.486794,0.000362,0.000029,0.000661,0.000041,-0.000945,0.000110,0.000028,-0.000136,-0.000001,0.000000,0.000000,0.000000,-0.000000,-0.000135,-0.001469,0.042939,0.005614,0.066068,0.042939,0.005614,0.066068,0.000165,-0.002429,0.004847,0.000165,-0.002429,0.004847,0.006577,-0.016101,0.005144,0.039122,0.001341,0.017270,-0.004847,0.006577,-0.016101,0.005144,0.039122,0.001341,0.017270,-0.004847
0.244000,0.306463,-0.000220,0.486134,0.306826,-0.000190,0.486794,0.306826,-0.000190,0.486794,0.000363,0.000030,0.000660,0.000040,-0.000944,0.000110,-0.000031,-0.000472,-0.000022,0.000000,0.000000,0.000000,0.000461,0.000150,-0.001012,0.044169,0.012439,0.066466,0.044169,0.012439,0.066466,-0.001682,-0.003283,0.003474,-0.001682,-0.003283,0.003474,0.007296,-0.016891,0.007699,0.040322,0.000931,0.018418,-0.003472,0.007296,-0.016891,0.007699,0.040322,0.000931,0.018418,-0.003472
0.245000,0.306463,-0.000220,0.486133,0.306826,-0.000190,0.486794,0.306826,-0.000190,0.486794,0.000363,0.000030,0.000661,0.000040,-0.000946,0.000112,-0.000189,-0.000265,-0.000151,0.000000,0.000000,0.000000,0.000544,0.000195,-0.001421,0.047360,0.008270,0.069143,0.047360,0.008270,0.069143,-0.002018,-0.003422,0.004709,-0.002018,-0.003422,0.004709,0.007255,-0.017361,0.007456,0.042135,-0.000283,0.019465,-0.004707,0.007255,-0.017361,0.007456,0.042135,-0.000283,0.019465,-0.004707
0.246000,0.306463,-0.000220,0.486132,0.306826,-0.000190,0.486794,0.306826,-0.000190,0.486794,0.000363,0.000031,0.000662,0.000041,-0.000947,0.000113,-0.000148,-0.000257,-0.000343,0.000000,0.000000,0.000000,-0.000538,0.000451,-0.000900,0.046524,0.008211,0.073070,0.046524,0.008211,0.073070,0.002314,-0.004196,0.003153,0.002314,-0.004196,0.003153,0.005679,-0.019465,0.003270,0.044653,0.004039,0.020405,-0.003153,0.005679,-0.019465,0.003270,0.044653,0.004039,0.020405,-0.003153
0.247000,0.306463,-0.000220,0.486135,0.306826,-0.000190,0.486794,0.306826,-0.000190,0.486794,0.000363,0.000030,0.000659,0.000040,-0.000939,0.000107,-0.000213,0.000102,0.000881,0.000000,0.000000,0.000000,-0.000311,-0.002667,0.001759,0.047874,0.000965,0.048267,0.047874,0.000965,0.048267,0.001406,0.005185,-0.004851,0.001406,0.005185,-0.004851,-0.004544,-0.002277,-0.004091,0.023739,0.001614,0.009128,0.004849,-0.004544,-0.002277,-0.004091,0.023739,0.001614,0.009128,0.004849
0.248000,0.306463,-0.000218,0.486134,0.306826,-0.000190,0.486794,0.306826,-0.000190,0.486794,0.000363,0.000028,0.000659,0.000037,-0.000940,0.000107,-0.000056,0.000294,0.000416,0.000000,0.000000,0.000000,0.000204,-0.001221,0.000437,0.044708,-0.003079,0.057611,0.044708,-0.003079,0.057611,-0.000668,0.000842,-0.000882,-0.000668,0.000842,-0.000882,-0.001817,-0.009967,-0.001139,0.032088,-0.001315,0.013628,0.000883,-0.001817,-0.009967,-0.001139,0.032088,-0.001315,0.013628,0.000883
0.249000,0.306463,-0.000221,0.486135,0.306826,-0.000190,0.486794,0.306826,-0.000190,0.486794,0.000363,0.000031,0.000659,0.000036,-0.000939,0.000112,0.000034,-0.000454,0.000540,0.000000,0.000000,0.000000,0.000734,-0.001370,-0.000789,0.042883,0.012173,0.055056,0.042883,0.012173,0.055056,-0.002792,0.001294,0.002814,-0.002792,0.001294,0.002814,0.006554,-0.009015,0.007932,0.030195,-0.000235,0.012568,-0.002812,0.006554,-0.009015,0.007932,0.030195,-0.000235,0.012568,-0.002812
0.250000,0.306463,-0.000219,0.486135,0.306826,-0.000190,0.486794,0.306826,-0.000190,0.486794,0.000363,0.000030,0.000659,0.000041,-0.000941,0.000105,-0.000432,0.000271,-0.001633,0.000000,0.000000,0.000000,-0.000756,0.003700,0.001940,0.052250,-0.002457,0.098590,0.052250,-0.002457,0.098590,0.003186,-0.013921,-0.005402,0.003186,-0.013921,-0.005402,-0.006146,-0.036142,-0.006856,0.067159,0.002680,0.033574,0.005403,-0.006146,-0.036142,-0.006856,0.067159,0.002680,0.033574,0.005403
0.251000,0.306463,-0.000220,0.486135,0.306826,-0.000190,0.486794,0.306826,-0.000190,0.486794,0.000363,0.000030,0.000659,0.000038,-0.000940,0.000114,-0.000358,-0.000041,-0.001026,0.000000,0.000000,0.000000,0.000348,0.001944,-0.001680,0.050761,0.003849,0.086427,0.050761,0.003849,0.086427,-0.001239,-0.008650,0.005496,-0.001239,-0.008650,0.005496,0.006688,-0.027366,0.006026,0.055956,-0.000433,0.026926,-0.005493,0.006688,-0.027366,0.006026,0.055956,-0.000433,0.026926,-0.005493
0.252000,0.306462,-0.000220,0.486135,0.306826,-0.000190,0.486794,0.306826,-0.000190,0.486794,0.000364,0.000030,0.000658,0.000038,-0.000937,0.000108,-0.000279,-0.000027,-0.000347,0.000000,0.000000,0.000000,0.000233,0.000387,0.000846,0.049238,0.003581,0.072770,0.049238,0.003581,0.072770,-0.000780,-0.003971,-0.002108,-0.000780,-0.003971,-0.002108,-0.000999,-0.018732,0.000243,0.044637,-0.000023,0.020725,0.002109,-0.000999,-0.018732,0.000243,0.044637,-0.000023,0.020725,0.002109
0.253000,0.306462,-0.000221,0.486135,0.306826,-0.000190,0.486794,0.306826,-0.000190,0.486794,0.000364,0.000031,0.000659,0.000037,-0.000937,0.000113,-0.000206,-0.000199,-0.000303,0.000000,0.000000,0.000000,0.000549,0.000410,-0.001084,0.047795,0.007072,0.071921,0.047795,0.007072,0.071921,-0.002047,-0.004043,0.003702,-0.002047,-0.004043,0.003702,0.005880,-0.018765,0.006377,0.044122,-0.000563,0.020420,-0.003699,0.005880,-0.018765,0.006377,0.044122,-0.000563,0.020420,-0.003699
0.254000,0.306462,-0.000221,0.486136,0.306826,-0.000190,0.486794,0.306826,-0.000190,0.486794,0.000364,0.000032,0.000657,0.000041,-0.000933,0.000117,-0.000287,-0.000143,0.000134,0.000000,0.000000,0.000000,-0.001086,-0.001055,-0.001240,0.049472,0.006021,0.063055,0.049472,0.006021,0.063055,0.004511,0.000366,0.004186,0.004511,0.000366,0.004186,0.006042,-0.011377,0.001737,0.035740,0.005772,0.015583,-0.004190,0.006042,-0.011377,0.001737,0.035740,0.005772,0.015583,-0.004190
0.255000,0.306461,-0.000219,0.486136,0.306826,-0.000190,0.486794,0.306826,-0.000190,0.486794,0.000365,0.000029,0.000657,0.000041,-0.000934,0.000106,-0.000373,0.000367,-0.000256,0.000000,0.000000,0.000000,-0.000282,0.000415,0.001634,0.051233,-0.004435,0.070841,0.051233,-0.004435,0.070841,0.001294,-0.004045,-0.004476,0.001294,-0.004045,-0.004476,-0.005825,-0.017908,-0.005504,0.044057,0.000368,0.021048,0.004476,-0.005825,-0.017908,-0.005504,0.044057,0.000368,0.021048,0.004476
0.256000,0.306462,-0.000223,0.486136,0.306826,-0.000190,0.486794,0.306826,-0.000190,0.486794,0.000365,0.000033,0.000658,0.000036,-0.000936,0.000120,-0.000144,-0.000929,-0.000161,0.000000,0.000000,0.000000,0.001216,0.000704,-0.003485,0.046630,0.021864,0.069013,0.046630,0.021864,0.069013,-0.004719,-0.004922,0.010937,-0.004719,-0.004922,0.010937,0.017648,-0.018937,0.018182,0.043477,-0.000131,0.020800,-0.010931,0.017648,-0.018937,0.018182,0.043477,-0.000131,0.020800,-0.010931
0.257000,0.306462,-0.000220,0.486137,0.306826,-0.000190,0.486794,0.306826,-0.000190,0.486794,0.000364,0.000030,0.000657,0.000039,-0.000933,0.000110,0.000127,0.000373,0.000198,0.000000,0.000000,0.000000,-0.000200,-0.000784,0.001112,0.041137,-0.004460,0.061751,0.041137,-0.004460,0.061751,0.000956,-0.000446,-0.002893,0.000956,-0.000446,-0.002893,-0.004251,-0.013071,-0.004155,0.034871,0.000021,0.014526,0.002893,-0.004251,-0.013071,-0.004155,0.034871,0.000021,0.014526,0.002893
0.258000,0.306462,-0.000222,0.486136,0.306826,-0.000190,0.486794,0.306826,-0.000190,0.486794,0.000365,0.000033,0.000658,0.000039,-0.000936,0.000116,-0.000092,-0.000595,-0.000190,0.000000,0.000000,0.000000,-0.000113,0.000545,-0.001006,0.045581,0.015166,0.069604,0.045581,0.015166,0.069604,0.000609,-0.004444,0.003480,0.000609,-0.004444,0.003480,0.008138,-0.018796,0.006967,0.043144,0.003797,0.020150,-0.003479,0.008138,-0.018796,0.006967,0.043144,0.003797,0.020150,-0.003479
0.259000,0.306461,-0.000221,0.486137,0.306826,-0.000190,0.486794,0.306826,-0.000190,0.486794,0.000365,0.000031,0.000656,0.000042,-0.000930,0.000116,-0.000285,-0.000015,0.000422,0.000000,0.000000,0.000000,-0.000537,-0.001610,-0.001113,0.049514,0.003381,0.057206,0.049514,0.003381,0.057206,0.002316,0.002040,0.003801,0.002316,0.002040,0.003801,0.004848,-0.007908,0.002159,0.031312,0.003022,0.013405,-0.003803,0.004848,-0.007908,0.002159,0.031312,0.003022,0.013405,-0.003803
0.260000,0.306461,-0.000219,0.486137,0.306826,-0.000190,0.486794,0.306826,-0.000190,0.486794,0.000365,0.000029,0.000657,0.000040,-0.000931,0.000106,-0.000242,0.000341,0.000251,0.000000,0.000000,0.000000,-0.000751,-0.000815,0.002175,0.048681,-0.003946,0.060636,0.048681,-0.003946,0.060636,0.003164,-0.000348,-0.006099,0.003164,-0.000348,-0.006099,-0.007298,-0.011475,-0.007815,0.035214,0.002341,0.015917,0.006097,-0.007298,-0.011475,-0.007815,0.035214,0.002341,0.015917,0.006097
0.261000,0.306461,-0.000220,0.486139,0.306826,-0.000190,0.486794,0.306826,-0.000190,0.486794,0.000365,0.000030,0.000655,0.000037,-0.000928,0.000113,-0.000066,0.000127,0.000705,0.000000,0.000000,0.000000,0.000793,-0.001464,-0.000483,0.045116,0.000472,0.051382,0.045116,0.000472,0.051382,-0.003023,0.001608,0.001901,-0.003023,0.001608,0.001901,0.002055,-0.007232,0.003648,0.028435,-0.002926,0.012402,-0.001900,0.002055,-0.007232,0.003648,0.028435,-0.002926,0.012402,-0.001900
0.262000,0.306462,-0.000220,0.486138,0.306826,-0.000190,0.486794,0.306826,-0.000190,0.486794,0.000364,0.000030,0.000656,0.000038,-0.000930,0.000112,0.000232,0.000153,0.000168,0.000000,0.000000,0.000000,-0.000610,-0.000359,0.000138,0.039055,-0.000097,0.062213,0.039055,-0.000097,0.062213,0.002588,-0.001712,0.000036,0.002588,-0.001712,0.000036,0.000015,-0.014797,-0.001825,0.036087,0.002568,0.015396,-0.000038,0.000015,-0.014797,-0.001825,0.036087,0.002568,0.015396,-0.000038
0.263000,0.306461,-0.000220,0.486137,0.306826,-0.000190,0.486794,0.306826,-0.000190,0.486794,0.000365,0.000030,0.000656,0.000039,-0.000931,0.000111,-0.000065,-0.000125,-0.000049,0.000000,0.000000,0.000000,0.000273,0.000099,0.000105,0.045083,0.005520,0.066600,0.045083,0.005520,0.066600,-0.000935,-0.003091,0.000128,-0.000935,-0.003091,0.000128,0.001829,-0.016598,0.002560,0.040312,0.000227,0.018430,-0.000126,0.001829,-0.016598,0.002560,0.040312,0.000227,0.018430,-0.000126
0.264000,0.306462,-0.000220,0.486136,0.306826,-0.000190,0.486794,0.306826,-0.000190,0.486794,0.000365,0.000030,0.000657,0.000042,-0.000933,0.000116,0.000070,0.000058,-0.000427,0.000000,0.000000,0.000000,-0.000845,0.000712,-0.001158,0.042351,0.001887,0.074286,0.042351,0.001887,0.074286,0.003547,-0.004933,0.003936,0.003547,-0.004933,0.003936,0.004523,-0.021212,0.000893,0.045427,0.003940,0.020371,-0.003938,0.004523,-0.021212,0.000893,0.045427,0.003940,0.020371,-0.003938
0.266000,0.306461,-0.000219,0.486139,0.306826,-0.000190,0.486794,0.306826,-0.000190,0.486794,0.000365,0.000029,0.000654,0.000043,-0.000924,0.000107,-0.000204,0.000338,0.000586,0.000000,0.000000,0.000000,-0.000097,-0.002076,0.001462,0.047934,-0.003819,0.053705,0.047934,-0.003819,0.053705,0.000559,0.003457,-0.003960,0.000559,0.003457,-0.003960,-0.005120,-0.005661,-0.004420,0.028043,-0.000240,0.011347,0.003958,-0.005120,-0.005661,-0.004420,0.028043,-0.000240,0.011347,0.003958
0.267000,0.306461,-0.000220,0.486139,0.306826,-0.000190,0.486794,0.306826,-0.000190,0.486794,0.000365,0.000030,0.000655,0.000037,-0.000926,0.000115,0.000048,0.000044,0.000020,0.000000,0.000000,0.000000,0.000328,-0.000175,-0.001385,0.042853,0.002102,0.065096,0.042853,0.002102,0.065096,-0.001165,-0.002250,0.004616,-0.001165,-0.002250,0.004616,0.005270,-0.015637,0.004782,0.038474,-0.000728,0.016989,-0.004615,0.005270,-0.015637,0.004782,0.038474,-0.000728,0.016989,-0.004615
0.268000,0.306460,-0.000220,0.486140,0.306826,-0.000190,0.486794,0.306826,-0.000190,0.486794,0.000366,0.000030,0.000654,0.000039,-0.000923,0.000109,-0.000253,-0.000181,0.000340,0.000000,0.000000,0.000000,0.000680,-0.000846,0.000822,0.048989,0.006676,0.058573,0.048989,0.006676,0.058573,-0.002566,-0.000230,-0.002029,-0.002566,-0.000230,-0.002029,0.000027,-0.010679,0.002567,0.034163,-0.001159,0.015685,0.002031,0.000027,-0.010679,0.002567,0.034163,-0.001159,0.015685,0.002031
0.269000,0.306461,-0.000220,0.486140,0.306826,-0.000190,0.486794,0.306826,-0.000190,0.486794,0.000365,0.000030,0.000654,0.000040,-0.000924,0.000113,0.000150,0.000078,0.000184,0.000000,0.000000,0.000000,0.000452,-0.000244,-0.000769,0.040831,0.001427,0.061708,0.040831,0.001427,0.061708,-0.001649,-0.002040,0.002758,-0.001649,-0.002040,0.002758,0.003204,-0.014698,0.003592,0.036406,-0.001351,0.016055,-0.002756,0.003204,-0.014698,0.003592,0.036406,-0.001351,0.016055,-0.002756
0.270000,0.306461,-0.000220,0.486141,0.306826,-0.000190,0.486794,0.306826,-0.000190,0.486794,0.000365,0.000030,0.000653,0.000041,-0.000922,0.000113,-0.000069,0.000074,-0.000014,0.000000,0.000000,0.000000,-0.000552,-0.000068,-0.000121,0.045234,0.001563,0.065594,0.045234,0.001563,0.065594,0.002374,-0.002561,0.000815,0.002374,-0.002561,0.000815,0.001304,-0.015734,-0.000583,0.039324,0.002702,0.017842,-0.000816,0.001304,-0.015734,-0.000583,0.039324,0.002702,0.017842,-0.000816
0.271000,0.306461,-0.000220,0.486141,0.306826,-0.000190,0.486794,0.306826,-0.000190,0.486794,0.000366,0.000031,0.000653,0.000039,-0.000920,0.000114,-0.000040,-0.001622,0.000234,0.000000,0.000000,0.000000,0.000263,-0.001203,-0.005771,0.044668,0.035497,0.060633,0.044668,0.035497,0.060633,-0.000896,0.000850,0.017769,-0.000896,0.000850,0.017769,0.028658,-0.010898,0.024734,0.033496,0.006550,0.013878,-0.017768,0.028658,-0.010898,0.024734,0.033496,0.006550,0.013878,-0.017768
0.272000,0.306460,-0.000219,0.486141,0.306826,-0.000190,0.486794,0.306826,-0.000190,0.486794,0.000366,0.000029,0.000653,0.000041,-0.000919,0.000110,-0.000134,-0.000939,0.000111,0.000000,0.000000,0.000000,-0.000456,-0.000293,-0.003417,0.046629,0.021710,0.063061,0.046629,0.021710,0.063061,0.001987,-0.001881,0.010689,0.001987,-0.001881,0.010689,0.017353,-0.014065,0.013211,0.037625,0.006543,0.017234,-0.010690,0.017353,-0.014065,0.013211,0.037625,0.006543,0.017234,-0.010690
0.273000,0.306460,-0.000219,0.486140,0.306826,-0.000190,0.486794,0.306826,-0.000190,0.486794,0.000366,0.000029,0.000653,0.000042,-0.000921,0.000108,-0.000040,-0.000735,-0.000146,0.000000,0.000000,0.000000,-0.000697,0.000693,-0.002085,0.044749,0.017621,0.068255,0.044749,0.017621,0.068255,0.002957,-0.004843,0.006685,0.002957,-0.004843,0.006685,0.012094,-0.018904,0.008363,0.042797,0.006658,0.020256,-0.006686,0.012094,-0.018904,0.008363,0.042797,0.006658,0.020256,-0.006686
0.274000,0.306461,-0.000220,0.486142,0.306826,-0.000190,0.486794,0.306826,-0.000190,0.486794,0.000366,0.000030,0.000651,0.000038,-0.000916,0.000113,0.000228,-0.000760,0.000513,0.000000,0.000000,0.000000,-0.000072,-0.001219,-0.002821,0.039305,0.018181,0.054877,0.039305,0.018181,0.054877,0.000438,0.000909,0.008916,0.000438,0.000909,0.008916,0.014496,-0.009892,0.011905,0.030034,0.004252,0.012185,-0.008916,0.014496,-0.009892,0.011905,0.030034,0.004252,0.012185,-0.008916
0.275000,0.306460,-0.000219,0.486140,0.306826,-0.000190,0.486794,0.306826,-0.000190,0.486794,0.000366,0.000029,0.000654,0.000039,-0.000921,0.000108,0.000082,-0.000353,-0.000398,0.000000,0.000000,0.000000,0.000190,0.000951,-0.001035,0.042246,0.009974,0.073323,0.042246,0.009974,0.073323,-0.000606,-0.005617,0.003537,-0.000606,-0.005617,0.003537,0.006603,-0.021619,0.006179,0.045644,0.001489,0.020949,-0.003535,0.006603,-0.021619,0.006179,0.045644,0.001489,0.020949,-0.003535
0.276000,0.306460,-0.000219,0.486142,0.306826,-0.000190,0.486794,0.306826,-0.000190,0.486794,0.000366,0.000029,0.000652,0.000037,-0.000915,0.000111,0.000011,-0.000374,0.000435,0.000000,0.000000,0.000000,0.000961,-0.001494,-0.001756,0.043699,0.010415,0.056462,0.043699,0.010415,0.056462,-0.003695,0.001736,0.005712,-0.003695,0.001736,0.005712,0.008913,-0.008878,0.010048,0.030522,-0.001511,0.012423,-0.005709,0.008913,-0.008878,0.010048,0.030522,-0.001511,0.012423,-0.005709
0.277000,0.306460,-0.000218,0.486142,0.306826,-0.000190,0.486794,0.306826,-0.000190,0.486794,0.000366,0.000028,0.000652,0.000040,-0.000917,0.000109,0.000071,0.000025,0.000309,0.000000,0.000000,0.000000,-0.000385,-0.000394,-0.000982,0.042466,0.002347,0.058973,0.042466,0.002347,0.058973,0.001704,-0.001568,0.003385,0.001704,-0.001568,0.003385,0.004114,-0.013137,0.001961,0.034852,0.002194,0.015686,-0.003386,0.004114,-0.013137,0.001961,0.034852,0.002194,0.015686,-0.003386
0.278000,0.306460,-0.000220,0.486142,0.306826,-0.000190,0.486794,0.306826,-0.000190,0.486794,0.000366,0.000031,0.000652,0.000039,-0.000917,0.000109,0.000111,-0.000720,-0.000207,0.000000,0.000000,0.000000,0.000349,0.000614,-0.000534,0.041690,0.017456,0.069346,0.041690,0.017456,0.069346,-0.001240,-0.004594,0.002036,-0.001240,-0.004594,0.002036,0.007394,-0.019465,0.007999,0.042673,0.002431,0.019459,-0.002034,0.007394,-0.019465,0.007999,0.042673,0.002431,0.019459,-0.002034
0.279000,0.306461,-0.000217,0.486141,0.306826,-0.000190,0.486794,0.306826,-0.000190,0.486794,0.000366,0.000027,0.000652,0.000041,-0.000918,0.000105,0.000217,0.000367,-0.000285,0.000000,0.000000,0.000000,0.000022,0.000695,0.000319,0.039533,-0.004624,0.070925,0.039533,-0.004624,0.070925,0.000077,-0.004836,-0.000537,0.000077,-0.004836,-0.000537,-0.001946,-0.020518,-0.001922,0.043385,-0.000894,0.019387,0.000539,-0.001946,-0.020518,-0.001922,0.043385,-0.000894,0.019387,0.000539
0.280000,0.306460,-0.000217,0.486142,0.306826,-0.000190,0.486794,0.306826,-0.000190,0.486794,0.000366,0.000028,0.000652,0.000038,-0.000916,0.000104,0.000059,-0.000215,-0.000019,0.000000,0.000000,0.000000,-0.000032,-0.000093,0.000195,0.042723,0.007070,0.065558,0.042723,0.007070,0.065558,0.000280,-0.002467,-0.000166,0.000280,-0.002467,-0.000166,0.002010,-0.016015,0.001995,0.038892,0.001768,0.017217,0.000167,0.002010,-0.016015,0.001995,0.038892,0.001768,0.017217,0.000167
0.281000,0.306460,-0.000218,0.486143,0.306826,-0.000190,0.486794,0.306826,-0.000190,0.486794,0.000366,0.000028,0.000651,0.000041,-0.000914,0.000106,-0.000018,0.000036,-0.000037,0.000000,0.000000,0.000000,-0.000810,0.000209,0.000083,0.044318,0.002100,0.065844,0.044318,0.002100,0.065844,0.003404,-0.003370,0.000174,0.003404,-0.003370,0.000174,0.000827,-0.016760,-0.001591,0.040134,0.003847,0.018480,-0.000176,0.000827,-0.016760,-0.001591,0.040134,0.003847,0.018480,-0.000176
0.282000,0.306459,-0.000218,0.486141,0.306826,-0.000190,0.486794,0.306826,-0.000190,0.486794,0.000367,0.000028,0.000653,0.000040,-0.000919,0.000107,-0.000131,0.000225,-0.000785,0.000000,0.000000,0.000000,0.000092,0.002140,-0.000237,0.046646,-0.001720,0.081024,0.046646,-0.001720,0.081024,-0.000208,-0.009177,0.001139,-0.000208,-0.009177,0.001139,0.000623,-0.026867,0.000409,0.053406,-0.000568,0.026112,-0.001137,0.000623,-0.026867,0.000409,0.053406,-0.000568,0.026112,-0.001137
0.283000,0.306460,-0.000217,0.486144,0.306826,-0.000190,0.486794,0.306826,-0.000190,0.486794,0.000367,0.000027,0.000650,0.000042,-0.000911,0.000100,0.000004,0.000093,0.000432,0.000000,0.000000,0.000000,-0.000176,-0.001402,0.001787,0.043914,0.000875,0.056388,0.043914,0.000875,0.056388,0.000871,0.001472,-0.004962,0.000871,0.001472,-0.004962,-0.004684,-0.009084,-0.003823,0.030779,0.001061,0.012721,0.004961,-0.004684,-0.009084,-0.003823,0.030779,0.001061,0.012721,0.004961
0.284000,0.306459,-0.000217,0.486141,0.306826,-0.000190,0.486794,0.306826,-0.000190,0.486794,0.000367,0.000027,0.000652,0.000041,-0.000916,0.000105,-0.000522,0.000228,0.000320,0.000000,0.000000,0.000000,-0.000119,-0.001498,-0.000235,0.054484,-0.001820,0.058835,0.054484,-0.001820,0.058835,0.000639,0.001745,0.001125,0.000639,0.001745,0.001125,0.000578,-0.007939,-0.000236,0.033014,0.000255,0.014890,-0.001126,0.000578,-0.007939,-0.000236,0.033014,0.000255,0.014890,-0.001126
0.285000,0.306460,-0.000219,0.486143,0.306826,-0.000190,0.486794,0.306826,-0.000190,0.486794,0.000366,0.000029,0.000651,0.000040,-0.000914,0.000108,-0.000234,-0.000495,0.000863,0.000000,0.000000,0.000000,0.000553,-0.002468,-0.001487,0.048639,0.012776,0.047844,0.048639,0.012776,0.047844,-0.002049,0.004661,0.004892,-0.002049,0.004661,0.004892,0.008819,-0.002557,0.009074,0.024161,0.000633,0.009779,-0.004892,0.008819,-0.002557,0.009074,0.024161,0.000633,0.009779,-0.004892
0.286000,0.306460,-0.000218,0.486142,0.306826,-0.000190,0.486794,0.306826,-0.000190,0.486794,0.000366,0.000028,0.000651,0.000041,-0.000915,0.000102,-0.000027,0.000190,-0.000017,0.000000,0.000000,0.000000,-0.000025,-0.000257,0.001218,0.044449,-0.001013,0.065478,0.044449,-0.001013,0.065478,0.000262,-0.001973,-0.003246,0.000262,-0.001973,-0.003246,-0.003547,-0.015232,-0.002793,0.038583,0.000053,0.017079,0.003247,-0.003547,-0.015232,-0.002793,0.038583,0.000053,0.017079,0.003247
0.287000,0.306460,-0.000216,0.486142,0.306826,-0.000190,0.486794,0.306826,-0.000190,0.486794,0.000367,0.000026,0.000651,0.000038,-0.000915,0.000106,-0.000197,0.000167,0.000210,0.000000,0.000000,0.000000,0.000186,-0.000698,-0.000653,0.047941,-0.000696,0.060958,0.047941,-0.000696,0.060958,-0.000591,-0.000650,0.002381,-0.000591,-0.000650,0.002381,0.002178,-0.011989,0.001888,0.035574,-0.000740,0.016095,-0.002381,0.002178,-0.011989,0.001888,0.035574,-0.000740,0.016095,-0.002381
0.288000,0.306459,-0.000217,0.486143,0.306826,-0.000190,0.486794,0.306826,-0.000190,0.486794,0.000367,0.000027,0.000651,0.000042,-0.000915,0.000100,-0.000165,0.000017,0.000439,0.000000,0.000000,0.000000,-0.000316,-0.000751,0.001289,0.047313,0.002360,0.056315,0.047313,0.002360,0.056315,0.001430,-0.000492,-0.003467,0.001430,-0.000492,-0.003467,-0.002734,-0.010505,-0.002681,0.033144,0.001931,0.015394,0.003466,-0.002734,-0.010505,-0.002681,0.033144,0.001931,0.015394,0.003466
0.289000,0.306459,-0.000217,0.486143,0.306826,-0.000190,0.486794,0.306826,-0.000190,0.486794,0.000367,0.000027,0.000651,0.000044,-0.000915,0.000106,-0.000123,0.000020,0.000318,0.000000,0.000000,0.000000,-0.000606,-0.000584,-0.001037,0.046471,0.002299,0.058734,0.046471,0.002299,0.058734,0.002599,-0.000992,0.003534,0.002599,-0.000992,0.003534,0.004249,-0.011874,0.001417,0.034676,0.003079,0.015931,-0.003536,0.004249,-0.011874,0.001417,0.034676,0.003079,0.015931,-0.003536
0.290000,0.306459,-0.000217,0.486145,0.306826,-0.000190,0.486794,0.306826,-0.000190,0.486794,0.000367,0.000028,0.000649,0.000042,-0.000910,0.000106,-0.000190,0.000063,0.000835,0.000000,0.000000,0.000000,-0.000167,-0.002122,-0.000458,0.047861,0.001512,0.048211,0.047861,0.001512,0.048211,0.000835,0.003637,0.001798,0.000835,0.003637,0.001798,0.002272,-0.003809,0.001184,0.025259,0.001151,0.010670,-0.001799,0.002272,-0.003809,0.001184,0.025259,0.001151,0.010670,-0.001799
0.291000,0.306460,-0.000217,0.486141,0.306826,-0.000190,0.486794,0.306826,-0.000190,0.486794,0.000367,0.000027,0.000652,0.000042,-0.000918,0.000100,0.000031,0.000031,-0.000518,0.000000,0.000000,0.000000,0.000285,0.001271,0.001349,0.043374,0.002104,0.075597,0.043374,0.002104,0.075597,-0.000972,-0.006567,-0.003645,-0.000972,-0.006567,-0.003645,-0.002990,-0.023093,-0.001187,0.047814,-0.000524,0.022335,0.003647,-0.002990,-0.023093,-0.001187,0.047814,-0.000524,0.022335,0.003647
0.292000,0.306460,-0.000215,0.486142,0.306826,-0.000190,0.486794,0.306826,-0.000190,0.486794,0.000366,0.000025,0.000651,0.000042,-0.000914,0.000103,0.000206,0.000362,0.000017,0.000000,0.000000,0.000000,-0.000904,-0.000346,-0.000217,0.039806,-0.004702,0.064797,0.039806,-0.004702,0.064797,0.003783,-0.001705,0.001064,0.003783,-0.001705,0.001064,-0.000368,-0.015466,-0.003441,0.037395,0.002793,0.015773,-0.001067,-0.000368,-0.015466,-0.003441,0.037395,0.002793,0.015773,-0.001067
0.293000,0.306459,-0.000217,0.486143,0.306826,-0.000190,0.486794,0.306826,-0.000190,0.486794,0.000367,0.000027,0.000650,0.000042,-0.000912,0.000100,-0.000109,0.000030,0.000365,0.000000,0.000000,0.000000,-0.000141,-0.001192,0.001362,0.046186,0.002110,0.057728,0.046186,0.002110,0.057728,0.000731,0.000841,-0.003685,0.000731,0.000841,-0.003685,-0.003029,-0.009778,-0.002421,0.032334,0.001179,0.013949,0.003685,-0.003029,-0.009778,-0.002421,0.032334,0.001179,0.013949,0.003685
0.294000,0.306460,-0.000218,0.486143,0.306826,-0.000190,0.486794,0.306826,-0.000190,0.486794,0.000367,0.000028,0.000651,0.000040,-0.000914,0.000104,0.000059,-0.000111,-0.000141,0.000000,0.000000,0.000000,0.000537,0.000629,-0.000232,0.042818,0.005011,0.067907,0.042818,0.005011,0.067907,-0.001990,-0.004629,0.001114,-0.001990,-0.004629,0.001114,0.002658,-0.018883,0.003837,0.042175,-0.000936,0.019606,-0.001111,0.002658,-0.018883,0.003837,0.042175,-0.000936,0.019606,-0.001111
0.295000,0.306459,-0.000218,0.486142,0.306826,-0.000190,0.486794,0.306826,-0.000190,0.486794,0.000367,0.000029,0.000652,0.000042,-0.000917,0.000108,-0.000046,-0.000519,-0.000396,0.000000,0.000000,0.000000,0.000311,0.001054,-0.001851,0.044936,0.013233,0.073142,0.044936,0.013233,0.073142,-0.001079,-0.005914,0.005984,-0.001079,-0.005914,0.005984,0.010050,-0.021450,0.009303,0.046201,0.001699,0.021797,-0.005982,0.010050,-0.021450,0.009303,0.046201,0.001699,0.021797,-0.005982
0.296000,0.306460,-0.000217,0.486141,0.306826,-0.000190,0.486794,0.306826,-0.000190,0.486794,0.000366,0.000027,0.000653,0.000041,-0.000918,0.000102,0.000160,0.000219,-0.000387,0.000000,0.000000,0.000000,0.000018,0.000740,0.002001,0.040728,-0.001639,0.073004,0.040728,-0.001639,0.073004,0.000093,-0.004974,-0.005595,0.000093,-0.004974,-0.005595,-0.006088,-0.021110,-0.004534,0.044658,-0.000245,0.019957,0.005596,-0.006088,-0.021110,-0.004534,0.044658,-0.000245,0.019957,0.005596
0.297000,0.306460,-0.000218,0.486142,0.306826,-0.000190,0.486794,0.306826,-0.000190,0.486794,0.000366,0.000028,0.000651,0.000040,-0.000915,0.000110,0.000131,-0.000409,0.000028,0.000000,0.000000,0.000000,-0.000193,0.000106,-0.002303,0.041328,0.010966,0.064575,0.041328,0.010966,0.064575,0.000932,-0.003063,0.007349,0.000932,-0.003063,0.007349,0.010719,-0.016524,0.008105,0.038844,0.003230,0.017434,-0.007349,0.010719,-0.016524,0.008105,0.038844,0.003230,0.017434,-0.007349
0.298000,0.306460,-0.000217,0.486141,0.306826,-0.000190,0.486794,0.306826,-0.000190,0.486794,0.000367,0.000028,0.000653,0.000042,-0.000917,0.000106,-0.000096,-0.000059,-0.000355,0.000000,0.000000,0.000000,0.000075,0.000443,-0.000504,0.045921,0.003934,0.072376,0.045921,0.003934,0.072376,-0.000134,-0.004081,0.001936,-0.000134,-0.004081,0.001936,0.003151,-0.019229,0.002755,0.044135,0.000692,0.020104,-0.001934,0.003151,-0.019229,0.002755,0.044135,0.000692,0.020104,-0.001934
0.299000,0.306460,-0.000219,0.486140,0.306826,-0.000190,0.486794,0.306826,-0.000190,0.486794,0.000366,0.000029,0.000653,0.000043,-0.000922,0.000109,0.000020,-0.000424,-0.000379,0.000000,0.000000,0.000000,-0.000153,0.001594,-0.001450,0.043558,0.011348,0.072921,0.043558,0.011348,0.072921,0.000784,-0.007546,0.004785,0.000784,-0.007546,0.004785,0.008272,-0.023224,0.006522,0.047551,0.003168,0.023119,-0.004783,0.008272,-0.023224,0.006522,0.047551,0.003168,0.023119,-0.004783
0.300000,0.306460,-0.000217,0.486142,0.306826,-0.000190,0.486794,0.306826,-0.000190,0.486794,0.000367,0.000028,0.000652,0.000044,-0.000917,0.000105,0.000028,0.000112,-0.000039,0.000000,0.000000,0.000000,-0.000293,0.000027,0.000254,0.043434,0.000524,0.066002,0.043434,0.000524,0.066002,0.001347,-0.002832,-0.000343,0.001347,-0.002832,-0.000343,-0.000173,-0.016407,-0.001013,0.039558,0.001459,0.017770,0.000343,-0.000173,-0.016407,-0.001013,0.039558,0.001459,0.017770,0.000343
0.301000,0.306460,-0.000217,0.486141,0.306826,-0.000190,0.486794,0.306826,-0.000190,0.486794,0.000366,0.000028,0.000653,0.000042,-0.000919,0.000103,0.000160,0.000295,-0.000172,0.000000,0.000000,0.000000,0.000043,0.000301,0.001201,0.040697,-0.003137,0.068750,0.040697,-0.003137,0.068750,-0.000003,-0.003661,-0.003189,-0.000003,-0.003661,-0.003189,-0.004141,-0.018498,-0.003255,0.041333,-0.000658,0.018264,0.003190,-0.004141,-0.018498,-0.003255,0.041333,-0.000658,0.018264,0.003190
0.302000,0.306460,-0.000220,0.486140,0.306826,-0.000190,0.486794,0.306826,-0.000190,0.486794,0.000366,0.000030,0.000654,0.000039,-0.000920,0.000112,-0.000108,-0.000506,-0.000230,0.000000,0.000000,0.000000,0.000816,0.000470,-0.002083,0.046128,0.013124,0.069962,0.046128,0.013124,0.069962,-0.003109,-0.004170,0.006699,-0.003109,-0.004170,0.006699,0.010731,-0.018549,0.011210,0.043110,-0.000355,0.020025,-0.006695,0.010731,-0.018549,0.011210,0.043110,-0.000355,0.020025,-0.006695
0.303000,0.306460,-0.000219,0.486142,0.306826,-0.000190,0.486794,0.306826,-0.000190,0.486794,0.000366,0.000029,0.000652,0.000041,-0.000917,0.000109,0.000083,-0.000036,0.000416,0.000000,0.000000,0.000000,-0.000088,-0.000895,-0.000201,0.042253,0.003638,0.056863,0.042253,0.003638,0.056863,0.000514,-0.000067,0.001040,0.000514,-0.000067,0.001040,0.002164,-0.011023,0.001565,0.032328,0.001278,0.013954,-0.001040,0.002164,-0.011023,0.001565,0.032328,0.001278,0.013954,-0.001040
0.304000,0.306461,-0.000220,0.486142,0.306826,-0.000190,0.486794,0.306826,-0.000190,0.486794,0.000365,0.000030,0.000652,0.000040,-0.000914,0.000112,0.000055,-0.000629,0.000278,0.000000,0.000000,0.000000,0.000592,-0.000598,-0.001543,0.042735,0.015620,0.059608,0.042735,0.015620,0.059608,-0.002208,-0.000948,0.005075,-0.002208,-0.000948,0.005075,0.009871,-0.012674,0.010235,0.034565,0.001072,0.015179,-0.005073,0.009871,-0.012674,0.010235,0.034565,0.001072,0.015179,-0.005073
0.305000,0.306461,-0.000220,0.486141,0.306826,-0.000190,0.486794,0.306826,-0.000190,0.486794,0.000366,0.000031,0.000652,0.000040,-0.000918,0.000115,0.000072,-0.000365,-0.000006,0.000000,0.000000,0.000000,0.000138,0.000395,-0.001694,0.042439,0.010360,0.065360,0.042439,0.010360,0.065360,-0.000393,-0.003939,0.005543,-0.000393,-0.003939,0.005543,0.008727,-0.017471,0.007570,0.040233,0.001781,0.018613,-0.005541,0.008727,-0.017471,0.007570,0.040233,0.001781,0.018613,-0.005541
0.306000,0.306460,-0.000219,0.486141,0.306826,-0.000190,0.486794,0.306826,-0.000190,0.486794,0.000366,0.000029,0.000653,0.000038,-0.000919,0.000111,-0.000036,-0.000140,-0.000310,0.000000,0.000000,0.000000,0.000140,0.000912,-0.000310,0.044675,0.005715,0.071482,0.044675,0.005715,0.071482,-0.000407,-0.005493,0.001376,-0.000407,-0.005493,0.001376,0.003137,-0.020558,0.003130,0.044965,0.000795,0.021175,-0.001374,0.003137,-0.020558,0.003130,0.044965,0.000795,0.021175,-0.001374
0.307000,0.306460,-0.000219,0.486140,0.306826,-0.000190,0.486794,0.306826,-0.000190,0.486794,0.000366,0.000029,0.000654,0.000041,-0.000919,0.000110,0.000147,0.000003,-0.000575,0.000000,0.000000,0.000000,0.000046,0.000975,0.000098,0.040978,0.002856,0.076859,0.040978,0.002856,0.076859,-0.000023,-0.005684,0.000144,-0.000023,-0.005684,0.000144,0.001029,-0.022964,0.001061,0.047219,0.000579,0.021059,-0.000143,0.001029,-0.022964,0.001061,0.047219,0.000579,0.021059,-0.000143
0.308000,0.306460,-0.000219,0.486142,0.306826,-0.000190,0.486794,0.306826,-0.000190,0.486794,0.000366,0.000030,0.000651,0.000042,-0.000917,0.000113,0.000082,-0.000137,0.000554,0.000000,0.000000,0.000000,-0.000127,-0.000924,-0.000986,0.042252,0.005705,0.054057,0.042252,0.005705,0.054057,0.000674,0.000023,0.003409,0.000674,0.000023,0.003409,0.005167,-0.010074,0.003797,0.030913,0.001871,0.013618,-0.003409,0.005167,-0.010074,0.003797,0.030913,0.001871,0.013618,-0.003409
0.309000,0.306459,-0.000221,0.486140,0.306826,-0.000190,0.486794,0.306826,-0.000190,0.486794,0.000367,0.000031,0.000654,0.000039,-0.000919,0.000113,-0.000150,-0.000272,-0.000247,0.000000,0.000000,0.000000,0.000311,0.000081,-0.000304,0.047026,0.008530,0.070318,0.047026,0.008530,0.070318,-0.001085,-0.003002,0.001365,-0.001085,-0.003002,0.001365,0.003990,-0.017351,0.004519,0.042226,0.000709,0.019076,-0.001364,0.003990,-0.017351,0.004519,0.042226,0.000709,0.019076,-0.001364
0.310000,0.306460,-0.000222,0.486139,0.306826,-0.000190,0.486794,0.306826,-0.000190,0.486794,0.000366,0.000032,0.000655,0.000038,-0.000924,0.000120,-0.000037,-0.000573,-0.000551,0.000000,0.000000,0.000000,0.001061,0.001676,-0.002038,0.044689,0.014692,0.076495,0.044689,0.014692,0.076495,-0.004092,-0.007801,0.006594,-0.004092,-0.007801,0.006594,0.011107,-0.024404,0.012341,0.049639,-0.001007,0.023927,-0.006589,0.011107,-0.024404,0.012341,0.049639,-0.001007,0.023927,-0.006589
0.311000,0.306461,-0.000221,0.486141,0.306826,-0.000190,0.486794,0.306826,-0.000190,0.486794,0.000366,0.000031,0.000653,0.000038,-0.000920,0.000113,0.000181,0.000168,0.000223,0.000000,0.000000,0.000000,0.000313,-0.000326,0.000716,0.040248,-0.000295,0.060836,0.040248,-0.000295,0.060836,-0.001100,-0.001781,-0.001693,-0.001100,-0.001781,-0.001693,-0.001774,-0.014261,-0.000499,0.035661,-0.001159,0.015596,0.001694,-0.001774,-0.014261,-0.000499,0.035661,-0.001159,0.015596,0.001694
0.312000,0.306460,-0.000221,0.486140,0.306826,-0.000190,0.486794,0.306826,-0.000190,0.486794,0.000366,0.000031,0.000654,0.000040,-0.000922,0.000115,-0.000085,0.000074,-0.000441,0.000000,0.000000,0.000000,-0.000489,0.001226,-0.000188,0.045659,0.001598,0.074237,0.045659,0.001598,0.074237,0.002113,-0.006446,0.001026,0.002113,-0.006446,0.001026,0.001526,-0.022204,-0.000238,0.047343,0.002450,0.022575,-0.001026,0.001526,-0.022204,-0.000238,0.047343,0.002450,0.022575,-0.001026
0.313000,0.306460,-0.000220,0.486140,0.306826,-0.000190,0.486794,0.306826,-0.000190,0.486794,0.000366,0.000030,0.000654,0.000042,-0.000924,0.000111,0.000008,0.000326,-0.000275,0.000000,0.000000,0.000000,-0.000766,0.001419,0.001556,0.043800,-0.003531,0.070885,0.043800,-0.003531,0.070885,0.003233,-0.007028,-0.004224,0.003233,-0.007028,-0.004224,-0.005296,-0.022043,-0.006404,0.046105,0.002498,0.022470,0.004224,-0.005296,-0.022043,-0.006404,0.046105,0.002498,0.022470,0.004224
0.314000,0.306460,-0.000220,0.486140,0.306826,-0.000190,0.486794,0.306826,-0.000190,0.486794,0.000366,0.000030,0.000654,0.000039,-0.000924,0.000109,0.000112,0.000021,-0.000139,0.000000,0.000000,0.000000,0.000831,0.000437,0.001004,0.041642,0.002563,0.068203,0.041642,0.002563,0.068203,-0.003171,-0.004083,-0.002576,-0.003171,-0.004083,-0.002576,-0.001782,-0.018608,0.001272,0.041619,-0.002627,0.018838,0.002580,-0.001782,-0.018608,0.001272,0.041619,-0.002627,0.018838,0.002580
0.315000,0.306460,-0.000219,0.486138,0.306826,-0.000190,0.486794,0.306826,-0.000190,0.486794,0.000366,0.000029,0.000656,0.000043,-0.000927,0.000112,-0.000018,0.000114,-0.000597,0.000000,0.000000,0.000000,-0.000741,0.001168,-0.000586,0.044271,0.000649,0.077538,0.044271,0.000649,0.077538,0.003137,-0.006284,0.002205,0.003137,-0.006284,0.002205,0.002413,-0.023267,-0.000440,0.048561,0.003273,0.022412,-0.002206,0.002413,-0.023267,-0.000440,0.048561,0.003273,0.022412,-0.002206
0.316000,0.306460,-0.000222,0.486138,0.306826,-0.000190,0.486794,0.306826,-0.000190,0.486794,0.000366,0.000032,0.000656,0.000037,-0.000929,0.000116,-0.000113,-0.001051,-0.000440,0.000000,0.000000,0.000000,0.000552,0.001253,-0.001848,0.046194,0.024225,0.074413,0.046194,0.024225,0.074413,-0.002062,-0.006546,0.006009,-0.002062,-0.006546,0.006009,0.013444,-0.022284,0.013587,0.047594,0.003030,0.022805,-0.006006,0.013444,-0.022284,0.013587,0.047594,0.003030,0.022805,-0.006006
0.317000,0.306461,-0.000222,0.486137,0.306826,-0.000190,0.486794,0.306826,-0.000190,0.486794,0.000366,0.000032,0.000657,0.000038,-0.000929,0.000120,0.000110,-0.000477,-0.000422,0.000000,0.000000,0.000000,0.000176,0.000917,-0.001822,0.041668,0.012790,0.074099,0.041668,0.012790,0.074099,-0.000554,-0.005539,0.005945,-0.000554,-0.005539,0.005945,0.009873,-0.021869,0.008757,0.045858,0.002130,0.020818,-0.005943,0.009873,-0.021869,0.008757,0.045858,0.002130,0.020818,-0.005943
0.318000,0.306460,-0.000221,0.486138,0.306826,-0.000190,0.486794,0.306826,-0.000190,0.486794,0.000366,0.000031,0.000655,0.000039,-0.000927,0.000117,-0.000040,0.000234,0.000110,0.000000,0.000000,0.000000,-0.000343,-0.000027,-0.000355,0.044708,-0.001566,0.063332,0.044708,-0.001566,0.063332,0.001530,-0.002699,0.001534,0.001530,-0.002699,0.001534,0.001064,-0.015261,-0.000495,0.038329,0.001200,0.017671,-0.001534,0.001064,-0.015261,-0.000495,0.038329,0.001200,0.017671,-0.001534
0.319000,0.306460,-0.000222,0.486138,0.306826,-0.000190,0.486794,0.306826,-0.000190,0.486794,0.000366,0.000032,0.000656,0.000039,-0.000928,0.000113,-0.000048,-0.000279,-0.000168,0.000000,0.000000,0.000000,0.000424,0.000302,0.000879,0.044886,0.008762,0.068981,0.044886,0.008762,0.068981,-0.001539,-0.003689,-0.002185,-0.001539,-0.003689,-0.002185,0.000511,-0.017956,0.002408,0.042008,0.000308,0.019194,0.002187,0.000511,-0.017956,0.002408,0.042008,0.000308,0.019194,0.002187
0.320000,0.306461,-0.000222,0.486139,0.306826,-0.000190,0.486794,0.306826,-0.000190,0.486794,0.000365,0.000032,0.000655,0.000037,-0.000925,0.000120,0.000146,0.000028,0.000195,0.000000,0.000000,0.000000,0.000484,-0.000865,-0.000824,0.040925,0.002690,0.061617,0.040925,0.002690,0.061617,-0.001786,-0.000180,0.002954,-0.001786,-0.000180,0.002954,0.003787,-0.012796,0.004238,0.034514,-0.001224,0.014206,-0.002952,0.003787,-0.012796,0.004238,0.034514,-0.001224,0.014206,-0.002952
0.321000,0.306460,-0.000222,0.486137,0.306826,-0.000190,0.486794,0.306826,-0.000190,0.486794,0.000366,0.000032,0.000657,0.000040,-0.000929,0.000116,-0.000031,0.000026,-0.000156,0.000000,0.000000,0.000000,-0.000734,0.000252,0.000647,0.044549,0.002687,0.068823,0.044549,0.002687,0.068823,0.003095,-0.003544,-0.001479,0.003095,-0.003544,-0.001479,-0.000646,-0.017812,-0.002349,0.041744,0.003663,0.018964,0.001478,-0.000646,-0.017812,-0.002349,0.041744,0.003663,0.018964,0.001478
0.322000,0.306459,-0.000220,0.486137,0.306826,-0.000190,0.486794,0.306826,-0.000190,0.486794,0.000367,0.000030,0.000657,0.000038,-0.000930,0.000107,-0.000388,0.000560,-0.000083,0.000000,0.000000,0.000000,0.000175,0.000086,0.003276,0.051838,-0.008167,0.067376,0.051838,-0.008167,0.067376,-0.000548,-0.003047,-0.009401,-0.000548,-0.003047,-0.009401,-0.011893,-0.015756,-0.008891,0.041503,-0.002254,0.019873,0.009402,-0.011893,-0.015756,-0.008891,0.041503,-0.002254,0.019873,0.009402
0.323000,0.306460,-0.000222,0.486136,0.306826,-0.000190,0.486794,0.306826,-0.000190,0.486794,0.000366,0.000033,0.000657,0.000036,-0.000931,0.000119,-0.000025,-0.000358,-0.000404,0.000000,0.000000,0.000000,0.000904,0.001026,-0.002013,0.044454,0.010416,0.073828,0.044454,0.010416,0.073828,-0.003472,-0.005870,0.006516,-0.003472,-0.005870,0.006516,0.009718,-0.021690,0.010459,0.046419,-0.001287,0.021713,-0.006511,0.009718,-0.021690,0.010459,0.046419,-0.001287,0.021713,-0.006511
0.324000,0.306460,-0.000222,0.486137,0.306826,-0.000190,0.486794,0.306826,-0.000190,0.486794,0.000366,0.000032,0.000657,0.000039,-0.000926,0.000112,-0.000066,0.000279,-0.000049,0.000000,0.000000,0.000000,-0.000388,-0.000202,0.001824,0.045230,-0.002421,0.066701,0.045230,-0.002421,0.066701,0.001708,-0.002172,-0.005024,0.001708,-0.002172,-0.005024,-0.005756,-0.015686,-0.005530,0.039459,0.001205,0.017548,0.005023,-0.005756,-0.015686,-0.005530,0.039459,0.001205,0.017548,0.005023
0.325000,0.306460,-0.000221,0.486137,0.306826,-0.000190,0.486794,0.306826,-0.000190,0.486794,0.000366,0.000031,0.000656,0.000040,-0.000928,0.000116,0.000161,0.000241,0.000317,0.000000,0.000000,0.000000,-0.000517,-0.000455,-0.000705,0.040691,-0.001711,0.059317,0.040691,-0.001711,0.059317,0.002226,-0.001419,0.002579,0.002226,-0.001419,0.002579,0.002064,-0.013366,-0.000296,0.034638,0.001863,0.015194,-0.002580,0.002064,-0.013366,-0.000296,0.034638,0.001863,0.015194,-0.002580
0.326000,0.306460,-0.000220,0.486137,0.306826,-0.000190,0.486794,0.306826,-0.000190,0.486794,0.000366,0.000030,0.000657,0.000040,-0.000929,0.000113,-0.000014,0.000106,-0.000073,0.000000,0.000000,0.000000,-0.000088,0.000491,-0.000041,0.044226,0.000921,0.067109,0.044226,0.000921,0.067109,0.000512,-0.004261,0.000575,0.000512,-0.004261,0.000575,0.000868,-0.018055,0.000358,0.041612,0.000706,0.019464,-0.000575,0.000868,-0.018055,0.000358,0.041612,0.000706,0.019464,-0.000575
0.327000,0.306460,-0.000221,0.486138,0.306826,-0.000190,0.486794,0.306826,-0.000190,0.486794,0.000366,0.000032,0.000656,0.000038,-0.000923,0.000114,-0.000178,-0.000206,0.000056,0.000000,0.000000,0.000000,0.000383,-0.000704,-0.000014,0.047476,0.007290,0.064443,0.047476,0.007290,0.064443,-0.001381,-0.000656,0.000495,-0.001381,-0.000656,0.000495,0.002740,-0.013135,0.003712,0.037165,0.000153,0.016309,-0.000494,0.002740,-0.013135,0.003712,0.037165,0.000153,0.016309,-0.000494
0.328000,0.306460,-0.000220,0.486135,0.306826,-0.000190,0.486794,0.306826,-0.000190,0.486794,0.000366,0.000030,0.000659,0.000040,-0.000934,0.000115,-0.000005,0.000182,-0.000568,0.000000,0.000000,0.000000,0.000017,0.002039,-0.000769,0.044066,-0.000632,0.077219,0.044066,-0.000632,0.077219,0.000090,-0.008921,0.002766,0.000090,-0.008921,0.002766,0.002583,-0.025838,0.001700,0.051021,-0.000043,0.024978,-0.002764,0.002583,-0.025838,0.001700,0.051021,-0.000043,0.024978,-0.002764
0.329000,0.306460,-0.000221,0.486137,0.306826,-0.000190,0.486794,0.306826,-0.000190,0.486794,0.000366,0.000031,0.000657,0.000040,-0.000928,0.000110,-0.000968,0.000134,0.001689,0.000000,0.000000,0.000000,-0.000448,-0.005581,0.002009,0.063245,0.000452,0.031924,0.063245,0.000452,0.031924,0.001953,0.013960,-0.005586,0.001953,0.013960,-0.005586,-0.005434,0.013865,-0.005160,0.009204,0.002052,0.002149,0.005580,-0.005434,0.013865,-0.005160,0.009204,0.002052,0.002149,0.005580
0.330000,0.306460,-0.000221,0.486137,0.306826,-0.000190,0.486794,0.306826,-0.000190,0.486794,0.000366,0.000031,0.000657,0.000037,-0.000929,0.000114,-0.000555,-0.000011,0.001418,0.000000,0.000000,0.000000,0.000995,-0.004324,-0.000084,0.055040,0.003346,0.037333,0.055040,0.003346,0.037333,-0.003831,0.010183,0.000710,-0.003831,0.010183,0.000710,0.001746,0.007168,0.004312,0.014494,-0.003130,0.004679,-0.000709,0.001746,0.007168,0.004312,0.014494,-0.003130,0.004679,-0.000709
0.331000,0.306460,-0.000220,0.486137,0.306826,-0.000190,0.486794,0.306826,-0.000190,0.486794,0.000367,0.000030,0.000657,0.000041,-0.000928,0.000112,-0.000563,0.000249,0.001453,0.000000,0.000000,0.000000,-0.000836,-0.004708,0.000288,0.055255,-0.001940,0.036586,0.055255,-0.001940,0.036586,0.003507,0.011341,-0.000414,0.003507,0.011341,-0.000414,-0.000998,0.008589,-0.003392,0.013008,0.003097,0.003498,0.000409,-0.000998,0.008589,-0.003392,0.013008,0.003097,0.003498,0.000409
0.332000,0.306459,-0.000221,0.486137,0.306826,-0.000190,0.486794,0.306826,-0.000190,0.486794,0.000367,0.000032,0.000657,0.000039,-0.000929,0.000112,-0.000469,-0.000244,0.001036,0.000000,0.000000,0.000000,-0.000096,-0.003188,0.000338,0.053403,0.008043,0.044967,0.053403,0.008043,0.044967,0.000541,0.006775,-0.000568,0.000541,0.006775,-0.000568,0.001909,0.001172,0.001847,0.021297,0.002233,0.008412,0.000566,0.001909,0.001172,0.001847,0.021297,0.002233,0.008412,0.000566
0.333000,0.306459,-0.000222,0.486138,0.306826,-0.000190,0.486794,0.306826,-0.000190,0.486794,0.000367,0.000032,0.000656,0.000036,-0.000927,0.000118,-0.000296,-0.000283,0.000777,0.000000,0.000000,0.000000,0.000926,-0.002578,-0.001878,0.049955,0.008849,0.050077,0.049955,0.008849,0.050077,-0.003561,0.004954,0.006106,-0.003561,0.004954,0.006106,0.008829,-0.002744,0.009721,0.025090,-0.001707,0.009960,-0.006105,0.008829,-0.002744,0.009721,0.025090,-0.001707,0.009960,-0.006105
0.334000,0.306459,-0.000222,0.486139,0.306826,-0.000190,0.486794,0.306826,-0.000190,0.486794,0.000367,0.000032,0.000655,0.000037,-0.000923,0.000117,-0.000321,-0.000008,0.001172,0.000000,0.000000,0.000000,0.000223,-0.003550,-0.000147,0.050464,0.003359,0.042052,0.050464,0.003359,0.042052,-0.000744,0.007881,0.000908,-0.000744,0.007881,0.000908,0.001948,0.002718,0.002273,0.018440,-0.000041,0.006433,-0.000909,0.001948,0.002718,0.002273,0.018440,-0.000041,0.006433,-0.000909
0.335000,0.306459,-0.000219,0.486136,0.306826,-0.000190,0.486794,0.306826,-0.000190,0.486794,0.000367,0.000029,0.000658,0.000042,-0.000931,0.000108,-0.000671,0.000568,-0.001442,0.000000,0.000000,0.000000,-0.001098,0.002303,0.001656,0.057501,-0.008440,0.094651,0.057501,-0.008440,0.094651,0.004559,-0.009702,-0.004535,0.004559,-0.009702,-0.004535,-0.007114,-0.029906,-0.009161,0.061753,0.002791,0.030114,0.004535,-0.007114,-0.029906,-0.009161,0.061753,0.002791,0.030114,0.004535
0.336000,0.306459,-0.000221,0.486138,0.306826,-0.000190,0.486794,0.306826,-0.000190,0.486794,0.000367,0.000031,0.000656,0.000041,-0.000923,0.000116,-0.000392,-0.000044,-0.000513,0.000000,0.000000,0.000000,-0.000542,0.000748,-0.001159,0.051836,0.003963,0.075866,0.051836,0.003963,0.075866,0.002331,-0.005012,0.003941,0.002331,-0.005012,0.003941,0.005166,-0.020323,0.002436,0.047470,0.003162,0.022586,-0.003941,0.005166,-0.020323,0.002436,0.047470,0.003162,0.022586,-0.003941
0.337000,0.306459,-0.000220,0.486136,0.306826,-0.000190,0.486794,0.306826,-0.000190,0.486794,0.000367,0.000030,0.000657,0.000040,-0.000929,0.000109,-0.000452,0.000383,-0.000987,0.000000,0.000000,0.000000,-0.000157,0.001841,0.001654,0.053105,-0.004697,0.085482,0.053105,-0.004697,0.085482,0.000785,-0.008309,-0.004528,0.000785,-0.008309,-0.004528,-0.005957,-0.026375,-0.005264,0.055471,-0.000196,0.026992,0.004530,-0.005957,-0.026375,-0.005264,0.055471,-0.000196,0.026992,0.004530
0.338000,0.306459,-0.000219,0.486139,0.306826,-0.000190,0.486794,0.306826,-0.000190,0.486794,0.000367,0.000030,0.000655,0.000039,-0.000923,0.000110,-0.000273,0.000305,0.000459,0.000000,0.000000,0.000000,0.000132,-0.001548,0.000594,0.049534,-0.003149,0.056309,0.049534,-0.003149,0.056309,-0.000371,0.001875,-0.001340,-0.000371,0.001875,-0.001340,-0.002295,-0.007796,-0.001693,0.031059,-0.001032,0.013496,0.001340,-0.002295,-0.007796,-0.001693,0.031059,-0.001032,0.013496,0.001340
0.339000,0.306459,-0.000221,0.486136,0.306826,-0.000190,0.486794,0.306826,-0.000190,0.486794,0.000367,0.000031,0.000658,0.000038,-0.000930,0.000113,-0.000175,-0.000228,-0.000603,0.000000,0.000000,0.000000,0.000311,0.001272,-0.000619,0.047581,0.007647,0.077846,0.047581,0.007647,0.077846,-0.001092,-0.006607,0.002311,-0.001092,-0.006607,0.002311,0.004666,-0.023179,0.004905,0.049455,0.000516,0.023459,-0.002309,0.004666,-0.023179,0.004905,0.049455,0.000516,0.023459,-0.002309
0.340000,0.306459,-0.000220,0.486138,0.306826,-0.000190,0.486794,0.306826,-0.000190,0.486794,0.000367,0.000030,0.000656,0.000041,-0.000925,0.000113,-0.000181,0.000411,0.000191,0.000000,0.000000,0.000000,-0.000648,-0.001002,0.000521,0.047717,-0.005226,0.061782,0.047717,-0.005226,0.061782,0.002754,0.000232,-0.001113,0.002754,0.000232,-0.001113,-0.002704,-0.011394,-0.004419,0.035051,0.001656,0.015236,0.001111,-0.002704,-0.011394,-0.004419,0.035051,0.001656,0.015236,0.001111
0.341000,0.306459,-0.000221,0.486139,0.306826,-0.000190,0.486794,0.306826,-0.000190,0.486794,0.000368,0.000031,0.000654,0.000037,-0.000921,0.000112,-0.000182,-0.000025,0.000082,0.000000,0.000000,0.000000,0.000864,-0.000388,0.000716,0.047768,0.003606,0.063793,0.047768,0.003606,0.063793,-0.003310,-0.001600,-0.001698,-0.003310,-0.001600,-0.001698,-0.000582,-0.013836,0.002331,0.037841,-0.002548,0.017258,0.001701,-0.000582,-0.013836,0.002331,0.037841,-0.002548,0.017258,0.001701
0.342000,0.306458,-0.000221,0.486140,0.306826,-0.000190,0.486794,0.306826,-0.000190,0.486794,0.000369,0.000031,0.000654,0.000040,-0.000921,0.000109,-0.000408,-0.000112,-0.000071,0.000000,0.000000,0.000000,-0.000527,0.000190,0.000888,0.052389,0.005307,0.066843,0.052389,0.005307,0.066843,0.002270,-0.003334,-0.002228,0.002270,-0.003334,-0.002228,-0.000590,-0.015794,-0.001441,0.041605,0.003391,0.020229,0.002228,-0.000590,-0.015794,-0.001441,0.041605,0.003391,0.020229,0.002228
0.343000,0.306458,-0.000220,0.486138,0.306826,-0.000190,0.486794,0.306826,-0.000190,0.486794,0.000368,0.000030,0.000656,0.000040,-0.000923,0.000111,-0.000072,0.000139,-0.000215,0.000000,0.000000,0.000000,-0.000149,0.000291,-0.000343,0.045624,0.000210,0.069858,0.045624,0.000210,0.069858,0.000755,-0.003644,0.001474,0.000755,-0.003644,0.001474,0.001549,-0.018066,0.000589,0.042471,0.000799,0.019383,-0.001474,0.001549,-0.018066,0.000589,0.042471,0.000799,0.019383,-0.001474
0.344000,0.306459,-0.000221,0.486138,0.306826,-0.000190,0.486794,0.306826,-0.000190,0.486794,0.000367,0.000032,0.000656,0.000038,-0.000923,0.000112,0.000054,-0.000289,-0.000082,0.000000,0.000000,0.000000,0.000362,0.000450,0.000248,0.042961,0.008942,0.067242,0.042961,0.008942,0.067242,-0.001294,-0.004121,-0.000295,-0.001294,-0.004121,-0.000295,0.002454,-0.018150,0.003626,0.041371,0.000589,0.019069,0.000298,0.002454,-0.018150,0.003626,0.041371,0.000589,0.019069,0.000298
0.345000,0.306459,-0.000221,0.486139,0.306826,-0.000190,0.486794,0.306826,-0.000190,0.486794,0.000368,0.000031,0.000654,0.000037,-0.000921,0.000118,-0.000031,-0.000100,0.000591,0.000000,0.000000,0.000000,0.000680,-0.001688,-0.001327,0.044726,0.005087,0.053632,0.044726,0.005087,0.053632,-0.002573,0.002301,0.004454,-0.002573,0.002301,0.004454,0.006023,-0.007288,0.006634,0.028753,-0.001509,0.011825,-0.004453,0.006023,-0.007288,0.006634,0.028753,-0.001509,0.011825,-0.004453
0.346000,0.306458,-0.000220,0.486138,0.306826,-0.000190,0.486794,0.306826,-0.000190,0.486794,0.000368,0.000030,0.000655,0.000038,-0.000923,0.000115,0.000004,-0.000067,-0.000074,0.000000,0.000000,0.000000,0.000453,0.000092,-0.001360,0.044057,0.004334,0.067012,0.044057,0.004334,0.067012,-0.001660,-0.003044,0.004540,-0.001660,-0.003044,0.004540,0.005878,-0.016834,0.005804,0.040327,-0.000753,0.018204,-0.004538,0.005878,-0.016834,0.005804,0.040327,-0.000753,0.018204,-0.004538
0.347000,0.306458,-0.000220,0.486138,0.306826,-0.000190,0.486794,0.306826,-0.000190,0.486794,0.000368,0.000030,0.000656,0.000040,-0.000925,0.000110,-0.000170,-0.000059,-0.000117,0.000000,0.000000,0.000000,-0.000577,-0.000023,0.002093,0.047588,0.004229,0.067947,0.047588,0.004229,0.067947,0.002469,-0.002704,-0.005840,0.002469,-0.002704,-0.005840,-0.004534,-0.016239,-0.004484,0.040881,0.003367,0.018685,0.005839,-0.004534,-0.016239,-0.004484,0.040881,0.003367,0.018685,0.005839
0.348000,0.306460,-0.000221,0.486140,0.306826,-0.000190,0.486794,0.306826,-0.000190,0.486794,0.000366,0.000031,0.000654,0.000037,-0.000917,0.000118,0.000346,-0.000224,0.000402,0.000000,0.000000,0.000000,0.000495,-0.000805,-0.002016,0.037049,0.007594,0.057344,0.037049,0.007594,0.057344,-0.001830,-0.000338,0.006520,-0.001830,-0.000338,0.006520,0.008855,-0.012239,0.008379,0.032157,-0.000241,0.013174,-0.006519,0.008855,-0.012239,0.008379,0.032157,-0.000241,0.013174,-0.006519
0.349000,0.306459,-0.000222,0.486143,0.306826,-0.000190,0.486794,0.306826,-0.000190,0.486794,0.000367,0.000032,0.000651,0.000037,-0.000911,0.000114,0.000016,-0.000423,0.000830,0.000000,0.000000,0.000000,0.000284,-0.002566,-0.000279,0.043749,0.011658,0.048518,0.043749,0.011658,0.048518,-0.000987,0.004967,0.001292,-0.000987,0.004967,0.001292,0.004874,-0.003206,0.005413,0.023547,0.001463,0.008502,-0.001293,0.004874,-0.003206,0.005413,0.023547,0.001463,0.008502,-0.001293
0.350000,0.306458,-0.000221,0.486139,0.306826,-0.000190,0.486794,0.306826,-0.000190,0.486794,0.000368,0.000031,0.000655,0.000039,-0.000921,0.000111,-0.000116,0.000055,-0.000212,0.000000,0.000000,0.000000,-0.000408,0.000327,0.000620,0.046458,0.001994,0.069725,0.046458,0.001994,0.069725,0.001787,-0.003744,-0.001415,0.001787,-0.003744,-0.001415,-0.000794,-0.017997,-0.001602,0.042615,0.002209,0.019645,0.001414,-0.000794,-0.017997,-0.001602,0.042615,0.002209,0.019645,0.001414
0.351000,0.306458,-0.000219,0.486141,0.306826,-0.000190,0.486794,0.306826,-0.000190,0.486794,0.000369,0.000029,0.000653,0.000041,-0.000916,0.000113,-0.000227,0.000642,0.000440,0.000000,0.000000,0.000000,-0.000924,-0.001213,0.000838,0.048762,-0.009925,0.056476,0.048762,-0.009925,0.056476,0.003859,0.000890,-0.002063,0.003859,0.000890,-0.002063,-0.005094,-0.008951,-0.007399,0.032023,0.001773,0.014331,0.002059,-0.005094,-0.008951,-0.007399,0.032023,0.001773,0.014331,0.002059
0.352000,0.306459,-0.000220,0.486140,0.306826,-0.000190,0.486794,0.306826,-0.000190,0.486794,0.000367,0.000030,0.000653,0.000036,-0.000918,0.000111,0.000251,-0.000123,0.000080,0.000000,0.000000,0.000000,-0.000220,0.000070,0.000451,0.039067,0.005470,0.063749,0.039067,0.005470,0.063749,0.001027,-0.002965,-0.000909,0.001027,-0.002965,-0.000909,0.000776,-0.016518,0.000420,0.038066,0.002179,0.016785,0.000909,0.000776,-0.016518,0.000420,0.038066,0.002179,0.016785,0.000909
0.353000,0.306458,-0.000218,0.486143,0.306826,-0.000190,0.486794,0.306826,-0.000190,0.486794,0.000368,0.000028,0.000651,0.000035,-0.000912,0.000113,-0.000017,0.000459,0.000422,0.000000,0.000000,0.000000,-0.000149,-0.001159,-0.000411,0.044473,-0.006340,0.056683,0.044473,-0.006340,0.056683,0.000738,0.000740,0.001684,0.000738,0.000740,0.001684,-0.000249,-0.009821,-0.001380,0.031722,-0.000598,0.013599,-0.001685,-0.000249,-0.009821,-0.001380,0.031722,-0.000598,0.013599,-0.001685
0.354000,0.306458,-0.000221,0.486141,0.306826,-0.000190,0.486794,0.306826,-0.000190,0.486794,0.000369,0.000032,0.000653,0.000036,-0.000916,0.000118,-0.000253,-0.000566,-0.000118,0.000000,0.000000,0.000000,0.000599,-0.000122,-0.002070,0.049291,0.014478,0.067672,0.049291,0.014478,0.067672,-0.002252,-0.002381,0.006681,-0.002252,-0.002381,0.006681,0.011129,-0.015574,0.011033,0.040646,0.000787,0.018701,-0.006678,0.011129,-0.015574,0.011033,0.040646,0.000787,0.018701,-0.006678
0.355000,0.306459,-0.000220,0.486142,0.306826,-0.000190,0.486794,0.306826,-0.000190,0.486794,0.000368,0.000030,0.000652,0.000038,-0.000910,0.000111,-0.000111,0.000035,-0.000055,0.000000,0.000000,0.000000,0.000603,-0.000352,0.000335,0.046335,0.002281,0.066300,0.046335,0.002281,0.066300,-0.002261,-0.001675,-0.000561,-0.002261,-0.001675,-0.000561,0.000148,-0.014897,0.001960,0.038915,-0.001780,0.017251,0.000563,0.000148,-0.014897,0.001960,0.038915,-0.001780,0.017251,0.000563
0.356000,0.306459,-0.000220,0.486142,0.306826,-0.000190,0.486794,0.306826,-0.000190,0.486794,0.000367,0.000030,0.000652,0.000040,-0.000911,0.000115,0.000194,-0.000070,0.000167,0.000000,0.000000,0.000000,-0.000039,-0.000055,-0.000285,0.040131,0.004384,0.061859,0.040131,0.004384,0.061859,0.000317,-0.002567,0.001316,0.000317,-0.002567,0.001316,0.002668,-0.015378,0.002142,0.036913,0.001238,0.016447,-0.001316,0.002668,-0.015378,0.002142,0.036913,0.001238,0.016447,-0.001316
0.357000,0.306458,-0.000220,0.486140,0.306826,-0.000190,0.486794,0.306826,-0.000190,0.486794,0.000368,0.000030,0.000653,0.000042,-0.000917,0.000108,0.000046,-0.000034,-0.000195,0.000000,0.000000,0.000000,-0.000485,0.000614,0.001349,0.043208,0.003671,0.069252,0.043208,0.003671,0.069252,0.002105,-0.004590,-0.003612,0.002105,-0.004590,-0.003612,-0.002478,-0.019196,-0.002835,0.042821,0.002882,0.019765,0.003612,-0.002478,-0.019196,-0.002835,0.042821,0.002882,0.019765,0.003612
0.358000,0.306458,-0.000219,0.486142,0.306826,-0.000190,0.486794,0.306826,-0.000190,0.486794,0.000368,0.000029,0.000652,0.000040,-0.000913,0.000111,-0.000499,0.000397,0.001282,0.000000,0.000000,0.000000,-0.000088,-0.003679,0.000138,0.054183,-0.005011,0.039524,0.054183,-0.005011,0.039524,0.000511,0.008300,0.000030,0.000511,0.008300,0.000030,-0.001495,0.004482,-0.001958,0.017304,-0.000545,0.006574,-0.000033,-0.001495,0.004482,-0.001958,0.017304,-0.000545,0.006574,-0.000033
0.359000,0.306459,-0.000219,0.486141,0.306826,-0.000190,0.486794,0.306826,-0.000190,0.486794,0.000367,0.000030,0.000653,0.000040,-0.000914,0.000113,-0.000221,0.000215,0.000279,0.000000,0.000000,0.000000,-0.000295,-0.001093,0.000839,0.048442,-0.001330,0.059700,0.048442,-0.001330,0.059700,0.001340,0.000539,-0.002066,0.001340,0.000539,-0.002066,-0.002463,-0.010338,-0.002826,0.033856,0.001063,0.014899,0.002064,-0.002463,-0.010338,-0.002826,0.033856,0.001063,0.014899,0.002064
0.360000,0.306460,-0.000219,0.486139,0.306826,-0.000190,0.486794,0.306826,-0.000190,0.486794,0.000366,0.000030,0.000655,0.000039,-0.000918,0.000111,-0.000007,0.000193,-0.000096,0.000000,0.000000,0.000000,0.000041,0.000190,0.000559,0.044084,-0.000904,0.067370,0.044084,-0.000904,0.067370,-0.000008,-0.003324,-0.001234,-0.000008,-0.003324,-0.001234,-0.001502,-0.017219,-0.001146,0.040780,-0.000195,0.018519,0.001235,-0.001502,-0.017219,-0.001146,0.040780,-0.000195,0.018519,0.001235
0.361000,0.306458,-0.000219,0.486138,0.306826,-0.000190,0.486794,0.306826,-0.000190,0.486794,0.000368,0.000030,0.000656,0.000039,-0.000922,0.000110,-0.000340,0.000129,-0.000204,0.000000,0.000000,0.000000,0.000027,-0.000020,0.000373,0.050950,0.000382,0.069631,0.050950,0.000382,0.069631,0.000046,-0.002707,-0.000679,0.000046,-0.002707,-0.000679,-0.000551,-0.016242,-0.000373,0.042110,0.000128,0.019546,0.000679,-0.000551,-0.016242,-0.000373,0.042110,0.000128,0.019546,0.000679
0.362000,0.306458,-0.000220,0.486139,0.306826,-0.000190,0.486794,0.306826,-0.000190,0.486794,0.000368,0.000030,0.000654,0.000040,-0.000919,0.000112,-0.000272,-0.000178,0.000360,0.000000,0.000000,0.000000,-0.000422,-0.001329,0.000675,0.049616,0.006588,0.058245,0.049616,0.006588,0.058245,0.001850,0.001228,-0.001580,0.001850,0.001228,-0.001580,0.000450,-0.009023,-0.000269,0.032629,0.003238,0.014329,0.001578,0.000450,-0.009023,-0.000269,0.032629,0.003238,0.014329,0.001578
0.363000,0.306458,-0.000220,0.486140,0.306826,-0.000190,0.486794,0.306826,-0.000190,0.486794,0.000368,0.000030,0.000654,0.000041,-0.000918,0.000114,-0.000122,0.000105,0.000528,0.000000,0.000000,0.000000,-0.000474,-0.001525,-0.001123,0.046606,0.000866,0.054811,0.046606,0.000866,0.054811,0.002059,0.001821,0.003827,0.002059,0.001821,0.003827,0.004102,-0.007839,0.001541,0.030029,0.002237,0.012802,-0.003829,0.004102,-0.007839,0.001541,0.030029,0.002237,0.012802,-0.003829
0.364000,0.306458,-0.000218,0.486142,0.306826,-0.000190,0.486794,0.306826,-0.000190,0.486794,0.000368,0.000028,0.000652,0.000040,-0.000909,0.000105,-0.000204,0.000494,0.000736,0.000000,0.000000,0.000000,0.000519,-0.002463,0.001511,0.048244,-0.007105,0.050450,0.048244,-0.007105,0.050450,-0.001919,0.004664,-0.004113,-0.001919,0.004664,-0.004113,-0.006281,-0.003410,-0.003845,0.025340,-0.003410,0.009920,0.004114,-0.006281,-0.003410,-0.003845,0.025340,-0.003410,0.009920,0.004114
0.365000,0.306458,-0.000218,0.486140,0.306826,-0.000190,0.486794,0.306826,-0.000190,0.486794,0.000368,0.000028,0.000654,0.000042,-0.000920,0.000110,-0.000030,0.000257,-0.000101,0.000000,0.000000,0.000000,-0.000882,0.000821,0.000681,0.044755,-0.002298,0.067432,0.044755,-0.002298,0.067432,0.003699,-0.005223,-0.001602,0.003699,-0.005223,-0.001602,-0.002296,-0.019033,-0.004483,0.042793,0.003219,0.020564,0.001600,-0.002296,-0.019033,-0.004483,0.042793,0.003219,0.020564,0.001600
0.366000,0.306460,-0.000218,0.486141,0.306826,-0.000190,0.486794,0.306826,-0.000190,0.486794,0.000367,0.000028,0.000653,0.000044,-0.000914,0.000111,0.000215,0.000001,0.000315,0.000000,0.000000,0.000000,-0.000590,-0.000883,-0.001086,0.039695,0.002828,0.058985,0.039695,0.002828,0.058985,0.002532,-0.000091,0.003704,0.002532,-0.000091,0.003704,0.004579,-0.012088,0.001755,0.033024,0.003123,0.013627,-0.003706,0.004579,-0.012088,0.001755,0.033024,0.003123,0.013627,-0.003706
0.367000,0.306460,-0.000220,0.486140,0.306826,-0.000190,0.486794,0.306826,-0.000190,0.486794,0.000367,0.000030,0.000654,0.000039,-0.000915,0.000110,0.000056,-0.000269,-0.000089,0.000000,0.000000,0.000000,0.000837,0.000035,-0.000290,0.042885,0.008343,0.067152,0.042885,0.008343,0.067152,-0.003195,-0.002849,0.001312,-0.003195,-0.002849,0.001312,0.003879,-0.016863,0.005913,0.040048,-0.001441,0.017774,-0.001309,0.003879,-0.016863,0.005913,0.040048,-0.001441,0.017774,-0.001309
0.368000,0.306459,-0.000219,0.486140,0.306826,-0.000190,0.486794,0.306826,-0.000190,0.486794,0.000367,0.000029,0.000653,0.000041,-0.000917,0.000112,0.000011,0.000172,0.000209,0.000000,0.000000,0.000000,0.000163,-0.000137,-0.000464,0.043866,-0.000569,0.061152,0.043866,-0.000569,0.061152,-0.000488,-0.002340,0.001841,-0.000488,-0.002340,0.001841,0.001676,-0.014363,0.001474,0.036833,-0.000609,0.016944,-0.001840,0.001676,-0.014363,0.001474,0.036833,-0.000609,0.016944,-0.001840
0.369000,0.306459,-0.000217,0.486141,0.306826,-0.000190,0.486794,0.306826,-0.000190,0.486794,0.000368,0.000028,0.000653,0.000045,-0.000915,0.000105,0.000013,0.000331,0.000388,0.000000,0.000000,0.000000,-0.000929,-0.001264,0.002337,0.043849,-0.003865,0.057515,0.043849,-0.003865,0.057515,0.003894,0.001046,-0.006589,0.003894,0.001046,-0.006589,-0.007764,-0.009865,-0.008652,0.031728,0.003088,0.013231,0.006586,-0.007764,-0.009865,-0.008652,0.031728,0.003088,0.013231,0.006586
0.370000,0.306459,-0.000220,0.486140,0.306826,-0.000190,0.486794,0.306826,-0.000190,0.486794,0.000367,0.000030,0.000653,0.000039,-0.000915,0.000107,-0.000035,-0.000352,-0.000268,0.000000,0.000000,0.000000,0.000630,0.000717,0.000584,0.044775,0.010017,0.070692,0.044775,0.010017,0.070692,-0.002362,-0.004894,-0.001324,-0.002362,-0.004894,-0.001324,0.001756,-0.019702,0.004006,0.044005,-0.000252,0.020527,0.001327,0.001756,-0.019702,0.004006,0.044005,-0.000252,0.020527,0.001327
0.371000,0.306458,-0.000219,0.486141,0.306826,-0.000190,0.486794,0.306826,-0.000190,0.486794,0.000368,0.000030,0.000653,0.000036,-0.000913,0.000111,-0.000195,-0.000152,-0.000240,0.000000,0.000000,0.000000,0.001254,0.000376,-0.001177,0.048038,0.006009,0.070120,0.048038,0.006009,0.070120,-0.004869,-0.003866,0.003975,-0.004869,-0.003866,0.003975,0.005828,-0.017999,0.008223,0.043127,-0.003608,0.020138,-0.003971,0.005828,-0.017999,0.008223,0.043127,-0.003608,0.020138,-0.003971
0.372000,0.306459,-0.000218,0.486141,0.306826,-0.000190,0.486794,0.306826,-0.000190,0.486794,0.000367,0.000028,0.000653,0.000040,-0.000912,0.000101,0.000040,0.000290,-0.000094,0.000000,0.000000,0.000000,-0.000017,0.000338,0.002034,0.043265,-0.003022,0.067178,0.043265,-0.003022,0.067178,0.000229,-0.003751,-0.005698,0.000229,-0.003751,-0.005698,-0.006614,-0.017713,-0.005154,0.041012,-0.000399,0.018757,0.005699,-0.006614,-0.017713,-0.005154,0.041012,-0.000399,0.018757,0.005699
0.373000,0.306458,-0.000217,0.486142,0.306826,-0.000190,0.486794,0.306826,-0.000190,0.486794,0.000368,0.000027,0.000652,0.000043,-0.000909,0.000105,-0.000159,0.000325,0.000308,0.000000,0.000000,0.000000,-0.000645,-0.000986,-0.000217,0.047305,-0.003767,0.059011,0.047305,-0.003767,0.059011,0.002750,0.000232,0.001073,0.002750,0.000232,0.001073,-0.000072,-0.010608,-0.002399,0.033691,0.001956,0.014907,-0.001075,-0.000072,-0.010608,-0.002399,0.033691,0.001956,0.014907,-0.001075
0.374000,0.306458,-0.000218,0.486142,0.306826,-0.000190,0.486794,0.306826,-0.000190,0.486794,0.000368,0.000028,0.000652,0.000043,-0.000912,0.000106,0.000012,0.000046,0.000322,0.000000,0.000000,0.000000,-0.000430,-0.000516,-0.000464,0.043925,0.001855,0.058737,0.043925,0.001855,0.058737,0.001890,-0.001188,0.001817,0.001890,-0.001188,0.001817,0.002396,-0.012462,0.000562,0.034548,0.002279,0.015592,-0.001818,0.002396,-0.012462,0.000562,0.034548,0.002279,0.015592,-0.001818
0.375000,0.306458,-0.000220,0.486139,0.306826,-0.000190,0.486794,0.306826,-0.000190,0.486794,0.000368,0.000030,0.000655,0.000039,-0.000921,0.000111,-0.000013,-0.000575,-0.000745,0.000000,0.000000,0.000000,0.000366,0.002304,-0.000497,0.044460,0.014513,0.080364,0.044460,0.014513,0.080364,-0.001307,-0.009675,0.001937,-0.001307,-0.009675,0.001937,0.006395,-0.027499,0.007021,0.053309,0.001747,0.026090,-0.001933,0.006395,-0.027499,0.007021,0.053309,0.001747,0.026090,-0.001933
0.376000,0.306459,-0.000219,0.486139,0.306826,-0.000190,0.486794,0.306826,-0.000190,0.486794,0.000367,0.000029,0.000655,0.000038,-0.000920,0.000114,-0.000008,0.000134,-0.000496,0.000000,0.000000,0.000000,0.000427,0.001533,-0.000775,0.044262,0.000205,0.075427,0.044262,0.000205,0.075427,-0.001555,-0.007361,0.002781,-0.001555,-0.007361,0.002781,0.002853,-0.023699,0.003146,0.048642,-0.001514,0.023303,-0.002778,0.002853,-0.023699,0.003146,0.048642,-0.001514,0.023303,-0.002778
0.377000,0.306459,-0.000218,0.486139,0.306826,-0.000190,0.486794,0.306826,-0.000190,0.486794,0.000367,0.000029,0.000654,0.000042,-0.000916,0.000109,0.000151,0.000188,-0.000264,0.000000,0.000000,0.000000,-0.000943,0.000276,0.001443,0.041015,-0.000891,0.070727,0.041015,-0.000891,0.070727,0.003941,-0.003574,-0.003894,0.003941,-0.003574,-0.003894,-0.004159,-0.018967,-0.005817,0.042218,0.003759,0.018416,0.003892,-0.004159,-0.018967,-0.005817,0.042218,0.003759,0.018416,0.003892
0.378000,0.306459,-0.000219,0.486139,0.306826,-0.000190,0.486794,0.306826,-0.000190,0.486794,0.000368,0.000029,0.000655,0.000040,-0.000916,0.000110,-0.000113,-0.000066,-0.000292,0.000000,0.000000,0.000000,0.000159,0.000453,-0.000522,0.046383,0.004240,0.071296,0.046383,0.004240,0.071296,-0.000477,-0.004108,0.002007,-0.000477,-0.004108,0.002007,0.003317,-0.018854,0.003147,0.043711,0.000414,0.020132,-0.002006,0.003317,-0.018854,0.003147,0.043711,0.000414,0.020132,-0.002006
0.379000,0.306459,-0.000219,0.486141,0.306826,-0.000190,0.486794,0.306826,-0.000190,0.486794,0.000367,0.000029,0.000653,0.000042,-0.000913,0.000108,0.000186,-0.000087,0.000446,0.000000,0.000000,0.000000,-0.000098,-0.000668,-0.000348,0.040301,0.004605,0.056333,0.040301,0.004605,0.056333,0.000559,-0.000735,0.001475,0.000559,-0.000735,0.001475,0.002895,-0.011827,0.002154,0.032495,0.001526,0.014165,-0.001475,0.002895,-0.011827,0.002154,0.032495,0.001526,0.014165,-0.001475
0.380000,0.306459,-0.000219,0.486139,0.306826,-0.000190,0.486794,0.306826,-0.000190,0.486794,0.000368,0.000029,0.000655,0.000040,-0.000918,0.000106,-0.000102,-0.000015,-0.000534,0.000000,0.000000,0.000000,0.000139,0.001318,0.000514,0.046153,0.003200,0.076194,0.046153,0.003200,0.076194,-0.000397,-0.006707,-0.001117,-0.000397,-0.006707,-0.001117,-0.000127,-0.022990,0.000547,0.048593,0.000279,0.023113,0.001119,-0.000127,-0.022990,0.000547,0.048593,0.000279,0.023113,0.001119
0.381000,0.306458,-0.000219,0.486139,0.306826,-0.000190,0.486794,0.306826,-0.000190,0.486794,0.000368,0.000029,0.000655,0.000038,-0.000916,0.000108,-0.000154,0.000083,-0.000186,0.000000,0.000000,0.000000,0.000533,0.000321,-0.000133,0.047207,0.001232,0.069164,0.047207,0.001232,0.069164,-0.001979,-0.003711,0.000829,-0.001979,-0.003711,0.000829,0.001217,-0.017678,0.002402,0.042415,-0.001720,0.019723,-0.000826,0.001217,-0.017678,0.002402,0.042415,-0.001720,0.019723,-0.000826
0.382000,0.306459,-0.000220,0.486138,0.306826,-0.000190,0.486794,0.306826,-0.000190,0.486794,0.000367,0.000030,0.000656,0.000040,-0.000919,0.000112,0.000032,-0.000347,-0.000273,0.000000,0.000000,0.000000,-0.000241,0.000533,-0.000475,0.043397,0.009956,0.071030,0.043397,0.009956,0.071030,0.001126,-0.004358,0.001873,0.001126,-0.004358,0.001873,0.004933,-0.019480,0.003773,0.043451,0.003219,0.019730,-0.001873,0.004933,-0.019480,0.003773,0.043451,0.003219,0.019730,-0.001873
0.383000,0.306459,-0.000219,0.486139,0.306826,-0.000190,0.486794,0.306826,-0.000190,0.486794,0.000367,0.000030,0.000655,0.000039,-0.000917,0.000112,0.000079,-0.000043,-0.000158,0.000000,0.000000,0.000000,0.000232,0.000084,-0.000995,0.042475,0.003811,0.068679,0.042475,0.003811,0.068679,-0.000773,-0.003002,0.003434,-0.000773,-0.003002,0.003434,0.004611,-0.017545,0.004224,0.040868,0.000025,0.017975,-0.003433,0.004611,-0.017545,0.004224,0.040868,0.000025,0.017975,-0.003433
0.384000,0.306459,-0.000221,0.486138,0.306826,-0.000190,0.486794,0.306826,-0.000190,0.486794,0.000367,0.000031,0.000656,0.000037,-0.000921,0.000114,-0.000105,-0.000410,-0.000171,0.000000,0.000000,0.000000,0.000616,0.000802,-0.000459,0.046172,0.011274,0.069005,0.046172,0.011274,0.069005,-0.002314,-0.005168,0.001832,-0.002314,-0.005168,0.001832,0.005297,-0.019247,0.006608,0.043663,0.000058,0.020947,-0.001828,0.005297,-0.019247,0.006608,0.043663,0.000058,0.020947,-0.001828
0.385000,0.306459,-0.000220,0.486139,0.306826,-0.000190,0.486794,0.306826,-0.000190,0.486794,0.000367,0.000030,0.000655,0.000038,-0.000918,0.000114,0.000002,-0.000020,0.000149,0.000000,0.000000,0.000000,0.000153,-0.000023,-0.001068,0.044045,0.003390,0.062479,0.044045,0.003390,0.062479,-0.000459,-0.002685,0.003659,-0.000459,-0.002685,0.003659,0.004708,-0.015087,0.004024,0.037827,0.000251,0.017444,-0.003658,0.004708,-0.015087,0.004024,0.037827,0.000251,0.017444,-0.003658
0.386000,0.306458,-0.000220,0.486139,0.306826,-0.000190,0.486794,0.306826,-0.000190,0.486794,0.000368,0.000030,0.000655,0.000038,-0.000916,0.000113,-0.000106,-0.000146,0.000028,0.000000,0.000000,0.000000,0.000121,-0.000253,-0.000851,0.046243,0.005960,0.064902,0.046243,0.005960,0.064902,-0.000331,-0.001991,0.003006,-0.000331,-0.001991,0.003006,0.004842,-0.014799,0.004308,0.038558,0.000920,0.017425,-0.003005,0.004842,-0.014799,0.004308,0.038558,0.000920,0.017425,-0.003005
0.387000,0.306458,-0.000221,0.486138,0.306826,-0.000190,0.486794,0.306826,-0.000190,0.486794,0.000368,0.000031,0.000656,0.000038,-0.000922,0.000109,0.000150,-0.000097,-0.000302,0.000000,0.000000,0.000000,0.000082,0.000708,0.001400,0.041135,0.005052,0.071616,0.041135,0.005052,0.071616,-0.000177,-0.004891,-0.003761,-0.000177,-0.004891,-0.003761,-0.002204,-0.020539,-0.000876,0.043971,0.000892,0.019838,0.003763,-0.002204,-0.020539,-0.000876,0.043971,0.000892,0.019838,0.003763
0.388000,0.306458,-0.000221,0.486137,0.306826,-0.000190,0.486794,0.306826,-0.000190,0.486794,0.000368,0.000032,0.000657,0.000037,-0.000923,0.000116,-0.000190,-0.000385,-0.000621,0.000000,0.000000,0.000000,0.000291,0.001359,-0.001765,0.047994,0.010847,0.078100,0.047994,0.010847,0.078100,-0.001016,-0.006843,0.005761,-0.001016,-0.006843,0.005761,0.009096,-0.023431,0.008327,0.049864,0.001261,0.023806,-0.005758,0.009096,-0.023431,0.008327,0.049864,0.001261,0.023806,-0.005758
0.389000,0.306459,-0.000221,0.486139,0.306826,-0.000190,0.486794,0.306826,-0.000190,0.486794,0.000367,0.000031,0.000655,0.000037,-0.000918,0.000113,0.000185,-0.000118,0.000248,0.000000,0.000000,0.000000,0.000351,-0.000300,0.000620,0.040358,0.005453,0.060527,0.040358,0.005453,0.060527,-0.001258,-0.001853,-0.001405,-0.001258,-0.001853,-0.001405,0.000274,-0.014222,0.001682,0.035600,-0.000109,0.015663,0.001407,0.000274,-0.014222,0.001682,0.035600,-0.000109,0.015663,0.001407
0.390000,0.306459,-0.000220,0.486138,0.306826,-0.000190,0.486794,0.306826,-0.000190,0.486794,0.000367,0.000030,0.000656,0.000042,-0.000923,0.000109,0.000124,0.000505,0.000165,0.000000,0.000000,0.000000,-0.001408,-0.000200,0.001766,0.041621,-0.007106,0.062265,0.041621,-0.007106,0.062265,0.005800,-0.002170,-0.004861,0.005800,-0.002170,-0.004861,-0.007029,-0.014877,-0.009834,0.036898,0.004312,0.016396,0.004857,-0.007029,-0.014877,-0.009834,0.036898,0.004312,0.016396,0.004857
0.391000,0.306459,-0.000220,0.486138,0.306826,-0.000190,0.486794,0.306826,-0.000190,0.486794,0.000367,0.000030,0.000656,0.000040,-0.000921,0.000113,0.000061,0.000205,-0.000132,0.000000,0.000000,0.000000,-0.000308,0.000186,-0.000945,0.042855,-0.001130,0.068216,0.042855,-0.001130,0.068216,0.001394,-0.003318,0.003289,0.001394,-0.003318,0.003289,0.002952,-0.017661,0.000983,0.041014,0.001153,0.018330,-0.003290,0.002952,-0.017661,0.000983,0.041014,0.001153,0.018330,-0.003290
0.392000,0.306459,-0.000219,0.486136,0.306826,-0.000190,0.486794,0.306826,-0.000190,0.486794,0.000368,0.000030,0.000657,0.000040,-0.000923,0.000107,-0.000200,0.000137,-0.000487,0.000000,0.000000,0.000000,-0.000204,0.000774,0.001337,0.048101,0.000221,0.075476,0.048101,0.000221,0.075476,0.000975,-0.005092,-0.003583,0.000975,-0.005092,-0.003583,-0.003505,-0.020856,-0.003134,0.046889,0.001027,0.021844,0.003584,-0.003505,-0.020856,-0.003134,0.046889,0.001027,0.021844,0.003584
0.393000,0.306459,-0.000220,0.486137,0.306826,-0.000190,0.486794,0.306826,-0.000190,0.486794,0.000367,0.000030,0.000657,0.000040,-0.000926,0.000117,0.000164,-0.000351,0.000125,0.000000,0.000000,0.000000,0.000479,0.000340,-0.002165,0.040792,0.010035,0.063160,0.040792,0.010035,0.063160,-0.001758,-0.003800,0.006964,-0.001758,-0.003800,0.006964,0.010048,-0.016910,0.009435,0.038844,0.000346,0.017935,-0.006962,0.010048,-0.016910,0.009435,0.038844,0.000346,0.017935,-0.006962
0.394000,0.306459,-0.000221,0.486138,0.306826,-0.000190,0.486794,0.306826,-0.000190,0.486794,0.000367,0.000031,0.000656,0.000039,-0.000922,0.000119,0.000109,-0.000343,0.000083,0.000000,0.000000,0.000000,0.000098,0.000227,-0.001208,0.041865,0.009950,0.063910,0.041865,0.009950,0.063910,-0.000233,-0.003448,0.004098,-0.000233,-0.003448,0.004098,0.007157,-0.016623,0.006304,0.038984,0.001856,0.017874,-0.004097,0.007157,-0.016623,0.006304,0.038984,0.001856,0.017874,-0.004097
0.395000,0.306459,-0.000223,0.486139,0.306826,-0.000190,0.486794,0.306826,-0.000190,0.486794,0.000367,0.000033,0.000655,0.000040,-0.000920,0.000115,-0.000098,-0.000753,0.000397,0.000000,0.000000,0.000000,-0.000152,-0.000962,-0.000362,0.046024,0.018324,0.057576,0.046024,0.018324,0.057576,0.000768,0.000126,0.001545,0.000768,0.000126,0.001545,0.007171,-0.010474,0.006516,0.032954,0.004621,0.014616,-0.001546,0.007171,-0.010474,0.006516,0.032954,0.004621,0.014616,-0.001546
0.396000,0.306458,-0.000220,0.486138,0.306826,-0.000190,0.486794,0.306826,-0.000190,0.486794,0.000368,0.000030,0.000656,0.000040,-0.000920,0.000117,-0.000222,0.000131,0.000172,0.000000,0.000000,0.000000,0.000338,-0.000642,-0.000683,0.048608,0.000389,0.062136,0.048608,0.000389,0.062136,-0.001192,-0.000834,0.002515,-0.001192,-0.000834,0.002515,0.002645,-0.012432,0.002760,0.036400,-0.001112,0.016523,-0.002514,0.002645,-0.012432,0.002760,0.036400,-0.001112,0.016523,-0.002514
0.397000,0.306459,-0.000222,0.486137,0.306826,-0.000190,0.486794,0.306826,-0.000190,0.486794,0.000367,0.000032,0.000657,0.000040,-0.000922,0.000114,0.000122,-0.000506,-0.000185,0.000000,0.000000,0.000000,0.000417,0.000211,-0.000325,0.041578,0.013291,0.069351,0.041578,0.013291,0.069351,-0.001511,-0.003400,0.001429,-0.001511,-0.003400,0.001429,0.005512,-0.018288,0.006410,0.041467,0.001284,0.018242,-0.001427,0.005512,-0.018288,0.006410,0.041467,0.001284,0.018242,-0.001427
0.398000,0.306459,-0.000220,0.486138,0.306826,-0.000190,0.486794,0.306826,-0.000190,0.486794,0.000367,0.000030,0.000655,0.000036,-0.000920,0.000114,-0.000032,0.000318,0.000269,0.000000,0.000000,0.000000,-0.000136,-0.000498,-0.000063,0.044682,-0.003388,0.060159,0.044682,-0.003388,0.060159,0.000690,-0.001265,0.000644,0.000690,-0.001265,0.000644,-0.000384,-0.012859,-0.001120,0.035395,-0.000022,0.015954,-0.000645,-0.000384,-0.012859,-0.001120,0.035395,-0.000022,0.015954,-0.000645
0.399000,0.306459,-0.000222,0.486139,0.306826,-0.000190,0.486794,0.306826,-0.000190,0.486794,0.000367,0.000032,0.000655,0.000038,-0.000917,0.000119,0.000028,-0.000433,0.000200,0.000000,0.000000,0.000000,-0.000072,-0.000570,-0.001851,0.043495,0.011892,0.061460,0.043495,0.011892,0.061460,0.000440,-0.001043,0.006031,0.000440,-0.001043,0.006031,0.009685,-0.013218,0.007825,0.035632,0.002935,0.015596,-0.006031,0.009685,-0.013218,0.007825,0.035632,0.002935,0.015596,-0.006031
0.400000,0.306459,-0.000222,0.486139,0.306826,-0.000190,0.486794,0.306826,-0.000190,0.486794,0.000367,0.000032,0.000654,0.000038,-0.000919,0.000117,0.000140,-0.000075,0.000417,0.000000,0.000000,0.000000,0.000156,-0.001174,0.000543,0.041262,0.004696,0.057108,0.041262,0.004696,0.057108,-0.000473,0.000762,-0.001160,-0.000473,0.000762,-0.001160,0.000288,-0.010421,0.001054,0.031488,0.000516,0.012938,0.001161,0.000288,-0.010421,0.001054,0.031488,0.000516,0.012938,0.001161
0.401000,0.306459,-0.000220,0.486139,0.306826,-0.000190,0.486794,0.306826,-0.000190,0.486794,0.000367,0.000030,0.000655,0.000040,-0.000919,0.000118,0.000022,0.000424,0.000015,0.000000,0.000000,0.000000,0.000084,-0.000226,-0.000081,0.043584,-0.005500,0.065216,0.043584,-0.005500,0.065216,-0.000178,-0.002080,0.000715,-0.000178,-0.002080,0.000715,-0.000961,-0.015392,-0.001142,0.038456,-0.001335,0.016982,-0.000715,-0.000961,-0.015392,-0.001142,0.038456,-0.001335,0.016982,-0.000715
0.402000,0.306459,-0.000221,0.486137,0.306826,-0.000190,0.486794,0.306826,-0.000190,0.486794,0.000367,0.000031,0.000657,0.000041,-0.000922,0.000114,0.000000,-0.000234,-0.000229,0.000000,0.000000,0.000000,-0.000127,0.000135,0.000152,0.044044,0.007806,0.070264,0.044044,0.007806,0.070264,0.000672,-0.003171,0.000000,0.000672,-0.003171,0.000000,0.002402,-0.017960,0.002075,0.041987,0.002315,0.018612,0.000000,0.002402,-0.017960,0.002075,0.041987,0.002315,0.018612,0.000000
0.403000,0.306458,-0.000221,0.486139,0.306826,-0.000190,0.486794,0.306826,-0.000190,0.486794,0.000368,0.000031,0.000655,0.000038,-0.000918,0.000118,-0.000192,0.000075,-0.000027,0.000000,0.000000,0.000000,0.000512,0.000042,-0.000069,0.047968,0.001603,0.066051,0.047968,0.001603,0.066051,-0.001898,-0.002879,0.000680,-0.001898,-0.002879,0.000680,0.001182,-0.015774,0.002359,0.040211,-0.001561,0.018777,-0.000678,0.001182,-0.015774,0.002359,0.040211,-0.001561,0.018777,-0.000678
0.404000,0.306459,-0.000220,0.486139,0.306826,-0.000190,0.486794,0.306826,-0.000190,0.486794,0.000367,0.000030,0.000654,0.000037,-0.000915,0.000111,0.000136,0.000494,0.000119,0.000000,0.000000,0.000000,0.000388,-0.000481,0.001649,0.041315,-0.006889,0.063052,0.041315,-0.006889,0.063052,-0.001405,-0.001303,-0.004504,-0.001405,-0.001303,-0.004504,-0.006606,-0.014300,-0.004410,0.036368,-0.002849,0.015537,0.004505,-0.006606,-0.014300,-0.004410,0.036368,-0.002849,0.015537,0.004505
0.405000,0.306459,-0.000221,0.486138,0.306826,-0.000190,0.486794,0.306826,-0.000190,0.486794,0.000367,0.000031,0.000656,0.000040,-0.000919,0.000118,0.000119,-0.000135,-0.000115,0.000000,0.000000,0.000000,-0.000845,0.000508,-0.000441,0.041689,0.005851,0.067874,0.041689,0.005851,0.067874,0.003542,-0.004282,0.001798,0.003542,-0.004282,0.001798,0.003600,-0.018697,0.000675,0.041665,0.004772,0.019016,-0.001799,0.003600,-0.018697,0.000675,0.041665,0.004772,0.019016,-0.001799
0.406000,0.306459,-0.000220,0.486139,0.306826,-0.000190,0.486794,0.306826,-0.000190,0.486794,0.000367,0.000030,0.000655,0.000040,-0.000918,0.000115,0.000079,0.000280,-0.000077,0.000000,0.000000,0.000000,-0.000564,0.000338,0.000166,0.042453,-0.002554,0.067038,0.042453,-0.002554,0.067038,0.002417,-0.003769,-0.000040,0.002417,-0.003769,-0.000040,-0.000813,-0.017812,-0.002555,0.040857,0.001881,0.018591,0.000039,-0.000813,-0.017812,-0.002555,0.040857,0.001881,0.018591,0.000039
0.407000,0.306459,-0.000222,0.486137,0.306826,-0.000190,0.486794,0.306826,-0.000190,0.486794,0.000367,0.000032,0.000656,0.000037,-0.000923,0.000115,-0.000119,-0.000362,-0.000356,0.000000,0.000000,0.000000,0.000683,0.001257,-0.000408,0.046433,0.010437,0.072753,0.046433,0.010437,0.072753,-0.002583,-0.006539,0.001685,-0.002583,-0.006539,0.001685,0.004894,-0.021726,0.006424,0.046836,-0.000387,0.022703,-0.001681,0.004894,-0.021726,0.006424,0.046836,-0.000387,0.022703,-0.001681
0.408000,0.306459,-0.000220,0.486138,0.306826,-0.000190,0.486794,0.306826,-0.000190,0.486794,0.000367,0.000030,0.000656,0.000039,-0.000921,0.000117,0.000199,0.000400,0.000139,0.000000,0.000000,0.000000,-0.000163,0.000044,0.000246,0.040023,-0.004982,0.062797,0.040023,-0.004982,0.062797,0.000806,-0.002893,-0.000271,0.000806,-0.002893,-0.000271,-0.001788,-0.016009,-0.002367,0.037669,-0.000240,0.016832,0.000271,-0.001788,-0.016009,-0.002367,0.037669,-0.000240,0.016832,0.000271
0.409000,0.306458,-0.000221,0.486137,0.306826,-0.000190,0.486794,0.306826,-0.000190,0.486794,0.000368,0.000031,0.000656,0.000037,-0.000920,0.000116,-0.000131,-0.000144,-0.000071,0.000000,0.000000,0.000000,0.000352,-0.000208,-0.000469,0.046743,0.006005,0.067056,0.046743,0.006005,0.067056,-0.001258,-0.002136,0.001874,-0.001258,-0.002136,0.001874,0.003725,-0.015528,0.004180,0.039784,0.000004,0.017864,-0.001872,0.003725,-0.015528,0.004180,0.039784,0.000004,0.017864,-0.001872
0.410000,0.306459,-0.000222,0.486139,0.306826,-0.000190,0.486794,0.306826,-0.000190,0.486794,0.000367,0.000032,0.000655,0.000039,-0.000917,0.000112,-0.000066,-0.000263,0.000195,0.000000,0.000000,0.000000,-0.000252,-0.000458,0.001674,0.045406,0.008509,0.061579,0.045406,0.008509,0.061579,0.001162,-0.001379,-0.004574,0.001162,-0.001379,-0.004574,-0.001956,-0.013297,-0.001275,0.036270,0.002958,0.016342,0.004573,-0.001956,-0.013297,-0.001275,0.036270,0.002958,0.016342,0.004573
0.411000,0.306459,-0.000221,0.486139,0.306826,-0.000190,0.486794,0.306826,-0.000190,0.486794,0.000367,0.000031,0.000655,0.000040,-0.000917,0.000116,0.000220,0.000110,0.000267,0.000000,0.000000,0.000000,-0.000583,-0.000814,-0.000886,0.039617,0.000918,0.060164,0.039617,0.000918,0.060164,0.002493,-0.000308,0.003124,0.002493,-0.000308,0.003124,0.003414,-0.012678,0.000753,0.033788,0.002682,0.013931,-0.003126,0.003414,-0.012678,0.000753,0.033788,0.002682,0.013931,-0.003126
0.412000,0.306458,-0.000220,0.486139,0.306826,-0.000190,0.486794,0.306826,-0.000190,0.486794,0.000368,0.000030,0.000655,0.000040,-0.000919,0.000113,-0.000067,0.000104,0.000062,0.000000,0.000000,0.000000,0.000276,-0.000271,0.000820,0.045496,0.000940,0.064250,0.045496,0.000940,0.064250,-0.000945,-0.001944,-0.002009,-0.000945,-0.001944,-0.002009,-0.001711,-0.014667,-0.000430,0.038110,-0.000744,0.017163,0.002010,-0.001711,-0.014667,-0.000430,0.038110,-0.000744,0.017163,0.002010
0.413000,0.306460,-0.000221,0.486139,0.306826,-0.000190,0.486794,0.306826,-0.000190,0.486794,0.000367,0.000031,0.000655,0.000038,-0.000919,0.000117,0.000112,-0.000080,0.000133,0.000000,0.000000,0.000000,0.000420,-0.000181,-0.001086,0.041757,0.004706,0.062813,0.041757,0.004706,0.062813,-0.001530,-0.002213,0.003726,-0.001530,-0.002213,0.003726,0.005177,-0.015069,0.005256,0.037219,-0.000544,0.016520,-0.003724,0.005177,-0.015069,0.005256,0.037219,-0.000544,0.016520,-0.003724
0.414000,0.306459,-0.000221,0.486139,0.306826,-0.000190,0.486794,0.306826,-0.000190,0.486794,0.000367,0.000031,0.000655,0.000038,-0.000918,0.000117,0.000003,-0.000128,-0.000174,0.000000,0.000000,0.000000,0.000234,0.000436,-0.000942,0.043965,0.005701,0.068978,0.043965,0.005701,0.068978,-0.000783,-0.004062,0.003293,-0.000783,-0.004062,0.003293,0.005050,-0.018469,0.004747,0.042261,0.000413,0.019375,-0.003292,0.005050,-0.018469,0.004747,0.042261,0.000413,0.019375,-0.003292
0.415000,0.306459,-0.000221,0.486140,0.306826,-0.000190,0.486794,0.306826,-0.000190,0.486794,0.000367,0.000032,0.000654,0.000039,-0.000914,0.000114,-0.000169,-0.000103,0.000225,0.000000,0.000000,0.000000,-0.000237,-0.000822,0.001320,0.047460,0.005223,0.060870,0.047460,0.005223,0.060870,0.001104,-0.000275,-0.003503,0.001104,-0.000275,-0.003503,-0.001891,-0.011661,-0.001543,0.035096,0.002207,0.015609,0.003502,-0.001891,-0.011661,-0.001543,0.035096,0.002207,0.015609,0.003502
0.416000,0.306458,-0.000220,0.486138,0.306826,-0.000190,0.486794,0.306826,-0.000190,0.486794,0.000368,0.000030,0.000656,0.000036,-0.000918,0.000116,-0.000234,0.000130,-0.000133,0.000000,0.000000,0.000000,-0.000159,0.000245,-0.000437,0.048839,0.000427,0.068221,0.048839,0.000427,0.068221,0.000780,-0.003491,0.001775,0.000780,-0.003491,0.001775,0.001917,-0.016919,0.000855,0.041959,0.000869,0.019763,-0.001775,0.001917,-0.016919,0.000855,0.041959,0.000869,0.019763,-0.001775
0.417000,0.306459,-0.000220,0.486138,0.306826,-0.000190,0.486794,0.306826,-0.000190,0.486794,0.000368,0.000030,0.000655,0.000036,-0.000918,0.000114,0.000051,0.000284,0.000024,0.000000,0.000000,0.000000,0.000317,-0.000073,0.001246,0.043082,-0.002664,0.065068,0.043082,-0.002664,0.065068,-0.001121,-0.002534,-0.003283,-0.001121,-0.002534,-0.003283,-0.004090,-0.015877,-0.002376,0.038776,-0.001677,0.017317,0.003284,-0.004090,-0.015877,-0.002376,0.038776,-0.001677,0.017317,0.003284
0.418000,0.306459,-0.000221,0.486138,0.306826,-0.000190,0.486794,0.306826,-0.000190,0.486794,0.000367,0.000031,0.000655,0.000040,-0.000918,0.000116,-0.000038,0.000004,-0.000247,0.000000,0.000000,0.000000,-0.000671,0.000508,0.000323,0.044851,0.003009,0.070475,0.044851,0.003009,0.070475,0.002842,-0.004278,-0.000505,0.002842,-0.004278,-0.000505,0.000427,-0.019007,-0.001377,0.043296,0.003477,0.019907,0.000504,0.000427,-0.019007,-0.001377,0.043296,0.003477,0.019907,0.000504
0.419000,0.306459,-0.000219,0.486139,0.306826,-0.000190,0.486794,0.306826,-0.000190,0.486794,0.000367,0.000030,0.000654,0.000041,-0.000919,0.000117,0.000045,0.000244,0.000602,0.000000,0.000000,0.000000,-0.000245,-0.000679,-0.000356,0.043167,-0.001935,0.053402,0.043167,-0.001935,0.053402,0.001144,-0.000719,0.001535,0.001144,-0.000719,0.001535,0.000952,-0.010475,-0.000341,0.031464,0.000736,0.014494,-0.001536,0.000952,-0.010475,-0.000341,0.031464,0.000736,0.014494,-0.001536
0.420000,0.306458,-0.000220,0.486140,0.306826,-0.000190,0.486794,0.306826,-0.000190,0.486794,0.000368,0.000031,0.000654,0.000039,-0.000914,0.000113,-0.000132,-0.000048,0.000509,0.000000,0.000000,0.000000,0.000298,-0.001518,0.001271,0.046781,0.004025,0.055208,0.046781,0.004025,0.055208,-0.001037,0.001810,-0.003359,-0.001037,0.001810,-0.003359,-0.002116,-0.007946,-0.000317,0.030252,-0.000187,0.012884,0.003359,-0.002116,-0.007946,-0.000317,0.030252,-0.000187,0.012884,0.003359
0.421000,0.306459,-0.000221,0.486139,0.306826,-0.000190,0.486794,0.306826,-0.000190,0.486794,0.000368,0.000031,0.000654,0.000040,-0.000916,0.000120,-0.000060,-0.000274,-0.000122,0.000000,0.000000,0.000000,-0.000006,0.000194,-0.002278,0.045317,0.008626,0.067874,0.045317,0.008626,0.067874,0.000187,-0.003329,0.007314,0.000187,-0.003329,0.007314,0.009968,-0.017190,0.007849,0.041179,0.001994,0.018830,-0.007313,0.009968,-0.017190,0.007849,0.041179,0.001994,0.018830,-0.007313
0.422000,0.306459,-0.000220,0.486139,0.306826,-0.000190,0.486794,0.306826,-0.000190,0.486794,0.000367,0.000030,0.000655,0.000040,-0.000919,0.000113,0.000046,0.000441,-0.000252,0.000000,0.000000,0.000000,-0.000260,0.000687,0.001401,0.043127,-0.005849,0.070552,0.043127,-0.005849,0.070552,0.001199,-0.004816,-0.003750,0.001199,-0.004816,-0.003750,-0.005533,-0.019833,-0.005382,0.043651,-0.000026,0.020088,0.003750,-0.005533,-0.019833,-0.005382,0.043651,-0.000026,0.020088,0.003750
0.423000,0.306460,-0.000221,0.486139,0.306826,-0.000190,0.486794,0.306826,-0.000190,0.486794,0.000367,0.000031,0.000654,0.000040,-0.000918,0.000116,0.000185,-0.000076,0.000401,0.000000,0.000000,0.000000,-0.000174,-0.000749,-0.000781,0.040299,0.004602,0.057420,0.040299,0.004602,0.057420,0.000855,-0.000506,0.002807,0.000855,-0.000506,0.002807,0.004226,-0.011932,0.002885,0.032779,0.001819,0.014032,-0.002808,0.004226,-0.011932,0.002885,0.032779,0.001819,0.014032,-0.002808
0.424000,0.306459,-0.000221,0.486138,0.306826,-0.000190,0.486794,0.306826,-0.000190,0.486794,0.000368,0.000031,0.000656,0.000040,-0.000921,0.000115,-0.000167,-0.000093,-0.000152,0.000000,0.000000,0.000000,-0.000319,0.000388,-0.000520,0.047447,0.004962,0.068648,0.047447,0.004962,0.068648,0.001437,-0.003927,0.002021,0.001437,-0.003927,0.002021,0.003553,-0.017698,0.002037,0.042416,0.002480,0.019942,-0.002022,0.003553,-0.017698,0.002037,0.042416,0.002480,0.019942,-0.002022
0.425000,0.306459,-0.000219,0.486139,0.306826,-0.000190,0.486794,0.306826,-0.000190,0.486794,0.000367,0.000029,0.000655,0.000039,-0.000917,0.000111,0.000074,0.000571,-0.000230,0.000000,0.000000,0.000000,0.000228,0.000341,0.001925,0.042566,-0.008510,0.070101,0.042566,-0.008510,0.070101,-0.000759,-0.003774,-0.005329,-0.000759,-0.003774,-0.005329,-0.007927,-0.018739,-0.005975,0.042326,-0.002542,0.018889,0.005330,-0.007927,-0.018739,-0.005975,0.042326,-0.002542,0.018889,0.005330
0.426000,0.306459,-0.000220,0.486139,0.306826,-0.000190,0.486794,0.306826,-0.000190,0.486794,0.000367,0.000030,0.000655,0.000039,-0.000918,0.000117,-0.000014,0.000039,0.000259,0.000000,0.000000,0.000000,0.000152,-0.000649,-0.000339,0.044360,0.002225,0.060303,0.044360,0.002225,0.060303,-0.000451,-0.000805,0.001486,-0.000451,-0.000805,0.001486,0.002178,-0.012492,0.002106,0.034961,0.000015,0.015439,-0.001486,0.002178,-0.012492,0.002106,0.034961,0.000015,0.015439,-0.001486
0.427000,0.306459,-0.000221,0.486139,0.306826,-0.000190,0.486794,0.306826,-0.000190,0.486794,0.000367,0.000031,0.000655,0.000037,-0.000919,0.000118,0.000025,-0.000384,-0.000019,0.000000,0.000000,0.000000,0.000562,0.000361,-0.000351,0.043518,0.010812,0.065858,0.043518,0.010812,0.065858,-0.002099,-0.003841,0.001525,-0.002099,-0.003841,0.001525,0.004848,-0.017362,0.006088,0.040510,0.000175,0.018785,-0.001522,0.004848,-0.017362,0.006088,0.040510,0.000175,0.018785,-0.001522
0.428000,0.306459,-0.000221,0.486140,0.306826,-0.000190,0.486794,0.306826,-0.000190,0.486794,0.000368,0.000031,0.000654,0.000037,-0.000913,0.000118,-0.000068,-0.000288,0.000399,0.000000,0.000000,0.000000,0.000530,-0.001441,-0.001198,0.045475,0.008896,0.057393,0.045475,0.008896,0.057393,-0.001973,0.001581,0.004064,-0.001973,0.001581,0.004064,0.006801,-0.009045,0.007171,0.031343,-0.000106,0.013032,-0.004063,0.006801,-0.009045,0.007171,0.031343,-0.000106,0.013032,-0.004063
0.429000,0.306458,-0.000219,0.486139,0.306826,-0.000190,0.486794,0.306826,-0.000190,0.486794,0.000368,0.000029,0.000655,0.000042,-0.000917,0.000112,-0.000017,0.000733,-0.000196,0.000000,0.000000,0.000000,-0.001288,0.000247,0.002380,0.044462,-0.011720,0.069427,0.044462,-0.011720,0.069427,0.005320,-0.003491,-0.006690,0.005320,-0.003491,-0.006690,-0.010273,-0.017960,-0.012285,0.041965,0.002863,0.018943,0.006687,-0.010273,-0.017960,-0.012285,0.041965,0.002863,0.018943,0.006687
0.430000,0.306459,-0.000221,0.486140,0.306826,-0.000190,0.486794,0.306826,-0.000190,0.486794,0.000368,0.000031,0.000654,0.000036,-0.000916,0.000112,-0.000062,-0.000343,-0.000152,0.000000,0.000000,0.000000,0.001226,0.000402,0.000374,0.045353,0.010001,0.068454,0.045353,0.010001,0.068454,-0.004760,-0.003951,-0.000674,-0.004760,-0.003951,-0.000674,0.002401,-0.017986,0.006157,0.042082,-0.002654,0.019510,0.000679,0.002401,-0.017986,0.006157,0.042082,-0.002654,0.019510,0.000679
0.431000,0.306458,-0.000220,0.486138,0.306826,-0.000190,0.486794,0.306826,-0.000190,0.486794,0.000368,0.000031,0.000656,0.000035,-0.000919,0.000118,-0.000112,-0.000008,-0.000364,0.000000,0.000000,0.000000,0.001053,0.000824,-0.001161,0.046419,0.003220,0.072843,0.046419,0.003220,0.072843,-0.004073,-0.005227,0.003955,-0.004073,-0.005227,0.003955,0.004952,-0.020443,0.006738,0.045566,-0.003398,0.021398,-0.003950,0.004952,-0.020443,0.006738,0.045566,-0.003398,0.021398,-0.003950
0.432000,0.306458,-0.000220,0.486139,0.306826,-0.000190,0.486794,0.306826,-0.000190,0.486794,0.000368,0.000030,0.000655,0.000040,-0.000916,0.000110,-0.000188,0.000244,0.000390,0.000000,0.000000,0.000000,-0.000829,-0.001213,0.002046,0.047940,-0.001899,0.057662,0.047940,-0.001899,0.057662,0.003475,0.000891,-0.005695,0.003475,0.000891,-0.005695,-0.006267,-0.009438,-0.007085,0.032477,0.003083,0.014260,0.005693,-0.006267,-0.009438,-0.007085,0.032477,0.003083,0.014260,0.005693
0.433000,0.306459,-0.000220,0.486139,0.306826,-0.000190,0.486794,0.306826,-0.000190,0.486794,0.000367,0.000030,0.000654,0.000038,-0.000917,0.000118,0.000131,0.000085,0.000153,0.000000,0.000000,0.000000,-0.000113,-0.000160,-0.001160,0.041428,0.001309,0.062366,0.041428,0.001309,0.062366,0.000607,-0.002271,0.003954,0.000607,-0.002271,0.003954,0.004364,-0.015038,0.002801,0.037023,0.000878,0.016469,-0.003953,0.004364,-0.015038,0.002801,0.037023,0.000878,0.016469,-0.003953
0.434000,0.306459,-0.000220,0.486140,0.306826,-0.000190,0.486794,0.306826,-0.000190,0.486794,0.000367,0.000030,0.000654,0.000037,-0.000916,0.000118,0.000221,-0.000027,0.000429,0.000000,0.000000,0.000000,0.000181,-0.000994,-0.000675,0.039603,0.003562,0.056815,0.039603,0.003562,0.056815,-0.000572,0.000234,0.002497,-0.000572,0.000234,0.002497,0.003597,-0.011114,0.003339,0.031665,0.000174,0.013093,-0.002497,0.003597,-0.011114,0.003339,0.031665,0.000174,0.013093,-0.002497
0.435000,0.306459,-0.000221,0.486139,0.306826,-0.000190,0.486794,0.306826,-0.000190,0.486794,0.000367,0.000031,0.000655,0.000038,-0.000916,0.000114,0.000063,-0.000238,-0.000020,0.000000,0.000000,0.000000,-0.000115,-0.000012,0.000723,0.042820,0.007858,0.065861,0.042820,0.007858,0.065861,0.000614,-0.002711,-0.001710,0.000614,-0.002711,-0.001710,0.000707,-0.016338,0.000924,0.039292,0.002270,0.017508,0.001711,0.000707,-0.016338,0.000924,0.039292,0.002270,0.017508,0.001711
0.436000,0.306459,-0.000219,0.486141,0.306826,-0.000190,0.486794,0.306826,-0.000190,0.486794,0.000368,0.000029,0.000652,0.000042,-0.000909,0.000116,-0.000085,0.000454,0.000380,0.000000,0.000000,0.000000,-0.000696,-0.001486,0.000161,0.045819,-0.006169,0.057623,0.045819,-0.006169,0.057623,0.002948,0.001732,-0.000019,0.002948,0.001732,-0.000019,-0.001900,-0.008911,-0.004091,0.031345,0.001650,0.012972,0.000016,-0.001900,-0.008911,-0.004091,0.031345,0.001650,0.012972,0.000016
0.437000,0.306459,-0.000221,0.486140,0.306826,-0.000190,0.486794,0.306826,-0.000190,0.486794,0.000367,0.000031,0.000654,0.000039,-0.000913,0.000114,0.000213,-0.000310,-0.000287,0.000000,0.000000,0.000000,0.000155,0.000773,0.000666,0.039756,0.009292,0.071092,0.039756,0.009292,0.071092,-0.000466,-0.005059,-0.001541,-0.000466,-0.005059,-0.001541,0.001315,-0.020758,0.002273,0.043714,0.001492,0.019670,0.001543,0.001315,-0.020758,0.002273,0.043714,0.001492,0.019670,0.001543
0.438000,0.306459,-0.000220,0.486140,0.306826,-0.000190,0.486794,0.306826,-0.000190,0.486794,0.000367,0.000030,0.000654,0.000041,-0.000913,0.000118,0.000057,-0.000014,-0.000021,0.000000,0.000000,0.000000,-0.000752,-0.000042,-0.001083,0.042941,0.003310,0.065797,0.042941,0.003310,0.065797,0.003173,-0.002615,0.003723,0.003173,-0.002615,0.003723,0.004747,-0.016201,0.001472,0.039179,0.003865,0.017432,-0.003725,0.004747,-0.016201,0.001472,0.039179,0.003865,0.017432,-0.003725
0.439000,0.306458,-0.000221,0.486139,0.306826,-0.000190,0.486794,0.306826,-0.000190,0.486794,0.000368,0.000031,0.000655,0.000037,-0.000917,0.000122,-0.000141,-0.000152,-0.000321,0.000000,0.000000,0.000000,0.000590,0.001037,-0.001162,0.046966,0.006181,0.071932,0.046966,0.006181,0.071932,-0.002211,-0.005863,0.003974,-0.002211,-0.005863,0.003974,0.005879,-0.020716,0.006395,0.045842,-0.000914,0.022068,-0.003970,0.005879,-0.020716,0.006395,0.045842,-0.000914,0.022068,-0.003970
0.440000,0.306459,-0.000220,0.486141,0.306826,-0.000190,0.486794,0.306826,-0.000190,0.486794,0.000367,0.000030,0.000653,0.000040,-0.000910,0.000111,0.000069,0.000230,0.000599,0.000000,0.000000,0.000000,-0.000304,-0.001673,0.001224,0.042718,-0.001608,0.053292,0.042718,-0.001608,0.053292,0.001374,0.002287,-0.003229,0.001374,0.002287,-0.003229,-0.003712,-0.007504,-0.003762,0.028349,0.001039,0.011383,0.003227,-0.003712,-0.007504,-0.003762,0.028349,0.001039,0.011383,0.003227
0.441000,0.306459,-0.000221,0.486139,0.306826,-0.000190,0.486794,0.306826,-0.000190,0.486794,0.000368,0.000031,0.000654,0.000040,-0.000915,0.000119,0.000005,-0.000216,-0.000130,0.000000,0.000000,0.000000,-0.000203,0.000455,-0.001374,0.044020,0.007417,0.068036,0.044020,0.007417,0.068036,0.000969,-0.004111,0.004598,0.000969,-0.004111,0.004598,0.006880,-0.018220,0.004984,0.041871,0.002525,0.019352,-0.004598,0.006880,-0.018220,0.004984,0.041871,0.002525,0.019352,-0.004598
0.442000,0.306459,-0.000220,0.486138,0.306826,-0.000190,0.486794,0.306826,-0.000190,0.486794,0.000368,0.000030,0.000655,0.000040,-0.000918,0.000111,-0.000055,0.000105,-0.000783,0.000000,0.000000,0.000000,0.000104,0.001974,0.001192,0.045192,0.000910,0.081205,0.045192,0.000910,0.081205,-0.000254,-0.008677,-0.003132,-0.000254,-0.008677,-0.003132,-0.002843,-0.026644,-0.001721,0.052804,-0.000057,0.025320,0.003134,-0.002843,-0.026644,-0.001721,0.052804,-0.000057,0.025320,0.003134
0.443000,0.306459,-0.000220,0.486139,0.306826,-0.000190,0.486794,0.306826,-0.000190,0.486794,0.000367,0.000031,0.000655,0.000039,-0.000916,0.000115,0.000106,-0.000297,0.000003,0.000000,0.000000,0.000000,0.000731,0.000202,-0.001535,0.041943,0.009000,0.065383,0.041943,0.009000,0.065383,-0.002770,-0.003354,0.005065,-0.002770,-0.003354,0.005065,0.007832,-0.016970,0.008475,0.039597,-0.000882,0.017927,-0.005062,0.007832,-0.016970,0.008475,0.039597,-0.000882,0.017927,-0.005062
0.444000,0.306458,-0.000220,0.486139,0.306826,-0.000190,0.486794,0.306826,-0.000190,0.486794,0.000368,0.000030,0.000655,0.000041,-0.000916,0.000117,-0.000257,-0.000020,-0.000153,0.000000,0.000000,0.000000,-0.000570,0.000042,-0.000490,0.049331,0.003437,0.068589,0.049331,0.003437,0.068589,0.002442,-0.002876,0.001941,0.002442,-0.002876,0.001941,0.003004,-0.016339,0.000774,0.041578,0.003164,0.019282,-0.001942,0.003004,-0.016339,0.000774,0.041578,0.003164,0.019282,-0.001942
0.445000,0.306459,-0.000221,0.486137,0.306826,-0.000190,0.486794,0.306826,-0.000190,0.486794,0.000367,0.000032,0.000657,0.000039,-0.000921,0.000117,0.000071,-0.000128,-0.000448,0.000000,0.000000,0.000000,0.000034,0.000963,0.001012,0.042658,0.005721,0.074663,0.042658,0.005721,0.074663,0.000018,-0.005655,-0.002568,0.000018,-0.005655,-0.002568,-0.000804,-0.022004,0.000048,0.046369,0.001226,0.021190,0.002569,-0.000804,-0.022004,0.000048,0.046369,0.001226,0.021190,0.002569
0.446000,0.306459,-0.000220,0.486140,0.306826,-0.000190,0.486794,0.306826,-0.000190,0.486794,0.000368,0.000030,0.000654,0.000038,-0.000915,0.000118,-0.000052,0.000261,0.000332,0.000000,0.000000,0.000000,0.000206,-0.000283,-0.000089,0.045142,-0.002205,0.058733,0.045142,-0.002205,0.058733,-0.000671,-0.001898,0.000738,-0.000671,-0.001898,0.000738,0.000073,-0.012985,0.000294,0.035414,-0.001135,0.016558,-0.000737,0.000073,-0.012985,0.000294,0.035414,-0.001135,0.016558,-0.000737
0.447000,0.306458,-0.000221,0.486141,0.306826,-0.000190,0.486794,0.306826,-0.000190,0.486794,0.000368,0.000031,0.000653,0.000039,-0.000910,0.000114,-0.000063,-0.000172,0.000656,0.000000,0.000000,0.000000,-0.000047,-0.002140,0.000229,0.045395,0.006558,0.052162,0.045395,0.006558,0.052162,0.000343,0.003691,-0.000233,0.000343,0.003691,-0.000233,0.001787,-0.005344,0.001736,0.026754,0.001722,0.010444,0.000232,0.001787,-0.005344,0.001736,0.026754,0.001722,0.010444,0.000232
0.448000,0.306459,-0.000221,0.486138,0.306826,-0.000190,0.486794,0.306826,-0.000190,0.486794,0.000368,0.000031,0.000655,0.000040,-0.000919,0.000118,-0.000022,-0.000060,-0.000673,0.000000,0.000000,0.000000,-0.000287,0.001958,-0.000547,0.044550,0.004291,0.079002,0.044550,0.004291,0.079002,0.001307,-0.008631,0.002112,0.001307,-0.008631,0.002112,0.003436,-0.026021,0.001974,0.051635,0.002209,0.024946,-0.002111,0.003436,-0.026021,0.001974,0.051635,0.002209,0.024946,-0.002111
0.449000,0.306458,-0.000219,0.486138,0.306826,-0.000190,0.486794,0.306826,-0.000190,0.486794,0.000368,0.000029,0.000656,0.000041,-0.000920,0.000115,-0.000014,0.000233,-0.000449,0.000000,0.000000,0.000000,-0.000145,0.001306,0.000299,0.044426,-0.001735,0.074586,0.044426,-0.001735,0.074586,0.000742,-0.006677,-0.000438,0.000742,-0.006677,-0.000438,-0.000960,-0.022732,-0.001385,0.047582,0.000379,0.022578,0.000439,-0.000960,-0.022732,-0.001385,0.047582,0.000379,0.022578,0.000439
0.450000,0.306459,-0.000220,0.486137,0.306826,-0.000190,0.486794,0.306826,-0.000190,0.486794,0.000367,0.000030,0.000657,0.000038,-0.000922,0.000112,0.000126,0.000091,-0.000449,0.000000,0.000000,0.000000,0.000555,0.001190,0.001538,0.041585,0.001187,0.074662,0.041585,0.001187,0.074662,-0.002069,-0.006335,-0.004164,-0.002069,-0.006335,-0.004164,-0.003791,-0.022848,-0.001075,0.046911,-0.001813,0.021645,0.004168,-0.003791,-0.022848,-0.001075,0.046911,-0.001813,0.021645,0.004168
0.451000,0.306459,-0.000220,0.486139,0.306826,-0.000190,0.486794,0.306826,-0.000190,0.486794,0.000367,0.000031,0.000655,0.000040,-0.000915,0.000121,0.000092,-0.000088,0.000350,0.000000,0.000000,0.000000,-0.000486,-0.001386,-0.001853,0.042266,0.004821,0.058505,0.042266,0.004821,0.058505,0.002106,0.001412,0.006043,0.002106,0.001412,0.006043,0.007530,-0.010043,0.004358,0.031624,0.003112,0.012623,-0.006045,0.007530,-0.010043,0.004358,0.031624,0.003112,0.012623,-0.006045
0.452000,0.306458,-0.000221,0.486139,0.306826,-0.000190,0.486794,0.306826,-0.000190,0.486794,0.000368,0.000031,0.000654,0.000039,-0.000916,0.000114,-0.000024,0.000130,0.000430,0.000000,0.000000,0.000000,0.000071,-0.000735,0.000798,0.044615,0.000471,0.056835,0.044615,0.000471,0.056835,-0.000129,-0.000544,-0.001939,-0.000129,-0.000544,-0.001939,-0.001785,-0.011130,-0.001112,0.033096,-0.000027,0.014925,0.001939,-0.001785,-0.011130,-0.001112,0.033096,-0.000027,0.014925,0.001939
0.453000,0.306458,-0.000222,0.486137,0.306826,-0.000190,0.486794,0.306826,-0.000190,0.486794,0.000368,0.000032,0.000656,0.000038,-0.000920,0.000123,-0.000024,-0.000174,-0.000389,0.000000,0.000000,0.000000,0.000269,0.000943,-0.001418,0.044615,0.006658,0.073415,0.044615,0.006658,0.073415,-0.000924,-0.005589,0.004745,-0.000924,-0.005589,0.004745,0.006796,-0.021256,0.006184,0.045965,0.000472,0.021429,-0.004743,0.006796,-0.021256,0.006184,0.045965,0.000472,0.021429,-0.004743
0.454000,0.306458,-0.000219,0.486139,0.306826,-0.000190,0.486794,0.306826,-0.000190,0.486794,0.000368,0.000029,0.000655,0.000041,-0.000917,0.000113,-0.000029,0.000446,0.000174,0.000000,0.000000,0.000000,-0.000675,-0.000485,0.000735,0.044728,-0.005979,0.062024,0.044728,-0.005979,0.062024,0.002862,-0.001296,-0.001750,0.002862,-0.001296,-0.001750,-0.003573,-0.013455,-0.005191,0.036311,0.001607,0.016157,0.001748,-0.003573,-0.013455,-0.005191,0.036311,0.001607,0.016157,0.001748
0.455000,0.306459,-0.000220,0.486137,0.306826,-0.000190,0.486794,0.306826,-0.000190,0.486794,0.000368,0.000031,0.000657,0.000041,-0.000923,0.000111,0.000029,-0.000147,-0.000509,0.000000,0.000000,0.000000,-0.000494,0.001585,0.001744,0.043538,0.005995,0.075873,0.043538,0.005995,0.075873,0.002140,-0.007524,-0.004787,0.002140,-0.007524,-0.004787,-0.002940,-0.024109,-0.002934,0.048921,0.003409,0.023349,0.004788,-0.002940,-0.024109,-0.002934,0.048921,0.003409,0.023349,0.004788
0.456000,0.306458,-0.000220,0.486136,0.306826,-0.000190,0.486794,0.306826,-0.000190,0.486794,0.000368,0.000030,0.000657,0.000040,-0.000924,0.000117,-0.000199,0.000125,-0.000496,0.000000,0.000000,0.000000,0.000570,0.001386,-0.000149,0.048181,0.000479,0.075667,0.048181,0.000479,0.075667,-0.002121,-0.006929,0.000915,-0.002121,-0.006929,0.000915,0.001073,-0.022740,0.002320,0.048827,-0.002019,0.023717,-0.000911,0.001073,-0.022740,0.002320,0.048827,-0.002019,0.023717,-0.000911
0.457000,0.306459,-0.000219,0.486136,0.306826,-0.000190,0.486794,0.306826,-0.000190,0.486794,0.000367,0.000030,0.000657,0.000042,-0.000922,0.000108,0.000328,-0.000047,-0.000279,0.000000,0.000000,0.000000,-0.000079,0.000405,0.000975,0.037471,0.003893,0.071311,0.037471,0.003893,0.071311,0.000482,-0.003982,-0.002491,0.000482,-0.003982,-0.002491,-0.001290,-0.020097,-0.000823,0.042447,0.001304,0.018131,0.002492,-0.001290,-0.020097,-0.000823,0.042447,0.001304,0.018131,0.002492
0.458000,0.306458,-0.000222,0.486137,0.306826,-0.000190,0.486794,0.306826,-0.000190,0.486794,0.000368,0.000032,0.000656,0.000038,-0.000920,0.000118,-0.000059,-0.000423,0.000111,0.000000,0.000000,0.000000,0.000801,-0.000335,-0.000711,0.045315,0.011647,0.063433,0.045315,0.011647,0.063433,-0.003054,-0.001755,0.002603,-0.003054,-0.001755,0.002603,0.006182,-0.014257,0.007798,0.037510,-0.000606,0.016865,-0.002600,0.006182,-0.014257,0.007798,0.037510,-0.000606,0.016865,-0.002600
0.459000,0.306458,-0.000219,0.486139,0.306826,-0.000190,0.486794,0.306826,-0.000190,0.486794,0.000368,0.000030,0.000655,0.000041,-0.000917,0.000111,-0.000053,0.000358,0.000507,0.000000,0.000000,0.000000,-0.000762,-0.001337,0.000509,0.045193,-0.004202,0.055368,0.045193,-0.004202,0.055368,0.003213,0.001260,-0.001082,0.003213,0.001260,-0.001082,-0.002360,-0.008788,-0.004391,0.030673,0.002330,0.013113,0.001079,-0.002360,-0.008788,-0.004391,0.030673,0.002330,0.013113,0.001079
0.460000,0.306458,-0.000219,0.486138,0.306826,-0.000190,0.486794,0.306826,-0.000190,0.486794,0.000368,0.000030,0.000656,0.000041,-0.000919,0.000111,-0.000000,-0.000010,0.000147,0.000000,0.000000,0.000000,-0.000066,-0.000097,0.000717,0.044126,0.003154,0.062638,0.044126,0.003154,0.062638,0.000428,-0.002467,-0.001709,0.000428,-0.002467,-0.001709,-0.000733,-0.014905,-0.000471,0.037695,0.001094,0.017255,0.001709,-0.000733,-0.014905,-0.000471,0.037695,0.001094,0.017255,0.001709
0.461000,0.306459,-0.000219,0.486137,0.306826,-0.000190,0.486794,0.306826,-0.000190,0.486794,0.000368,0.000029,0.000657,0.000041,-0.000923,0.000109,0.000014,0.000292,-0.000336,0.000000,0.000000,0.000000,-0.000248,0.001049,0.000337,0.043841,-0.002927,0.072414,0.043841,-0.002927,0.072414,0.001155,-0.005914,-0.000574,0.001155,-0.005914,-0.000574,-0.001462,-0.021392,-0.002159,0.045719,0.000541,0.021501,0.000575,-0.001462,-0.021392,-0.002159,0.045719,0.000541,0.021501,0.000575
0.462000,0.306459,-0.000219,0.486138,0.306826,-0.000190,0.486794,0.306826,-0.000190,0.486794,0.000367,0.000029,0.000655,0.000041,-0.000920,0.000113,0.000102,-0.000104,0.000281,0.000000,0.000000,0.000000,0.000038,-0.000177,-0.000618,0.042044,0.005027,0.059931,0.042044,0.005027,0.059931,0.000013,-0.002229,0.002306,0.000013,-0.002229,0.002306,0.003856,-0.014156,0.003266,0.035911,0.001068,0.016342,-0.002306,0.003856,-0.014156,0.003266,0.035911,0.001068,0.016342,-0.002306
0.463000,0.306458,-0.000218,0.486136,0.306826,-0.000190,0.486794,0.306826,-0.000190,0.486794,0.000368,0.000028,0.000658,0.000039,-0.000925,0.000110,-0.000444,0.000493,-0.001858,0.000000,0.000000,0.000000,0.000264,0.004022,0.001259,0.053029,-0.007030,0.102957,0.053029,-0.007030,0.102957,-0.000900,-0.014839,-0.003336,-0.000900,-0.014839,-0.003336,-0.005478,-0.038282,-0.003984,0.070240,-0.002370,0.035042,0.003341,-0.005478,-0.038282,-0.003984,0.070240,-0.002370,0.035042,0.003341
0.464000,0.306459,-0.000218,0.486137,0.306826,-0.000190,0.486794,0.306826,-0.000190,0.486794,0.000368,0.000028,0.000657,0.000042,-0.000922,0.000110,-0.000259,0.000168,-0.001104,0.000000,0.000000,0.000000,-0.000219,0.002396,-0.000390,0.049294,-0.000538,0.087735,0.049294,-0.000538,0.087735,0.001041,-0.009953,0.001608,0.001041,-0.009953,0.001608,0.001453,-0.029295,0.000238,0.057688,0.000928,0.028034,-0.001606,0.001453,-0.029295,0.000238,0.057688,0.000928,0.028034,-0.001606
0.465000,0.306459,-0.000219,0.486137,0.306826,-0.000190,0.486794,0.306826,-0.000190,0.486794,0.000368,0.000029,0.000656,0.000039,-0.000920,0.000111,-0.000249,-0.000026,-0.000880,0.000000,0.000000,0.000000,0.000453,0.001293,0.000568,0.049095,0.003437,0.083242,0.049095,0.003437,0.083242,-0.001657,-0.006638,-0.001261,-0.001657,-0.006638,-0.001261,-0.000196,-0.024632,0.001415,0.052228,-0.000930,0.024282,0.001264,-0.000196,-0.024632,0.001415,0.052228,-0.000930,0.024282,0.001264
0.466000,0.306458,-0.000219,0.486137,0.306826,-0.000190,0.486794,0.306826,-0.000190,0.486794,0.000368,0.000029,0.000657,0.000041,-0.000923,0.000112,-0.000257,0.000111,-0.000895,0.000000,0.000000,0.000000,0.000098,0.002317,-0.000760,0.049284,0.000683,0.083608,0.049284,0.000683,0.083608,-0.000229,-0.009722,0.002730,-0.000229,-0.009722,0.002730,0.002951,-0.027800,0.002328,0.055509,-0.000085,0.027439,-0.002727,0.002951,-0.027800,0.002328,0.055509,-0.000085,0.027439,-0.002727
0.467000,0.306458,-0.000219,0.486138,0.306826,-0.000190,0.486794,0.306826,-0.000190,0.486794,0.000368,0.000029,0.000656,0.000042,-0.000920,0.000105,-0.000200,-0.000009,-0.000217,0.000000,0.000000,0.000000,-0.000769,0.000547,0.001534,0.048145,0.003104,0.069922,0.048145,0.003104,0.069922,0.003242,-0.004401,-0.004182,0.003242,-0.004401,-0.004182,-0.003220,-0.018455,-0.004225,0.043581,0.003901,0.020673,0.004180,-0.003220,-0.018455,-0.004225,0.043581,0.003901,0.020673,0.004180
0.468000,0.306458,-0.000220,0.486138,0.306826,-0.000190,0.486794,0.306826,-0.000190,0.486794,0.000368,0.000030,0.000656,0.000040,-0.000919,0.000114,-0.000095,-0.000144,-0.000165,0.000000,0.000000,0.000000,0.000084,0.000213,-0.001100,0.046016,0.005851,0.068864,0.046016,0.005851,0.068864,-0.000177,-0.003396,0.003758,-0.000177,-0.003396,0.003758,0.005561,-0.017453,0.004694,0.041804,0.001051,0.019130,-0.003756,0.005561,-0.017453,0.004694,0.041804,0.001051,0.019130,-0.003756
0.469000,0.306459,-0.000220,0.486139,0.306826,-0.000190,0.486794,0.306826,-0.000190,0.486794,0.000367,0.000030,0.000655,0.000036,-0.000916,0.000112,0.000999,-0.000165,0.002961,0.000000,0.000000,0.000000,0.001193,-0.006584,0.000298,0.024086,0.006296,0.006246,0.024086,0.006296,0.006246,-0.004626,0.017005,-0.000446,-0.004626,0.017005,-0.000446,0.001486,0.018751,0.005008,-0.010962,-0.003306,-0.011389,0.000445,0.001486,0.018751,0.005008,-0.010962,-0.003306,-0.011389,0.000445
0.470000,0.306459,-0.000220,0.486138,0.306826,-0.000190,0.486794,0.306826,-0.000190,0.486794,0.000368,0.000030,0.000655,0.000040,-0.000918,0.000111,0.000513,-0.000212,0.002082,0.000000,0.000000,0.000000,-0.000343,-0.004593,0.000576,0.033857,0.007271,0.023897,0.033857,0.007271,0.023897,0.001529,0.011024,-0.001283,0.001529,0.011024,-0.001283,0.000954,0.008872,0.000386,0.004601,0.003057,-0.001802,0.001279,0.000954,0.008872,0.000386,0.004601,0.003057,-0.001802,0.001279
0.471000,0.306459,-0.000219,0.486136,0.306826,-0.000190,0.486794,0.306826,-0.000190,0.486794,0.000367,0.000029,0.000657,0.000041,-0.000924,0.000115,0.000437,0.000381,0.000932,0.000000,0.000000,0.000000,-0.000624,-0.001511,-0.000822,0.035348,-0.004743,0.047115,0.035348,-0.004743,0.047115,0.002660,0.001760,0.002926,0.002660,0.001760,0.002926,0.001481,-0.007267,-0.001345,0.025013,0.001659,0.009817,-0.002928,0.001481,-0.007267,-0.001345,0.025013,0.001659,0.009817,-0.002928
0.472000,0.306459,-0.000220,0.486138,0.306826,-0.000190,0.486794,0.306826,-0.000190,0.486794,0.000367,0.000030,0.000656,0.000039,-0.000921,0.000108,0.001337,-0.000219,-0.000465,0.000000,0.000000,0.000000,0.000218,0.003281,0.000658,0.017297,0.007388,0.074901,0.017297,0.007388,0.074901,-0.000718,-0.012608,-0.001539,-0.000718,-0.012608,-0.001539,0.000725,-0.032894,0.001823,0.050151,0.000838,0.022825,0.001543,0.000725,-0.032894,0.001823,0.050151,0.000838,0.022825,0.001543
0.473000,0.306459,-0.000221,0.486139,0.306826,-0.000190,0.486794,0.306826,-0.000190,0.486794,0.000367,0.000032,0.000655,0.000035,-0.000917,0.000120,0.001018,-0.000445,-0.000159,0.000000,0.000000,0.000000,0.001439,0.001440,-0.002143,0.023691,0.012068,0.068681,0.023691,0.012068,0.068681,-0.005616,-0.007069,0.006912,-0.005616,-0.007069,0.006912,0.010612,-0.024483,0.012781,0.042512,-0.003086,0.018090,-0.006905,0.010612,-0.024483,0.012781,0.042512,-0.003086,0.018090,-0.006905
0.474000,0.306459,-0.000220,0.486137,0.306826,-0.000190,0.486794,0.306826,-0.000190,0.486794,0.000368,0.000030,0.000656,0.000038,-0.000922,0.000116,0.000615,0.000083,-0.000653,0.000000,0.000000,0.000000,-0.000113,0.003059,-0.000159,0.031818,0.001352,0.078699,0.031818,0.001352,0.078699,0.000603,-0.011941,0.000940,0.000603,-0.011941,0.000940,0.001362,-0.031182,0.000692,0.053158,0.000889,0.025549,-0.000937,0.001362,-0.031182,0.000692,0.053158,0.000889,0.025549,-0.000937
0.475000,0.306459,-0.000219,0.486138,0.306826,-0.000190,0.486794,0.306826,-0.000190,0.486794,0.000367,0.000029,0.000656,0.000040,-0.000920,0.000105,0.000726,0.000183,-0.000338,0.000000,0.000000,0.000000,-0.000278,0.001744,0.001943,0.029506,-0.000772,0.072348,0.029506,-0.000772,0.072348,0.001271,-0.007992,-0.005411,0.001271,-0.007992,-0.005411,-0.005640,-0.025640,-0.004955,0.045918,0.001117,0.020555,0.005412,-0.005640,-0.025640,-0.004955,0.045918,0.001117,0.020555,0.005412
0.476000,0.306458,-0.000220,0.486138,0.306826,-0.000190,0.486794,0.306826,-0.000190,0.486794,0.000368,0.000030,0.000656,0.000037,-0.000919,0.000116,0.000129,-0.000034,-0.000266,0.000000,0.000000,0.000000,0.000695,0.000739,-0.001548,0.041581,0.003649,0.070915,0.041581,0.003649,0.070915,-0.002635,-0.004974,0.005111,-0.002635,-0.004974,0.005111,0.006238,-0.020339,0.006673,0.043781,-0.001872,0.019956,-0.005107,0.006238,-0.020339,0.006673,0.043781,-0.001872,0.019956,-0.005107
0.477000,0.306458,-0.000220,0.486138,0.306826,-0.000190,0.486794,0.306826,-0.000190,0.486794,0.000368,0.000030,0.000656,0.000040,-0.000919,0.000108,0.000226,0.000003,-0.000126,0.000000,0.000000,0.000000,-0.000877,0.000832,0.001157,0.039600,0.002920,0.068099,0.039600,0.002920,0.068099,0.003668,-0.005253,-0.003040,0.003668,-0.005253,-0.003040,-0.002136,-0.020057,-0.003782,0.042475,0.004287,0.019567,0.003038,-0.002136,-0.020057,-0.003782,0.042475,0.004287,0.019567,0.003038
0.478000,0.306459,-0.000220,0.486137,0.306826,-0.000190,0.486794,0.306826,-0.000190,0.486794,0.000368,0.000030,0.000656,0.000038,-0.000922,0.000113,0.000211,-0.000033,-0.000291,0.000000,0.000000,0.000000,0.000060,0.001424,-0.000295,0.039892,0.003658,0.071450,0.039892,0.003658,0.071450,-0.000086,-0.007037,0.001339,-0.000086,-0.007037,0.001339,0.002468,-0.022823,0.002206,0.045877,0.000684,0.021708,-0.001337,0.002468,-0.022823,0.002206,0.045877,0.000684,0.021708,-0.001337
0.479000,0.306458,-0.000217,0.486138,0.306826,-0.000190,0.486794,0.306826,-0.000190,0.486794,0.000368,0.000027,0.000656,0.000043,-0.000919,0.000107,0.002111,0.000588,0.000815,0.000000,0.000000,0.000000,-0.001193,-0.009225,0.001707,0.001911,-0.009009,0.049270,0.001911,-0.009009,0.049270,0.004947,0.024917,-0.004692,0.004947,0.024917,-0.004692,-0.007449,0.010100,-0.009727,-0.001413,0.003046,-0.020190,0.004681,-0.007449,0.010100,-0.009727,-0.001413,0.003046,-0.020190,0.004681
0.480000,0.306459,-0.000220,0.486139,0.306826,-0.000190,0.486794,0.306826,-0.000190,0.486794,0.000367,0.000030,0.000655,0.000040,-0.000917,0.000112,0.001708,-0.000237,0.000887,0.000000,0.000000,0.000000,0.000039,-0.007688,-0.000510,0.009928,0.007782,0.047738,0.009928,0.007782,0.047738,0.000003,0.020314,0.001980,0.000003,0.020314,0.001980,0.004366,0.007197,0.003933,0.003494,0.001627,-0.014031,-0.001985,0.004366,0.007197,0.003933,0.003494,0.001627,-0.014031,-0.001985
0.481000,0.306459,-0.000218,0.486138,0.306826,-0.000190,0.486794,0.306826,-0.000190,0.486794,0.000367,0.000029,0.000655,0.000040,-0.000920,0.000113,0.001259,0.000382,0.000425,0.000000,0.000000,0.000000,0.000025,-0.004652,-0.000306,0.018909,-0.004793,0.057058,0.018909,-0.004793,0.057058,0.000058,0.011197,0.001372,0.000058,0.011197,0.001372,-0.000092,-0.003395,-0.000617,0.018160,-0.000957,-0.002205,-0.001375,-0.000092,-0.003395,-0.000617,0.018160,-0.000957,-0.002205,-0.001375
0.482000,0.306458,-0.000221,0.486137,0.306826,-0.000190,0.486794,0.306826,-0.000190,0.486794,0.000368,0.000031,0.000656,0.000040,-0.000921,0.000115,0.000761,-0.000602,-0.000017,0.000000,0.000000,0.000000,-0.000232,-0.003200,-0.000630,0.028924,0.015137,0.065990,0.028924,0.015137,0.065990,0.001089,0.006837,0.002350,0.001089,0.006837,0.002350,0.006995,-0.008960,0.005818,0.028019,0.004266,0.005046,-0.002353,0.006995,-0.008960,0.005818,0.028019,0.004266,0.005046,-0.002353
0.483000,0.306459,-0.000220,0.486140,0.306826,-0.000190,0.486794,0.306826,-0.000190,0.486794,0.000367,0.000030,0.000653,0.000040,-0.000913,0.000116,0.000775,-0.000200,0.001038,0.000000,0.000000,0.000000,0.000507,-0.005005,-0.001165,0.028590,0.006967,0.044588,0.028590,0.006967,0.044588,-0.001867,0.012276,0.003957,-0.001867,0.012276,0.003957,0.006097,0.002985,0.006390,0.012439,-0.000412,-0.002341,-0.003959,0.006097,0.002985,0.006390,0.012439,-0.000412,-0.002341,-0.003959
0.484000,0.306458,-0.000219,0.486140,0.306826,-0.000190,0.486794,0.306826,-0.000190,0.486794,0.000368,0.000029,0.000654,0.000041,-0.000913,0.000109,0.000391,0.000259,0.000604,0.000000,0.000000,0.000000,-0.000516,-0.003572,0.000822,0.036337,-0.002277,0.053303,0.036337,-0.002277,0.053303,0.002229,0.007975,-0.002030,0.002229,0.007975,-0.002030,-0.002720,-0.002796,-0.003738,0.021847,0.001749,0.004353,0.002026,-0.002720,-0.002796,-0.003738,0.021847,0.001749,0.004353,0.002026
0.485000,0.306459,-0.000220,0.486138,0.306826,-0.000190,0.486794,0.306826,-0.000190,0.486794,0.000367,0.000030,0.000655,0.000042,-0.000918,0.000115,0.000630,-0.000091,-0.000100,0.000000,0.000000,0.000000,-0.000785,-0.001066,-0.000754,0.031432,0.004811,0.067525,0.031432,0.004811,0.067525,0.003309,0.000444,0.002724,0.003309,0.000444,0.002724,0.004205,-0.015435,0.001156,0.035457,0.004316,0.012102,-0.002726,0.004205,-0.015435,0.001156,0.035457,0.004316,0.012102,-0.002726
0.486000,0.306459,-0.000221,0.486139,0.306826,-0.000190,0.486794,0.306826,-0.000190,0.486794,0.000368,0.000031,0.000655,0.000036,-0.000918,0.000120,0.000259,-0.000448,0.000070,0.000000,0.000000,0.000000,0.001606,-0.000892,-0.001987,0.038913,0.012071,0.064092,0.038913,0.012071,0.064092,-0.006283,-0.000077,0.006441,-0.006283,-0.000077,0.006441,0.010149,-0.013763,0.012932,0.035322,-0.003752,0.013900,-0.006436,0.010149,-0.013763,0.012932,0.035322,-0.003752,0.013900,-0.006436
0.487000,0.306459,-0.000221,0.486138,0.306826,-0.000190,0.486794,0.306826,-0.000190,0.486794,0.000368,0.000031,0.000656,0.000041,-0.000919,0.000115,0.000175,-0.000188,-0.000187,0.000000,0.000000,0.000000,-0.000617,-0.000373,0.000682,0.040601,0.006847,0.069305,0.040601,0.006847,0.069305,0.002629,-0.001635,-0.001587,0.002629,-0.001635,-0.001587,0.000520,-0.016655,-0.000745,0.039555,0.004071,0.016266,0.001585,0.000520,-0.016655,-0.000745,0.039555,0.004071,0.016266,0.001585
0.488000,0.306460,-0.000221,0.486140,0.306826,-0.000190,0.486794,0.306826,-0.000190,0.486794,0.000366,0.000031,0.000654,0.000039,-0.000912,0.000118,0.000290,-0.000086,0.000451,0.000000,0.000000,0.000000,0.000219,-0.001530,-0.000603,0.038175,0.004789,0.056352,0.038175,0.004789,0.056352,-0.000721,0.001856,0.002281,-0.000721,0.001856,0.002281,0.003757,-0.009569,0.003690,0.029641,0.000283,0.011129,-0.002281,0.003757,-0.009569,0.003690,0.029641,0.000283,0.011129,-0.002281
0.489000,0.306459,-0.000221,0.486140,0.306826,-0.000190,0.486794,0.306826,-0.000190,0.486794,0.000367,0.000031,0.000653,0.000039,-0.000912,0.000118,0.000122,0.000142,0.000476,0.000000,0.000000,0.000000,0.000146,-0.001633,0.000248,0.041624,0.000240,0.055821,0.041624,0.000240,0.055821,-0.000428,0.002162,-0.000270,-0.000428,0.002162,-0.000270,-0.000188,-0.008571,0.000203,0.029527,-0.000378,0.011501,0.000270,-0.000188,-0.008571,0.000203,0.029527,-0.000378,0.011501,0.000270
0.490000,0.306458,-0.000219,0.486137,0.306826,-0.000190,0.486794,0.306826,-0.000190,0.486794,0.000368,0.000029,0.000657,0.000042,-0.000918,0.000107,0.000022,0.000173,-0.000446,0.000000,0.000000,0.000000,-0.000342,-0.000113,0.001944,0.043697,-0.000512,0.074596,0.043697,-0.000512,0.074596,0.001535,-0.002416,-0.005404,0.001535,-0.002416,-0.005404,-0.005551,-0.018586,-0.005055,0.043233,0.001434,0.018163,0.005404,-0.005551,-0.018586,-0.005055,0.043233,0.001434,0.018163,0.005404
0.491000,0.306458,-0.000220,0.486140,0.306826,-0.000190,0.486794,0.306826,-0.000190,0.486794,0.000368,0.000030,0.000654,0.000039,-0.000912,0.000117,-0.000141,0.000251,0.000343,0.000000,0.000000,0.000000,0.000414,-0.000887,-0.000672,0.047039,-0.002015,0.058483,0.047039,-0.002015,0.058483,-0.001503,-0.000076,0.002486,-0.001503,-0.000076,0.002486,0.001879,-0.010795,0.002178,0.033717,-0.001929,0.015114,-0.002485,0.001879,-0.010795,0.002178,0.033717,-0.001929,0.015114,-0.002485
0.492000,0.306458,-0.000223,0.486137,0.306826,-0.000190,0.486794,0.306826,-0.000190,0.486794,0.000368,0.000033,0.000657,0.000038,-0.000921,0.000118,0.000024,-0.000677,-0.000402,0.000000,0.000000,0.000000,0.000297,0.001149,-0.001211,0.043692,0.016823,0.073700,0.043692,0.016823,0.073700,-0.001035,-0.006209,0.004106,-0.001035,-0.006209,0.004106,0.009271,-0.022107,0.009110,0.046599,0.002501,0.021878,-0.004104,0.009271,-0.022107,0.009110,0.046599,0.002501,0.021878,-0.004104
0.493000,0.306457,-0.000220,0.486138,0.306826,-0.000190,0.486794,0.306826,-0.000190,0.486794,0.000369,0.000030,0.000656,0.000041,-0.000921,0.000116,-0.000064,0.000267,-0.000096,0.000000,0.000000,0.000000,-0.000861,0.000191,0.000030,0.045543,-0.002338,0.067492,0.045543,-0.002338,0.067492,0.003608,-0.003338,0.000373,0.003608,-0.003338,0.000373,-0.000333,-0.017046,-0.003036,0.041037,0.003117,0.018850,-0.000375,-0.000333,-0.017046,-0.003036,0.041037,0.003117,0.018850,-0.000375
0.494000,0.306458,-0.000221,0.486138,0.306826,-0.000190,0.486794,0.306826,-0.000190,0.486794,0.000368,0.000032,0.000655,0.000038,-0.000918,0.000121,0.000010,-0.000370,-0.000042,0.000000,0.000000,0.000000,0.000484,-0.000123,-0.001719,0.043974,0.010556,0.066372,0.043974,0.010556,0.066372,-0.001782,-0.002384,0.005643,-0.001782,-0.002384,0.005643,0.008887,-0.015992,0.008689,0.039353,0.000433,0.017470,-0.005640,0.008887,-0.015992,0.008689,0.039353,0.000433,0.017470,-0.005640
0.495000,0.306458,-0.000221,0.486138,0.306826,-0.000190,0.486794,0.306826,-0.000190,0.486794,0.000368,0.000031,0.000656,0.000041,-0.000920,0.000117,0.000044,-0.000068,-0.000219,0.000000,0.000000,0.000000,-0.000734,0.000703,0.000370,0.043249,0.004461,0.069948,0.043249,0.004461,0.069948,0.003102,-0.004867,-0.000642,0.003102,-0.004867,-0.000642,0.000734,-0.019678,-0.001187,0.043430,0.004042,0.020111,0.000641,0.000734,-0.019678,-0.001187,0.043430,0.004042,0.020111,0.000641
0.496000,0.306458,-0.000221,0.486139,0.306826,-0.000190,0.486794,0.306826,-0.000190,0.486794,0.000368,0.000031,0.000655,0.000039,-0.000918,0.000121,-0.000054,0.000236,0.000025,0.000000,0.000000,0.000000,0.000344,-0.000097,-0.000399,0.045234,-0.001646,0.065012,0.045234,-0.001646,0.065012,-0.001222,-0.002463,0.001680,-0.001222,-0.002463,0.001680,0.001186,-0.015460,0.001531,0.038954,-0.001570,0.017695,-0.001679,0.001186,-0.015460,0.001531,0.038954,-0.001570,0.017695,-0.001679
0.497000,0.306459,-0.000222,0.486139,0.306826,-0.000190,0.486794,0.306826,-0.000190,0.486794,0.000367,0.000033,0.000654,0.000039,-0.000917,0.000120,0.000341,-0.000396,0.000266,0.000000,0.000000,0.000000,0.000012,-0.000400,0.000322,0.037209,0.011174,0.060119,0.037209,0.011174,0.060119,0.000108,-0.001551,-0.000486,0.000108,-0.001551,-0.000486,0.002946,-0.014277,0.003222,0.034700,0.002459,0.014662,0.000486,0.002946,-0.014277,0.003222,0.034700,0.002459,0.014662,0.000486
0.498000,0.306458,-0.000220,0.486138,0.306826,-0.000190,0.486794,0.306826,-0.000190,0.486794,0.000368,0.000030,0.000656,0.000041,-0.000916,0.000113,-0.000139,0.000420,0.000173,0.000000,0.000000,0.000000,-0.000406,-0.001099,0.001004,0.046975,-0.005404,0.062095,0.046975,-0.005404,0.062095,0.001786,0.000547,-0.002561,0.001786,0.000547,-0.002561,-0.004208,-0.011288,-0.004815,0.034790,0.000652,0.014792,0.002560,-0.004208,-0.011288,-0.004815,0.034790,0.000652,0.014792,0.002560
0.499000,0.306458,-0.000221,0.486138,0.306826,-0.000190,0.486794,0.306826,-0.000190,0.486794,0.000368,0.000031,0.000655,0.000039,-0.000918,0.000118,-0.000015,-0.000155,-0.000299,0.000000,0.000000,0.000000,0.000380,0.000979,-0.000691,0.044469,0.006203,0.071522,0.044469,0.006203,0.071522,-0.001366,-0.005691,0.002546,-0.001366,-0.005691,0.002546,0.004457,-0.020800,0.004795,0.045155,-0.000063,0.021333,-0.002544,0.004457,-0.020800,0.004795,0.045155,-0.000063,0.021333,-0.002544
0.500000,0.306458,-0.000222,0.486140,0.306826,-0.000190,0.486794,0.306826,-0.000190,0.486794,0.000368,0.000032,0.000654,0.000038,-0.000915,0.000119,0.000027,-0.000259,0.000255,0.000000,0.000000,0.000000,0.000458,-0.000700,0.000110,0.043592,0.008405,0.060323,0.043592,0.008405,0.060323,-0.001677,-0.000643,0.000146,-0.001677,-0.000643,0.000146,0.002732,-0.012455,0.004035,0.034710,0.000091,0.015117,-0.000145,0.002732,-0.012455,0.004035,0.034710,0.000091,0.015117,-0.000145
0.501000,0.306458,-0.000221,0.486139,0.306826,-0.000190,0.486794,0.306826,-0.000190,0.486794,0.000368,0.000032,0.000655,0.000037,-0.000917,0.000123,-0.000053,-0.000123,-0.000093,0.000000,0.000000,0.000000,0.000541,0.000088,-0.001622,0.045207,0.005615,0.067362,0.045207,0.005615,0.067362,-0.002015,-0.003013,0.005358,-0.002015,-0.003013,0.005358,0.007089,-0.016734,0.007050,0.040609,-0.000840,0.018446,-0.005356,0.007089,-0.016734,0.007050,0.040609,-0.000840,0.018446,-0.005356
0.502000,0.306458,-0.000220,0.486140,0.306826,-0.000190,0.486794,0.306826,-0.000190,0.486794,0.000368,0.000030,0.000654,0.000041,-0.000913,0.000114,-0.000063,0.000278,0.000400,0.000000,0.000000,0.000000,-0.000335,-0.001149,0.001994,0.045407,-0.002534,0.057367,0.045407,-0.002534,0.057367,0.001505,0.000706,-0.005526,0.001505,0.000706,-0.005526,-0.006292,-0.009921,-0.005778,0.032199,0.000979,0.013887,0.005524,-0.006292,-0.009921,-0.005778,0.032199,0.000979,0.013887,0.005524
0.503000,0.306458,-0.000220,0.486141,0.306826,-0.000190,0.486794,0.306826,-0.000190,0.486794,0.000368,0.000030,0.000653,0.000042,-0.000912,0.000113,-0.000092,0.000324,0.000246,0.000000,0.000000,0.000000,-0.000822,-0.000530,0.000468,0.046036,-0.003485,0.060393,0.046036,-0.003485,0.060393,0.003456,-0.001147,-0.000953,0.003456,-0.001147,-0.000953,-0.002011,-0.012604,-0.004238,0.035559,0.002724,0.016139,0.000951,-0.002011,-0.012604,-0.004238,0.035559,0.002724,0.016139,0.000951
0.504000,0.306458,-0.000221,0.486139,0.306826,-0.000190,0.486794,0.306826,-0.000190,0.486794,0.000368,0.000031,0.000655,0.000038,-0.000918,0.000117,0.000017,-0.000083,-0.000250,0.000000,0.000000,0.000000,0.000747,0.001361,-0.000541,0.043818,0.004744,0.070491,0.043818,0.004744,0.070491,-0.002839,-0.006838,0.002091,-0.002839,-0.006838,0.002091,0.003554,-0.021731,0.005042,0.045732,-0.001842,0.022253,-0.002087,0.003554,-0.021731,0.005042,0.045732,-0.001842,0.022253,-0.002087
0.505000,0.306459,-0.000221,0.486139,0.306826,-0.000190,0.486794,0.306826,-0.000190,0.486794,0.000368,0.000031,0.000655,0.000038,-0.000917,0.000116,0.000118,-0.000106,-0.000122,0.000000,0.000000,0.000000,0.000261,0.000398,0.000386,0.041739,0.005202,0.067928,0.041739,0.005202,0.067928,-0.000892,-0.003947,-0.000695,-0.000892,-0.003947,-0.000695,0.000908,-0.018373,0.001844,0.041365,0.000204,0.018698,0.000697,0.000908,-0.018373,0.001844,0.041365,0.000204,0.018698,0.000697
0.506000,0.306458,-0.000221,0.486138,0.306826,-0.000190,0.486794,0.306826,-0.000190,0.486794,0.000368,0.000031,0.000655,0.000039,-0.000920,0.000119,-0.000235,-0.000113,-0.000239,0.000000,0.000000,0.000000,-0.000030,0.001011,-0.000726,0.048911,0.005364,0.070318,0.048911,0.005364,0.070318,0.000274,-0.005792,0.002653,0.000274,-0.005792,0.002653,0.004308,-0.019852,0.003437,0.045258,0.001401,0.022263,-0.002652,0.004308,-0.019852,0.003437,0.045258,0.001401,0.022263,-0.002652
0.507000,0.306458,-0.000221,0.486139,0.306826,-0.000190,0.486794,0.306826,-0.000190,0.486794,0.000368,0.000031,0.000654,0.000040,-0.000916,0.000119,0.000107,-0.000402,-0.000023,0.000000,0.000000,0.000000,0.000184,0.000165,-0.000945,0.042015,0.011179,0.065884,0.042015,0.011179,0.065884,-0.000577,-0.003244,0.003309,-0.000577,-0.003244,0.003309,0.006744,-0.017001,0.006390,0.039731,0.001771,0.017874,-0.003307,0.006744,-0.017001,0.006390,0.039731,0.001771,0.017874,-0.003307
0.508000,0.306458,-0.000221,0.486138,0.306826,-0.000190,0.486794,0.306826,-0.000190,0.486794,0.000368,0.000031,0.000655,0.000038,-0.000919,0.000122,0.000050,0.000151,-0.000257,0.000000,0.000000,0.000000,0.000359,0.000429,-0.000644,0.043135,0.000088,0.070688,0.043135,0.000088,0.070688,-0.001285,-0.004042,0.002420,-0.001285,-0.004042,0.002420,0.002457,-0.019100,0.002662,0.042942,-0.001268,0.019331,-0.002418,0.002457,-0.019100,0.002662,0.042942,-0.001268,0.019331,-0.002418
0.509000,0.306458,-0.000222,0.486137,0.306826,-0.000190,0.486794,0.306826,-0.000190,0.486794,0.000368,0.000032,0.000657,0.000037,-0.000922,0.000119,-0.000145,-0.000130,-0.000479,0.000000,0.000000,0.000000,0.000398,0.001352,0.000873,0.047098,0.005818,0.075232,0.047098,0.005818,0.075232,-0.001444,-0.006821,-0.002143,-0.001444,-0.006821,-0.002143,-0.000349,-0.022666,0.001415,0.048375,-0.000215,0.023342,0.002146,-0.000349,-0.022666,0.001415,0.048375,-0.000215,0.023342,0.002146
0.510000,0.306458,-0.000221,0.486139,0.306826,-0.000190,0.486794,0.306826,-0.000190,0.486794,0.000368,0.000031,0.000655,0.000036,-0.000916,0.000115,-0.000053,0.000134,0.000138,0.000000,0.000000,0.000000,0.000502,-0.000484,0.001410,0.045280,0.000424,0.062698,0.045280,0.000424,0.062698,-0.001865,-0.001296,-0.003770,-0.001865,-0.001296,-0.003770,-0.003630,-0.013577,-0.001191,0.036702,-0.001771,0.016333,0.003772,-0.003630,-0.013577,-0.001191,0.036702,-0.001771,0.016333,0.003772
0.511000,0.306458,-0.000219,0.486138,0.306826,-0.000190,0.486794,0.306826,-0.000190,0.486794,0.000368,0.000029,0.000655,0.000038,-0.000918,0.000117,0.000100,0.000313,-0.000058,0.000000,0.000000,0.000000,0.000143,-0.000004,-0.000396,0.042142,-0.003310,0.066703,0.042142,-0.003310,0.066703,-0.000418,-0.002744,0.001656,-0.000418,-0.002744,0.001656,0.000651,-0.016733,0.000405,0.039636,-0.001116,0.017474,-0.001655,0.000651,-0.016733,0.000405,0.039636,-0.001116,0.017474,-0.001655
0.512000,0.306458,-0.000221,0.486139,0.306826,-0.000190,0.486794,0.306826,-0.000190,0.486794,0.000368,0.000031,0.000654,0.000038,-0.000914,0.000113,0.000031,-0.000005,0.000153,0.000000,0.000000,0.000000,-0.000107,-0.000796,0.000909,0.043559,0.003215,0.062381,0.043559,0.003215,0.062381,0.000580,-0.000355,-0.002274,0.000580,-0.000355,-0.002274,-0.001279,-0.012801,-0.000958,0.035388,0.001259,0.015001,0.002274,-0.001279,-0.012801,-0.000958,0.035388,0.001259,0.015001,0.002274
0.513000,0.306458,-0.000222,0.486138,0.306826,-0.000190,0.486794,0.306826,-0.000190,0.486794,0.000368,0.000032,0.000656,0.000038,-0.000918,0.000123,0.000106,-0.000252,-0.000069,0.000000,0.000000,0.000000,-0.000310,0.000026,-0.001773,0.042078,0.008274,0.066953,0.042078,0.008274,0.066953,0.001393,-0.002830,0.005812,0.001393,-0.002830,0.005812,0.008356,-0.016905,0.005819,0.039830,0.003127,0.017568,-0.005812,0.008356,-0.016905,0.005819,0.039830,0.003127,0.017568,-0.005812
0.514000,0.306458,-0.000220,0.486137,0.306826,-0.000190,0.486794,0.306826,-0.000190,0.486794,0.000368,0.000031,0.000657,0.000041,-0.000921,0.000120,0.000058,0.000224,-0.000762,0.000000,0.000000,0.000000,-0.001060,0.001509,-0.000567,0.043015,-0.001419,0.080956,0.043015,-0.001419,0.080956,0.004405,-0.007289,0.002182,0.004405,-0.007289,0.002182,0.001756,-0.025512,-0.002026,0.051016,0.004105,0.023452,-0.002184,0.001756,-0.025512,-0.002026,0.051016,0.004105,0.023452,-0.002184
0.515000,0.306458,-0.000220,0.486139,0.306826,-0.000190,0.486794,0.306826,-0.000190,0.486794,0.000368,0.000030,0.000654,0.000037,-0.000916,0.000112,-0.000062,0.000177,0.000600,0.000000,0.000000,0.000000,0.000386,-0.001124,0.002417,0.045415,-0.000506,0.053429,0.045415,-0.000506,0.053429,-0.001393,0.000626,-0.006805,-0.001393,0.000626,-0.006805,-0.006951,-0.008794,-0.003971,0.030423,-0.001491,0.013624,0.006806,-0.006951,-0.008794,-0.003971,0.030423,-0.001491,0.013624,0.006806
0.516000,0.306458,-0.000220,0.486137,0.306826,-0.000190,0.486794,0.306826,-0.000190,0.486794,0.000368,0.000030,0.000656,0.000040,-0.000920,0.000117,0.000158,0.000236,-0.000162,0.000000,0.000000,0.000000,-0.000645,0.000446,-0.000371,0.041006,-0.001734,0.068896,0.041006,-0.001734,0.068896,0.002741,-0.004097,0.001581,0.002741,-0.004097,0.001581,0.001059,-0.018931,-0.001373,0.041877,0.002375,0.018779,-0.001582,0.001059,-0.018931,-0.001373,0.041877,0.002375,0.018779,-0.001582
0.517000,0.306459,-0.000220,0.486137,0.306826,-0.000190,0.486794,0.306826,-0.000190,0.486794,0.000368,0.000030,0.000656,0.000040,-0.000921,0.000112,0.000055,0.000030,-0.000129,0.000000,0.000000,0.000000,-0.000225,0.000535,0.001400,0.043022,0.002434,0.068215,0.043022,0.002434,0.068215,0.001057,-0.004367,-0.003750,0.001057,-0.004367,-0.003750,-0.002995,-0.018684,-0.002593,0.042085,0.001575,0.019412,0.003751,-0.002995,-0.018684,-0.002593,0.042085,0.001575,0.019412,0.003751
0.518000,0.306458,-0.000220,0.486139,0.306826,-0.000190,0.486794,0.306826,-0.000190,0.486794,0.000368,0.000030,0.000654,0.000040,-0.000912,0.000112,-0.000134,-0.000023,0.000255,0.000000,0.000000,0.000000,-0.000354,-0.000757,0.000934,0.046802,0.003499,0.060326,0.046802,0.003499,0.060326,0.001575,-0.000466,-0.002351,0.001575,-0.000466,-0.002351,-0.001269,-0.011786,-0.001624,0.034946,0.002314,0.015614,0.002350,-0.001269,-0.011786,-0.001624,0.034946,0.002314,0.015614,0.002350
0.519000,0.306458,-0.000221,0.486139,0.306826,-0.000190,0.486794,0.306826,-0.000190,0.486794,0.000368,0.000031,0.000655,0.000038,-0.000916,0.000122,0.000067,-0.000383,0.000262,0.000000,0.000000,0.000000,0.000426,-0.000505,-0.002453,0.042817,0.010803,0.060259,0.042817,0.010803,0.060259,-0.001552,-0.001232,0.007845,-0.001552,-0.001232,0.007845,0.011165,-0.013143,0.010162,0.035167,0.000712,0.015538,-0.007844,0.011165,-0.013143,0.010162,0.035167,0.000712,0.015538,-0.007844
0.520000,0.306458,-0.000219,0.486140,0.306826,-0.000190,0.486794,0.306826,-0.000190,0.486794,0.000368,0.000029,0.000654,0.000038,-0.000913,0.000110,-0.000040,0.000589,0.000345,0.000000,0.000000,0.000000,0.000266,-0.000893,0.002315,0.044988,-0.008884,0.058470,0.044988,-0.008884,0.058470,-0.000912,-0.000060,-0.006508,-0.000912,-0.000060,-0.006508,-0.009221,-0.011090,-0.006823,0.033434,-0.002773,0.014663,0.006508,-0.009221,-0.011090,-0.006823,0.033434,-0.002773,0.014663,0.006508
0.521000,0.306459,-0.000221,0.486139,0.306826,-0.000190,0.486794,0.306826,-0.000190,0.486794,0.000368,0.000032,0.000655,0.000038,-0.000914,0.000122,0.000058,-0.000252,0.000060,0.000000,0.000000,0.000000,0.000195,-0.000039,-0.001758,0.042947,0.008202,0.064291,0.042947,0.008202,0.064291,-0.000629,-0.002623,0.005760,-0.000629,-0.002623,0.005760,0.008283,-0.015750,0.007191,0.038479,0.001091,0.017311,-0.005758,0.008283,-0.015750,0.007191,0.038479,0.001091,0.017311,-0.005758
0.522000,0.306459,-0.000219,0.486139,0.306826,-0.000190,0.486794,0.306826,-0.000190,0.486794,0.000367,0.000030,0.000655,0.000041,-0.000913,0.000116,-0.000118,0.000352,-0.000052,0.000000,0.000000,0.000000,-0.000927,-0.000026,0.000237,0.046432,-0.004076,0.066534,0.046432,-0.004076,0.066534,0.003875,-0.002662,-0.000248,0.003875,-0.002662,-0.000248,-0.001487,-0.015941,-0.004229,0.040023,0.003018,0.018277,0.000246,-0.001487,-0.015941,-0.004229,0.040023,0.003018,0.018277,0.000246
0.523000,0.306458,-0.000220,0.486140,0.306826,-0.000190,0.486794,0.306826,-0.000190,0.486794,0.000368,0.000030,0.000654,0.000038,-0.000912,0.000116,-0.000007,0.000018,0.000228,0.000000,0.000000,0.000000,0.000421,-0.000574,0.000191,0.044285,0.002639,0.060809,0.044285,0.002639,0.060809,-0.001530,-0.001015,-0.000110,-0.001530,-0.001015,-0.000110,0.000708,-0.012869,0.001877,0.035400,-0.000975,0.015677,0.000112,0.000708,-0.012869,0.001877,0.035400,-0.000975,0.015677,0.000112
0.524000,0.306459,-0.000220,0.486138,0.306826,-0.000190,0.486794,0.306826,-0.000190,0.486794,0.000368,0.000030,0.000656,0.000040,-0.000919,0.000119,0.000180,0.000150,-0.000623,0.000000,0.000000,0.000000,-0.000317,0.001844,-0.000463,0.040514,0.000018,0.078038,0.040514,0.000018,0.078038,0.001429,-0.008291,0.001865,0.001429,-0.008291,0.001865,0.001879,-0.026003,0.000324,0.050321,0.001432,0.023672,-0.001864,0.001879,-0.026003,0.000324,0.050321,0.001432,0.023672,-0.001864
0.525000,0.306458,-0.000221,0.486140,0.306826,-0.000190,0.486794,0.306826,-0.000190,0.486794,0.000368,0.000031,0.000654,0.000038,-0.000914,0.000114,0.000070,-0.000342,0.000210,0.000000,0.000000,0.000000,0.000406,-0.000678,0.000807,0.042726,0.009945,0.061199,0.042726,0.009945,0.061199,-0.001472,-0.000708,-0.001962,-0.001472,-0.000708,-0.001962,0.001095,-0.012921,0.002901,0.035076,0.000622,0.015075,0.001963,0.001095,-0.012921,0.002901,0.035076,0.000622,0.015075,0.001963
0.526000,0.306459,-0.000220,0.486141,0.306826,-0.000190,0.486794,0.306826,-0.000190,0.486794,0.000368,0.000030,0.000653,0.000037,-0.000912,0.000117,0.000131,-0.000007,0.000446,0.000000,0.000000,0.000000,0.000507,-0.001102,-0.000635,0.041497,0.003176,0.056371,0.041497,0.003176,0.056371,-0.001877,0.000571,0.002375,-0.001877,0.000571,0.002375,0.003357,-0.010351,0.004051,0.031362,-0.001212,0.013116,-0.002374,0.003357,-0.010351,0.004051,0.031362,-0.001212,0.013116,-0.002374
0.527000,0.306458,-0.000220,0.486138,0.306826,-0.000190,0.486794,0.306826,-0.000190,0.486794,0.000368,0.000030,0.000655,0.000037,-0.000917,0.000118,-0.000068,0.000128,-0.000272,0.000000,0.000000,0.000000,0.000319,0.000472,-0.000759,0.045484,0.000418,0.070968,0.045484,0.000418,0.070968,-0.001126,-0.004167,0.002751,-0.001126,-0.004167,0.002751,0.002889,-0.018951,0.002890,0.043501,-0.001040,0.019975,-0.002749,0.002889,-0.018951,0.002890,0.043501,-0.001040,0.019975,-0.002749
0.528000,0.306459,-0.000221,0.486138,0.306826,-0.000190,0.486794,0.306826,-0.000190,0.486794,0.000367,0.000031,0.000655,0.000037,-0.000915,0.000117,-0.000045,-0.000218,-0.000181,0.000000,0.000000,0.000000,0.000232,0.000315,0.000019,0.044942,0.007438,0.069150,0.044942,0.007438,0.069150,-0.000780,-0.003689,0.000410,-0.000780,-0.003689,0.000410,0.002699,-0.017999,0.003273,0.042095,0.000785,0.019222,-0.000408,0.002699,-0.017999,0.003273,0.042095,0.000785,0.019222,-0.000408
0.529000,0.306459,-0.000219,0.486138,0.306826,-0.000190,0.486794,0.306826,-0.000190,0.486794,0.000367,0.000029,0.000656,0.000041,-0.000917,0.000114,0.000091,0.000246,-0.000509,0.000000,0.000000,0.000000,-0.000699,0.000815,0.000356,0.042263,-0.002042,0.075793,0.042263,-0.002042,0.075793,0.002964,-0.005196,-0.000612,0.002964,-0.005196,-0.000612,-0.001229,-0.021951,-0.003180,0.046391,0.002536,0.020747,0.000611,-0.001229,-0.021951,-0.003180,0.046391,0.002536,0.020747,0.000611
0.530000,0.306458,-0.000220,0.486140,0.306826,-0.000190,0.486794,0.306826,-0.000190,0.486794,0.000368,0.000030,0.000653,0.000041,-0.000912,0.000115,-0.000074,-0.000109,0.000483,0.000000,0.000000,0.000000,-0.000513,-0.001175,0.000353,0.045640,0.005202,0.055694,0.045640,0.005202,0.055694,0.002214,0.000790,-0.000600,0.002214,0.000790,-0.000600,0.001004,-0.009289,-0.000288,0.031354,0.003310,0.013707,0.000598,0.001004,-0.009289,-0.000288,0.031354,0.003310,0.013707,0.000598
0.531000,0.306459,-0.000219,0.486139,0.306826,-0.000190,0.486794,0.306826,-0.000190,0.486794,0.000368,0.000029,0.000654,0.000044,-0.000916,0.000112,0.000071,0.000595,-0.000040,0.000000,0.000000,0.000000,-0.000486,0.000567,0.001340,0.042692,-0.009002,0.066256,0.042692,-0.009002,0.066256,0.002120,-0.004450,-0.003574,0.002120,-0.004450,-0.003574,-0.006323,-0.018218,-0.006935,0.041202,0.000232,0.019254,0.003574,-0.006323,-0.018218,-0.006935,0.041202,0.000232,0.019254,0.003574
0.532000,0.306458,-0.000221,0.486139,0.306826,-0.000190,0.486794,0.306826,-0.000190,0.486794,0.000368,0.000031,0.000655,0.000039,-0.000916,0.000120,-0.000110,-0.000389,-0.000119,0.000000,0.000000,0.000000,0.000720,0.000378,-0.001654,0.046374,0.010883,0.067859,0.046374,0.010883,0.067859,-0.002728,-0.003882,0.005440,-0.002728,-0.003882,0.005440,0.008786,-0.017578,0.009323,0.041861,-0.000443,0.019604,-0.005437,0.008786,-0.017578,0.009323,0.041861,-0.000443,0.019604,-0.005437
0.533000,0.306459,-0.000220,0.486140,0.306826,-0.000190,0.486794,0.306826,-0.000190,0.486794,0.000368,0.000031,0.000654,0.000039,-0.000913,0.000116,0.000106,0.001762,0.000227,0.000000,0.000000,0.000000,0.009576,-0.000817,0.000153,0.041994,-0.032181,0.060832,0.041994,-0.032181,0.060832,-0.038151,-0.000288,0.000004,-0.038151,-0.000288,0.000004,-0.009850,-0.012514,0.016571,0.034416,-0.044920,0.014488,0.000026,-0.009850,-0.012514,0.016571,0.034416,-0.044920,0.014488,0.000026
0.534000,0.306459,-0.000218,0.486142,0.306826,-0.000190,0.486794,0.306826,-0.000190,0.486794,0.000367,0.000028,0.000652,0.000041,-0.000908,0.000112,0.000141,0.002198,0.000892,0.000000,0.000000,0.000000,0.006170,-0.002308,0.001430,0.041272,-0.041158,0.047325,0.041272,-0.041158,0.047325,-0.024515,0.004201,-0.003844,-0.024515,0.004201,-0.003844,-0.016447,-0.003996,0.001285,0.023450,-0.033169,0.008652,0.003861,-0.016447,-0.003996,0.001285,0.023450,-0.033169,0.008652,0.003861
0.535000,0.306458,-0.000219,0.486138,0.306826,-0.000190,0.486794,0.306826,-0.000190,0.486794,0.000368,0.000029,0.000655,0.000038,-0.000917,0.000116,-0.000104,0.001319,-0.000432,0.000000,0.000000,0.000000,0.005928,0.001052,0.000403,0.046213,-0.023442,0.074178,0.046213,-0.023442,0.074178,-0.023563,-0.005909,-0.000748,-0.023563,-0.005909,-0.000748,-0.007921,-0.021571,0.008555,0.046865,-0.028491,0.022161,0.000767,-0.007921,-0.021571,0.008555,0.046865,-0.028491,0.022161,0.000767
0.536000,0.306459,-0.000219,0.486138,0.306826,-0.000190,0.486794,0.306826,-0.000190,0.486794,0.000368,0.000029,0.000655,0.000041,-0.000917,0.000111,0.000073,0.000839,-0.000435,0.000000,0.000000,0.000000,0.003318,0.000987,0.000377,0.042646,-0.013845,0.074232,0.042646,-0.013845,0.074232,-0.013111,-0.005712,-0.000688,-0.013111,-0.005712,-0.000688,-0.004922,-0.021935,0.004313,0.046229,-0.016021,0.021214,0.000700,-0.004922,-0.021935,0.004313,0.046229,-0.016021,0.021214,0.000700
0.537000,0.306458,-0.000221,0.486140,0.306826,-0.000190,0.486794,0.306826,-0.000190,0.486794,0.000368,0.000032,0.000654,0.000037,-0.000913,0.000119,-0.000158,-0.000115,0.000269,0.000000,0.000000,0.000000,0.003789,-0.000504,-0.001823,0.047344,0.005444,0.059967,0.047344,0.005444,0.059967,-0.015008,-0.001226,0.005942,-0.015008,-0.001226,0.005942,0.007621,-0.012360,0.016605,0.035611,-0.013869,0.016465,-0.005930,0.007621,-0.012360,0.016605,0.035611,-0.013869,0.016465,-0.005930
0.538000,0.306458,-0.000219,0.486139,0.306826,-0.000190,0.486794,0.306826,-0.000190,0.486794,0.000369,0.000029,0.000654,0.000040,-0.000915,0.000109,-0.000226,0.000709,-0.000104,0.000000,0.000000,0.000000,0.001920,0.000459,0.002242,0.048757,-0.011248,0.067512,0.048757,-0.011248,0.067512,-0.007521,-0.004121,-0.006292,-0.007521,-0.004121,-0.006292,-0.009728,-0.017346,-0.002757,0.042249,-0.009878,0.020315,0.006299,-0.009728,-0.017346,-0.002757,0.042249,-0.009878,0.020315,0.006299
0.539000,0.306457,-0.000220,0.486138,0.306826,-0.000190,0.486794,0.306826,-0.000190,0.486794,0.000369,0.000030,0.000655,0.000038,-0.000917,0.000118,-0.000101,0.000263,-0.000049,0.000000,0.000000,0.000000,0.001904,0.000068,-0.001586,0.046270,-0.002257,0.066500,0.046270,-0.002257,0.066500,-0.007463,-0.002953,0.005231,-0.007463,-0.002953,0.005231,0.004550,-0.016248,0.008260,0.040281,-0.007943,0.018537,-0.005224,0.004550,-0.016248,0.008260,0.040281,-0.007943,0.018537,-0.005224
0.540000,0.306458,-0.000220,0.486138,0.306826,-0.000190,0.486794,0.306826,-0.000190,0.486794,0.000368,0.000030,0.000655,0.000038,-0.000918,0.000115,0.000004,0.000071,0.000230,0.000000,0.000000,0.000000,0.001428,-0.000511,0.000024,0.044114,0.001614,0.060942,0.044114,0.001614,0.060942,-0.005558,-0.001219,0.000387,-0.005558,-0.001219,0.000387,0.000891,-0.013141,0.004747,0.035647,-0.005219,0.015858,-0.000382,0.000891,-0.013141,0.004747,0.035647,-0.005219,0.015858,-0.000382
0.541000,0.306457,-0.000221,0.486138,0.306826,-0.000190,0.486794,0.306826,-0.000190,0.486794,0.000369,0.000031,0.000656,0.000039,-0.000918,0.000117,-0.000190,-0.000051,-0.000393,0.000000,0.000000,0.000000,0.001294,0.001010,-0.000541,0.048067,0.004095,0.073433,0.048067,0.004095,0.073433,-0.005019,-0.005785,0.002092,-0.005019,-0.005785,0.002092,0.003358,-0.020930,0.006377,0.046615,-0.004158,0.022354,-0.002087,0.003358,-0.020930,0.006377,0.046615,-0.004158,0.022354,-0.002087
0.542000,0.306458,-0.000219,0.486140,0.306826,-0.000190,0.486794,0.306826,-0.000190,0.486794,0.000368,0.000029,0.000654,0.000041,-0.000912,0.000115,-0.000005,0.000417,0.000022,0.000000,0.000000,0.000000,0.000289,-0.000121,-0.000255,0.044239,-0.005465,0.064981,0.044239,-0.005465,0.064981,-0.000990,-0.002372,0.001225,-0.000990,-0.002372,0.001225,-0.000440,-0.015511,-0.000195,0.038721,-0.002140,0.017392,-0.001224,-0.000440,-0.015511,-0.000195,0.038721,-0.002140,0.017392,-0.001224
0.543000,0.306457,-0.000221,0.486139,0.306826,-0.000190,0.486794,0.306826,-0.000190,0.486794,0.000369,0.000031,0.000655,0.000038,-0.000914,0.000116,-0.000260,-0.000144,0.000121,0.000000,0.000000,0.000000,0.000903,-0.000730,0.000470,0.049514,0.006003,0.063067,0.049514,0.006003,0.063067,-0.003459,-0.000551,-0.000946,-0.003459,-0.000551,-0.000946,0.000905,-0.012297,0.003747,0.036673,-0.002195,0.016512,0.000949,0.000905,-0.012297,0.003747,0.036673,-0.002195,0.016512,0.000949
0.544000,0.306458,-0.000221,0.486136,0.306826,-0.000190,0.486794,0.306826,-0.000190,0.486794,0.000368,0.000031,0.000657,0.000036,-0.000922,0.000119,0.000182,-0.000097,-0.000630,0.000000,0.000000,0.000000,0.001039,0.001833,-0.001015,0.040576,0.005038,0.078346,0.040576,0.005038,0.078346,-0.004012,-0.008265,0.003521,-0.004012,-0.008265,0.003521,0.005074,-0.026063,0.006979,0.050449,-0.002955,0.023688,-0.003515,0.005074,-0.026063,0.006979,0.050449,-0.002955,0.023688,-0.003515
0.545000,0.306459,-0.000221,0.486138,0.306826,-0.000190,0.486794,0.306826,-0.000190,0.486794,0.000367,0.000031,0.000656,0.000038,-0.000916,0.000120,0.000171,-0.000048,-0.000399,0.000000,0.000000,0.000000,0.000332,0.000985,-0.000603,0.040667,0.004099,0.073600,0.040667,0.004099,0.073600,-0.001177,-0.005703,0.002290,-0.001177,-0.005703,0.002290,0.003555,-0.022032,0.003796,0.045660,-0.000316,0.020728,-0.002288,0.003555,-0.022032,0.003796,0.045660,-0.000316,0.020728,-0.002288
0.546000,0.306458,-0.000219,0.486137,0.306826,-0.000190,0.486794,0.306826,-0.000190,0.486794,0.000368,0.000029,0.000656,0.000042,-0.000920,0.000110,-0.000071,0.000486,-0.000137,0.000000,0.000000,0.000000,-0.000845,0.000575,0.001990,0.045579,-0.006846,0.068371,0.045579,-0.006846,0.068371,0.003548,-0.004484,-0.005530,0.003548,-0.004484,-0.005530,-0.007618,-0.018457,-0.008627,0.042604,0.002116,0.020080,0.005528,-0.007618,-0.018457,-0.008627,0.042604,0.002116,0.020080,0.005528
0.547000,0.306459,-0.000218,0.486137,0.306826,-0.000190,0.486794,0.306826,-0.000190,0.486794,0.000368,0.000029,0.000657,0.000041,-0.000922,0.000112,0.000210,0.000498,0.000042,0.000000,0.000000,0.000000,-0.000546,-0.000092,0.000900,0.039916,-0.007115,0.064863,0.039916,-0.007115,0.064863,0.002348,-0.002490,-0.002253,0.002348,-0.002490,-0.002253,-0.004424,-0.016256,-0.005550,0.038227,0.000854,0.016587,0.002252,-0.004424,-0.016256,-0.005550,0.038227,0.000854,0.016587,0.002252
0.548000,0.306458,-0.000219,0.486136,0.306826,-0.000190,0.486794,0.306826,-0.000190,0.486794,0.000368,0.000029,0.000658,0.000038,-0.000922,0.000110,-0.000089,0.000077,-0.000300,0.000000,0.000000,0.000000,0.000486,0.001242,0.000158,0.045941,0.001411,0.071761,0.045941,0.001411,0.071761,-0.001791,-0.006489,-0.000033,-0.001791,-0.006489,-0.000033,0.000409,-0.021446,0.001717,0.046256,-0.001492,0.022462,0.000037,0.000409,-0.021446,0.001717,0.046256,-0.001492,0.022462,0.000037
0.549000,0.306458,-0.000218,0.486136,0.306826,-0.000190,0.486794,0.306826,-0.000190,0.486794,0.000368,0.000029,0.000658,0.000040,-0.000924,0.000113,0.000133,0.000362,-0.000326,0.000000,0.000000,0.000000,-0.000264,0.000876,0.000073,0.041499,-0.004385,0.072326,0.041499,-0.004385,0.072326,0.001217,-0.005398,0.000233,0.001217,-0.005398,0.000233,-0.001102,-0.021208,-0.002107,0.044860,0.000295,0.020485,-0.000232,-0.001102,-0.021208,-0.002107,0.044860,0.000295,0.020485,-0.000232
0.550000,0.306458,-0.000219,0.486136,0.306826,-0.000190,0.486794,0.306826,-0.000190,0.486794,0.000368,0.000029,0.000658,0.000038,-0.000922,0.000115,0.000004,0.000155,-0.000047,0.000000,0.000000,0.000000,0.000667,0.000027,-0.000345,0.044148,-0.000215,0.066695,0.044148,-0.000215,0.066695,-0.002517,-0.002848,0.001494,-0.002517,-0.002848,0.001494,0.001438,-0.016527,0.002781,0.039994,-0.002563,0.017999,-0.001492,0.001438,-0.016527,0.002781,0.039994,-0.002563,0.017999,-0.001492
0.551000,0.306458,-0.000220,0.486137,0.306826,-0.000190,0.486794,0.306826,-0.000190,0.486794,0.000368,0.000030,0.000656,0.000040,-0.000920,0.000111,0.000052,-0.000380,-0.000010,0.000000,0.000000,0.000000,-0.000226,-0.000219,0.000861,0.043134,0.010616,0.065855,0.043134,0.010616,0.065855,0.001063,-0.002103,-0.002137,0.001063,-0.002103,-0.002137,0.001126,-0.015680,0.001201,0.038721,0.003299,0.016964,0.002137,0.001126,-0.015680,0.001201,0.038721,0.003299,0.016964,0.002137
0.552000,0.306458,-0.000218,0.486137,0.306826,-0.000190,0.486794,0.306826,-0.000190,0.486794,0.000368,0.000029,0.000657,0.000042,-0.000922,0.000115,0.000142,0.000099,0.000064,0.000000,0.000000,0.000000,-0.000543,0.000091,-0.000918,0.041327,0.000864,0.064409,0.041327,0.000864,0.064409,0.002339,-0.003039,0.003211,0.002339,-0.003039,0.003211,0.003485,-0.016448,0.000905,0.038742,0.002518,0.017394,-0.003212,0.003485,-0.016448,0.000905,0.038742,0.002518,0.017394,-0.003212
0.553000,0.306458,-0.000220,0.486135,0.306826,-0.000190,0.486794,0.306826,-0.000190,0.486794,0.000368,0.000030,0.000659,0.000041,-0.000927,0.000113,0.000072,-0.000327,-0.000440,0.000000,0.000000,0.000000,-0.000166,0.001505,0.000405,0.042733,0.009562,0.074662,0.042733,0.009562,0.074662,0.000825,-0.007295,-0.000766,0.000825,-0.007295,-0.000766,0.002174,-0.023633,0.001994,0.048017,0.002839,0.022846,0.000767,0.002174,-0.023633,0.001994,0.048017,0.002839,0.022846,0.000767
0.554000,0.306458,-0.000218,0.486136,0.306826,-0.000190,0.486794,0.306826,-0.000190,0.486794,0.000368,0.000028,0.000657,0.000041,-0.000923,0.000109,0.000070,0.000166,0.000190,0.000000,0.000000,0.000000,0.000095,-0.000441,0.001112,0.042764,-0.000480,0.061940,0.042764,-0.000480,0.061940,-0.000215,-0.001446,-0.002901,-0.000215,-0.001446,-0.002901,-0.003039,-0.013879,-0.002039,0.036170,-0.000312,0.015886,0.002902,-0.003039,-0.013879,-0.002039,0.036170,-0.000312,0.015886,0.002902
0.555000,0.306459,-0.000219,0.486137,0.306826,-0.000190,0.486794,0.306826,-0.000190,0.486794,0.000367,0.000029,0.000656,0.000040,-0.000918,0.000115,0.000118,0.000214,0.000389,0.000000,0.000000,0.000000,0.000110,-0.000851,-0.000881,0.041698,-0.001417,0.057843,0.041698,-0.001417,0.057843,-0.000281,-0.000201,0.003102,-0.000281,-0.000201,0.003102,0.002677,-0.011542,0.001943,0.032854,-0.000583,0.014058,-0.003101,0.002677,-0.011542,0.001943,0.032854,-0.000583,0.014058,-0.003101
0.556000,0.306459,-0.000219,0.486137,0.306826,-0.000190,0.486794,0.306826,-0.000190,0.486794,0.000367,0.000030,0.000657,0.000040,-0.000920,0.000111,0.000044,-0.000131,0.000451,0.000000,0.000000,0.000000,0.000029,-0.001361,0.000750,0.043224,0.005576,0.056635,0.043224,0.005576,0.056635,0.000041,0.001324,-0.001804,0.000041,0.001324,-0.001804,-0.000086,-0.009414,0.000522,0.030955,0.001216,0.012747,0.001804,-0.000086,-0.009414,0.000522,0.030955,0.001216,0.012747,0.001804
0.557000,0.306458,-0.000220,0.486137,0.306826,-0.000190,0.486794,0.306826,-0.000190,0.486794,0.000368,0.000030,0.000657,0.000039,-0.000921,0.000119,-0.000093,-0.000314,0.000017,0.000000,0.000000,0.000000,0.000698,-0.000114,-0.002437,0.046036,0.009246,0.065363,0.046036,0.009246,0.065363,-0.002635,-0.002423,0.007785,-0.002635,-0.002423,0.007785,0.010629,-0.015405,0.010382,0.039181,-0.000698,0.017855,-0.007782,0.010629,-0.015405,0.010382,0.039181,-0.000698,0.017855,-0.007782
0.558000,0.306457,-0.000218,0.486137,0.306826,-0.000190,0.486794,0.306826,-0.000190,0.486794,0.000369,0.000029,0.000657,0.000041,-0.000921,0.000114,-0.000218,0.000540,-0.000081,0.000000,0.000000,0.000000,-0.000606,-0.000076,0.001090,0.048613,-0.007946,0.067332,0.048613,-0.007946,0.067332,0.002590,-0.002537,-0.002814,0.002590,-0.002537,-0.002814,-0.005239,-0.015727,-0.006390,0.040556,0.000923,0.018681,0.002813,-0.005239,-0.015727,-0.006390,0.040556,0.000923,0.018681,0.002813
0.559000,0.306459,-0.000219,0.486138,0.306826,-0.000190,0.486794,0.306826,-0.000190,0.486794,0.000367,0.000029,0.000656,0.000042,-0.000916,0.000110,0.000133,0.000200,0.000322,0.000000,0.000000,0.000000,-0.000797,-0.000844,0.001735,0.041422,-0.001115,0.059132,0.041422,-0.001115,0.059132,0.003356,-0.000215,-0.004767,0.003356,-0.000215,-0.004767,-0.005100,-0.011992,-0.006091,0.033440,0.003127,0.014124,0.004765,-0.005100,-0.011992,-0.006091,0.033440,0.003127,0.014124,0.004765
0.560000,0.306459,-0.000220,0.486136,0.306826,-0.000190,0.486794,0.306826,-0.000190,0.486794,0.000367,0.000030,0.000658,0.000040,-0.000919,0.000118,0.000031,-0.000058,-0.000482,0.000000,0.000000,0.000000,0.000257,0.001107,-0.001039,0.043460,0.004148,0.075403,0.043460,0.004148,0.075403,-0.000868,-0.006080,0.003590,-0.000868,-0.006080,0.003590,0.004871,-0.022533,0.004513,0.047246,0.000001,0.021851,-0.003587,0.004871,-0.022533,0.004513,0.047246,0.000001,0.021851,-0.003587
0.561000,0.306458,-0.000219,0.486136,0.306826,-0.000190,0.486794,0.306826,-0.000190,0.486794,0.000368,0.000030,0.000658,0.000038,-0.000922,0.000111,-0.000200,-0.000066,-0.000001,0.000000,0.000000,0.000000,0.000851,-0.000138,0.000953,0.048188,0.004282,0.065777,0.048188,0.004282,0.065777,-0.003255,-0.002352,-0.002415,-0.003255,-0.002352,-0.002415,-0.001092,-0.015131,0.002006,0.039584,-0.002350,0.018272,0.002418,-0.001092,-0.015131,0.002006,0.039584,-0.002350,0.018272,0.002418
0.562000,0.306458,-0.000220,0.486138,0.306826,-0.000190,0.486794,0.306826,-0.000190,0.486794,0.000368,0.000031,0.000656,0.000039,-0.000917,0.000117,0.000059,-0.000441,0.000546,0.000000,0.000000,0.000000,0.000144,-0.001443,-0.001551,0.042979,0.011874,0.054646,0.042979,0.011874,0.054646,-0.000422,0.001578,0.005124,-0.000422,0.001578,0.005124,0.008772,-0.008589,0.007787,0.029729,0.002070,0.012268,-0.005124,0.008772,-0.008589,0.007787,0.029729,0.002070,0.012268,-0.005124
0.563000,0.306458,-0.000220,0.486136,0.306826,-0.000190,0.486794,0.306826,-0.000190,0.486794,0.000368,0.000030,0.000657,0.000037,-0.000921,0.000118,0.000196,-0.000201,-0.000216,0.000000,0.000000,0.000000,0.000537,0.000437,-0.001272,0.040212,0.007047,0.070053,0.040212,0.007047,0.070053,-0.001999,-0.004074,0.004288,-0.001999,-0.004074,0.004288,0.006457,-0.019386,0.006747,0.042298,-0.000521,0.018692,-0.004286,0.006457,-0.019386,0.006747,0.042298,-0.000521,0.018692,-0.004286
0.564000,0.306458,-0.000221,0.486137,0.306826,-0.000190,0.486794,0.306826,-0.000190,0.486794,0.000368,0.000031,0.000657,0.000037,-0.000921,0.000120,-0.000062,-0.000461,-0.000018,0.000000,0.000000,0.000000,0.000562,0.000243,-0.001580,0.045443,0.012340,0.066050,0.045443,0.012340,0.066050,-0.002102,-0.003493,0.005221,-0.002102,-0.003493,0.005221,0.009013,-0.016777,0.009198,0.040499,0.000489,0.018860,-0.005218,0.009013,-0.016777,0.009198,0.040499,0.000489,0.018860,-0.005218
0.565000,0.306458,-0.000220,0.486138,0.306826,-0.000190,0.486794,0.306826,-0.000190,0.486794,0.000368,0.000031,0.000656,0.000037,-0.000919,0.000115,0.000080,-0.000108,0.000271,0.000000,0.000000,0.000000,0.000375,-0.000632,-0.000404,0.042555,0.005226,0.060169,0.042555,0.005226,0.060169,-0.001351,-0.000860,0.001671,-0.001351,-0.000860,0.001671,0.003282,-0.012783,0.003848,0.034721,-0.000253,0.015102,-0.001670,0.003282,-0.012783,0.003848,0.034721,-0.000253,0.015102,-0.001670
0.566000,0.306458,-0.000220,0.486139,0.306826,-0.000190,0.486794,0.306826,-0.000190,0.486794,0.000369,0.000030,0.000655,0.000040,-0.000915,0.000111,-0.000117,0.000174,0.000522,0.000000,0.000000,0.000000,-0.000854,-0.001534,0.001730,0.046559,-0.000493,0.055049,0.046559,-0.000493,0.055049,0.003576,0.001857,-0.004747,0.003576,0.001857,-0.004747,-0.004888,-0.007883,-0.006031,0.030100,0.003478,0.012774,0.004744,-0.004888,-0.007883,-0.006031,0.030100,0.003478,0.012774,0.004744
0.567000,0.306458,-0.000222,0.486139,0.306826,-0.000190,0.486794,0.306826,-0.000190,0.486794,0.000368,0.000032,0.000655,0.000037,-0.000912,0.000122,-0.000299,-0.000543,0.000264,0.000000,0.000000,0.000000,0.000331,-0.000879,-0.002290,0.050135,0.014035,0.060181,0.050135,0.014035,0.060181,-0.001173,-0.000100,0.007357,-0.001173,-0.000100,0.007357,0.011671,-0.010867,0.010604,0.034937,0.001771,0.015940,-0.007356,0.011671,-0.010867,0.010604,0.034937,0.001771,0.015940,-0.007356
0.568000,0.306459,-0.000219,0.486139,0.306826,-0.000190,0.486794,0.306826,-0.000190,0.486794,0.000367,0.000030,0.000655,0.000039,-0.000916,0.000113,0.000107,0.000390,0.000090,0.000000,0.000000,0.000000,-0.000239,-0.000173,0.001442,0.041924,-0.004832,0.063689,0.041924,-0.004832,0.063689,0.001111,-0.002227,-0.003871,0.001111,-0.002227,-0.003871,-0.005342,-0.015325,-0.005075,0.037669,0.000099,0.016644,0.003871,-0.005342,-0.015325,-0.005075,0.037669,0.000099,0.016644,0.003871
0.569000,0.306458,-0.000220,0.486138,0.306826,-0.000190,0.486794,0.306826,-0.000190,0.486794,0.000368,0.000030,0.000656,0.000041,-0.000919,0.000116,-0.000086,-0.000160,-0.000032,0.000000,0.000000,0.000000,-0.000397,-0.000116,-0.000482,0.045880,0.006213,0.066264,0.045880,0.006213,0.066264,0.001751,-0.002409,0.001913,0.001751,-0.002409,0.001913,0.003827,-0.015690,0.002144,0.039572,0.003056,0.017886,-0.001913,0.003827,-0.015690,0.002144,0.039572,0.003056,0.017886,-0.001913
0.570000,0.306459,-0.000220,0.486138,0.306826,-0.000190,0.486794,0.306826,-0.000190,0.486794,0.000368,0.000031,0.000656,0.000038,-0.000916,0.000118,0.000028,-0.000069,-0.000192,0.000000,0.000000,0.000000,0.000433,0.000479,-0.000402,0.043546,0.004423,0.069457,0.043546,0.004423,0.069457,-0.001580,-0.004187,0.001677,-0.001580,-0.004187,0.001677,0.003042,-0.018805,0.003754,0.042558,-0.000650,0.019453,-0.001675,0.003042,-0.018805,0.003754,0.042558,-0.000650,0.019453,-0.001675
0.571000,0.306458,-0.000220,0.486138,0.306826,-0.000190,0.486794,0.306826,-0.000190,0.486794,0.000368,0.000030,0.000656,0.000039,-0.000918,0.000112,0.000054,0.000165,-0.000320,0.000000,0.000000,0.000000,-0.000170,0.001114,0.001682,0.043049,-0.000303,0.071965,0.043049,-0.000303,0.071965,0.000836,-0.006097,-0.004599,0.000836,-0.006097,-0.004599,-0.004682,-0.021559,-0.003924,0.045589,0.000779,0.021477,0.004600,-0.004682,-0.021559,-0.003924,0.045589,0.000779,0.021477,0.004600
0.572000,0.306458,-0.000221,0.486138,0.306826,-0.000190,0.486794,0.306826,-0.000190,0.486794,0.000368,0.000032,0.000656,0.000039,-0.000919,0.000122,-0.000135,-0.000194,0.000128,0.000000,0.000000,0.000000,-0.000096,-0.000371,-0.001303,0.046894,0.007035,0.063045,0.046894,0.007035,0.063045,0.000539,-0.001643,0.004396,0.000539,-0.001643,0.004396,0.006563,-0.013782,0.005023,0.037417,0.002015,0.017051,-0.004396,0.006563,-0.013782,0.005023,0.037417,0.002015,0.017051,-0.004396
0.573000,0.306459,-0.000220,0.486138,0.306826,-0.000190,0.486794,0.306826,-0.000190,0.486794,0.000367,0.000030,0.000656,0.000038,-0.000916,0.000114,0.000203,0.000255,0.000028,0.000000,0.000000,0.000000,0.000140,0.000072,0.001228,0.040008,-0.002092,0.065024,0.040008,-0.002092,0.065024,-0.000408,-0.002964,-0.003228,-0.000408,-0.002964,-0.003228,-0.003860,-0.016764,-0.002655,0.038790,-0.000844,0.017095,0.003229,-0.003860,-0.016764,-0.002655,0.038790,-0.000844,0.017095,0.003229
0.574000,0.306458,-0.000221,0.486138,0.306826,-0.000190,0.486794,0.306826,-0.000190,0.486794,0.000368,0.000031,0.000655,0.000037,-0.000916,0.000115,0.000050,-0.000121,0.000189,0.000000,0.000000,0.000000,0.000331,-0.000509,0.000451,0.043167,0.005508,0.061757,0.043167,0.005508,0.061757,-0.001175,-0.001222,-0.000893,-0.001175,-0.001222,-0.000893,0.000804,-0.013539,0.002004,0.035912,-0.000015,0.015732,0.000895,0.000804,-0.013539,0.002004,0.035912,-0.000015,0.015732,0.000895
0.575000,0.306459,-0.000221,0.486136,0.306826,-0.000190,0.486794,0.306826,-0.000190,0.486794,0.000368,0.000031,0.000657,0.000038,-0.000919,0.000119,-0.000025,-0.000312,-0.000570,0.000000,0.000000,0.000000,0.000377,0.001331,-0.001584,0.044617,0.009309,0.077128,0.044617,0.009309,0.077128,-0.001355,-0.006748,0.005228,-0.001355,-0.006748,0.005228,0.008090,-0.023555,0.007690,0.048877,0.000599,0.022915,-0.005225,0.008090,-0.023555,0.007690,0.048877,0.000599,0.022915,-0.005225
0.576000,0.306458,-0.000220,0.486136,0.306826,-0.000190,0.486794,0.306826,-0.000190,0.486794,0.000368,0.000030,0.000658,0.000041,-0.000922,0.000112,-0.000116,0.000141,-0.000422,0.000000,0.000000,0.000000,-0.000805,0.001363,0.001525,0.046543,0.000189,0.074191,0.046543,0.000189,0.074191,0.003381,-0.006855,-0.004128,0.003381,-0.006855,-0.004128,-0.004061,-0.022464,-0.005234,0.047845,0.003428,0.023165,0.004127,-0.004061,-0.022464,-0.005234,0.047845,0.003428,0.023165,0.004127
0.577000,0.306459,-0.000220,0.486137,0.306826,-0.000190,0.486794,0.306826,-0.000190,0.486794,0.000368,0.000030,0.000657,0.000040,-0.000918,0.000118,-0.000061,-0.000012,-0.000546,0.000000,0.000000,0.000000,-0.000097,0.001083,-0.001362,0.045340,0.003235,0.076631,0.045340,0.003235,0.076631,0.000550,-0.006003,0.004559,0.000550,-0.006003,0.004559,0.005559,-0.022545,0.003895,0.047990,0.001226,0.022277,-0.004557,0.005559,-0.022545,0.003895,0.047990,0.001226,0.022277,-0.004557
0.578000,0.306458,-0.000221,0.486139,0.306826,-0.000190,0.486794,0.306826,-0.000190,0.486794,0.000368,0.000031,0.000655,0.000035,-0.000916,0.000121,0.000050,-0.000307,0.000618,0.000000,0.000000,0.000000,0.001230,-0.001361,-0.001761,0.043162,0.009282,0.053152,0.043162,0.009282,0.053152,-0.004777,0.001336,0.005769,-0.004777,0.001336,0.005769,0.008623,-0.008347,0.010484,0.029291,-0.002831,0.012419,-0.005766,0.008623,-0.008347,0.010484,0.029291,-0.002831,0.012419,-0.005766
0.579000,0.306458,-0.000221,0.486136,0.306826,-0.000190,0.486794,0.306826,-0.000190,0.486794,0.000368,0.000032,0.000658,0.000039,-0.000923,0.000118,-0.000109,-0.000010,-0.000114,0.000000,0.000000,0.000000,-0.000455,0.000207,0.000853,0.046395,0.003364,0.068032,0.046395,0.003364,0.068032,0.001975,-0.003388,-0.002088,0.001975,-0.003388,-0.002088,-0.001047,-0.017132,-0.001766,0.041452,0.002687,0.019127,0.002088,-0.001047,-0.017132,-0.001766,0.041452,0.002687,0.019127,0.002088
0.580000,0.306458,-0.000220,0.486137,0.306826,-0.000190,0.486794,0.306826,-0.000190,0.486794,0.000368,0.000031,0.000657,0.000040,-0.000914,0.000119,-0.000184,-0.000007,0.000053,0.000000,0.000000,0.000000,-0.000305,-0.001165,-0.000652,0.047884,0.003187,0.064602,0.047884,0.003187,0.064602,0.001380,0.000752,0.002430,0.001380,0.000752,0.002430,0.003417,-0.011711,0.001789,0.035883,0.002047,0.015000,-0.002431,0.003417,-0.011711,0.001789,0.035883,0.002047,0.015000,-0.002431
0.581000,0.306458,-0.000221,0.486137,0.306826,-0.000190,0.486794,0.306826,-0.000190,0.486794,0.000369,0.000032,0.000657,0.000041,-0.000920,0.000118,-0.000012,-0.000254,-0.000093,0.000000,0.000000,0.000000,-0.000439,0.000526,0.000374,0.044462,0.008228,0.067574,0.044462,0.008228,0.067574,0.001922,-0.004340,-0.000652,0.001922,-0.004340,-0.000652,0.001879,-0.018240,0.000866,0.041939,0.003655,0.019632,0.000652,0.001879,-0.018240,0.000866,0.041939,0.003655,0.019632,0.000652
0.582000,0.306458,-0.000220,0.486138,0.306826,-0.000190,0.486794,0.306826,-0.000190,0.486794,0.000368,0.000030,0.000655,0.000041,-0.000915,0.000119,0.000086,0.000515,0.000443,0.000000,0.000000,0.000000,-0.000707,-0.000526,0.000530,0.042423,-0.007261,0.056679,0.042423,-0.007261,0.056679,0.002995,-0.001168,-0.001114,0.002995,-0.001168,-0.001114,-0.003329,-0.012042,-0.005251,0.033364,0.001469,0.015074,0.001112,-0.003329,-0.012042,-0.005251,0.033364,0.001469,0.015074,0.001112
0.583000,0.306457,-0.000221,0.486137,0.306826,-0.000190,0.486794,0.306826,-0.000190,0.486794,0.000369,0.000032,0.000657,0.000038,-0.000919,0.000120,-0.000171,0.000001,-0.000060,0.000000,0.000000,0.000000,0.000621,0.000206,0.000010,0.047707,0.003135,0.066856,0.047707,0.003135,0.066856,-0.002332,-0.003376,0.000452,-0.002332,-0.003376,0.000452,0.001424,-0.016559,0.003004,0.041055,-0.001672,0.019290,-0.000450,0.001424,-0.016559,0.003004,0.041055,-0.001672,0.019290,-0.000450
0.584000,0.306458,-0.000220,0.486139,0.306826,-0.000190,0.486794,0.306826,-0.000190,0.486794,0.000368,0.000031,0.000655,0.000040,-0.000912,0.000116,-0.000042,0.000162,0.000464,0.000000,0.000000,0.000000,-0.000284,-0.001543,0.000940,0.045038,-0.000183,0.056211,0.045038,-0.000183,0.056211,0.001293,0.001895,-0.002358,0.001293,0.001895,-0.002358,-0.002404,-0.008434,-0.002626,0.030416,0.001257,0.012520,0.002357,-0.002404,-0.008434,-0.002626,0.030416,0.001257,0.012520,0.002357
0.585000,0.306457,-0.000220,0.486137,0.306826,-0.000190,0.486794,0.306826,-0.000190,0.486794,0.000369,0.000030,0.000656,0.000040,-0.000918,0.000115,-0.000050,0.000279,-0.000174,0.000000,0.000000,0.000000,-0.000189,0.000415,0.000438,0.045262,-0.002588,0.069121,0.045262,-0.002588,0.069121,0.000915,-0.003999,-0.000851,0.000915,-0.003999,-0.000851,-0.001634,-0.018250,-0.002075,0.042433,0.000373,0.019596,0.000851,-0.001634,-0.018250,-0.002075,0.042433,0.000373,0.019596,0.000851
0.586000,0.306457,-0.000221,0.486138,0.306826,-0.000190,0.486794,0.306826,-0.000190,0.486794,0.000369,0.000031,0.000656,0.000039,-0.000917,0.000115,0.000038,-0.000345,0.000147,0.000000,0.000000,0.000000,0.000572,-0.000280,-0.000119,0.043500,0.009971,0.062638,0.043500,0.009971,0.062638,-0.002132,-0.001911,0.000817,-0.002132,-0.001911,0.000817,0.003883,-0.014448,0.005339,0.037059,-0.000035,0.016569,-0.000815,0.003883,-0.014448,0.005339,0.037059,-0.000035,0.016569,-0.000815
0.587000,0.306457,-0.000219,0.486136,0.306826,-0.000190,0.486794,0.306826,-0.000190,0.486794,0.000369,0.000029,0.000657,0.000041,-0.000917,0.000116,-0.000250,0.000311,-0.000514,0.000000,0.000000,0.000000,-0.000711,0.000689,-0.000069,0.049290,-0.003273,0.076017,0.049290,-0.003273,0.076017,0.003009,-0.004819,0.000671,0.003009,-0.004819,0.000671,-0.000322,-0.020567,-0.002706,0.047023,0.002321,0.021869,-0.000672,-0.000322,-0.020567,-0.002706,0.047023,0.002321,0.021869,-0.000672
0.588000,0.306457,-0.000221,0.486139,0.306826,-0.000190,0.486794,0.306826,-0.000190,0.486794,0.000369,0.000031,0.000655,0.000038,-0.000915,0.000118,0.000009,-0.000408,0.000468,0.000000,0.000000,0.000000,0.000571,-0.001066,-0.000545,0.044090,0.011315,0.056143,0.044090,0.011315,0.056143,-0.002133,0.000455,0.002107,-0.002133,0.000455,0.002107,0.005584,-0.010001,0.006687,0.031702,0.000245,0.013756,-0.002105,0.005584,-0.010001,0.006687,0.031702,0.000245,0.013756,-0.002105
0.589000,0.306458,-0.000221,0.486139,0.306826,-0.000190,0.486794,0.306826,-0.000190,0.486794,0.000369,0.000031,0.000655,0.000039,-0.000913,0.000117,-0.000044,-0.000229,0.000291,0.000000,0.000000,0.000000,0.000584,-0.000474,-0.000601,0.045106,0.007660,0.059668,0.045106,0.007660,0.059668,-0.002182,-0.001318,0.002272,-0.002182,-0.001318,0.002272,0.004629,-0.012697,0.005651,0.035269,-0.000573,0.016053,-0.002270,0.004629,-0.012697,0.005651,0.035269,-0.000573,0.016053,-0.002270
0.590000,0.306458,-0.000221,0.486140,0.306826,-0.000190,0.486794,0.306826,-0.000190,0.486794,0.000368,0.000031,0.000654,0.000039,-0.000910,0.000120,0.000092,-0.000015,0.000478,0.000000,0.000000,0.000000,-0.000209,-0.001110,-0.000516,0.042319,0.003442,0.055844,0.042319,0.003442,0.055844,0.000993,0.000601,0.002030,0.000993,0.000601,0.002030,0.003094,-0.010033,0.001862,0.031188,0.001715,0.013211,-0.002031,0.003094,-0.010033,0.001862,0.031188,0.001715,0.013211,-0.002031
0.591000,0.306458,-0.000222,0.486135,0.306826,-0.000190,0.486794,0.306826,-0.000190,0.486794,0.000368,0.000032,0.000658,0.000038,-0.000923,0.000116,0.000155,0.000033,-0.001033,0.000000,0.000000,0.000000,0.000066,0.002550,0.001385,0.041104,0.002509,0.086495,0.041104,0.002509,0.086495,-0.000113,-0.010416,-0.003691,-0.000113,-0.010416,-0.003691,-0.002913,-0.030632,-0.001697,0.056513,0.000422,0.026663,0.003694,-0.002913,-0.030632,-0.001697,0.056513,0.000422,0.026663,0.003694
0.592000,0.306457,-0.000220,0.486140,0.306826,-0.000190,0.486794,0.306826,-0.000190,0.486794,0.000369,0.000030,0.000654,0.000040,-0.000908,0.000118,-0.000182,0.000464,0.000762,0.000000,0.000000,0.000000,-0.000575,-0.002384,-0.000192,0.047892,-0.006293,0.050132,0.047892,-0.006293,0.050132,0.002461,0.004428,0.001047,0.002461,0.004428,0.001047,-0.000871,-0.003602,-0.003033,0.025378,0.001135,0.010054,-0.001050,-0.000871,-0.003602,-0.003033,0.025378,0.001135,0.010054,-0.001050
0.593000,0.306458,-0.000221,0.486139,0.306826,-0.000190,0.486794,0.306826,-0.000190,0.486794,0.000369,0.000031,0.000655,0.000039,-0.000916,0.000115,0.000120,-0.000071,0.000189,0.000000,0.000000,0.000000,0.000013,0.000092,0.000559,0.041826,0.004497,0.061718,0.041826,0.004497,0.061718,0.000105,-0.003023,-0.001215,0.000105,-0.003023,-0.001215,0.000173,-0.015532,0.000541,0.037521,0.001054,0.017247,0.001215,0.000173,-0.015532,0.000541,0.037521,0.001054,0.017247,0.001215
0.594000,0.306458,-0.000221,0.486139,0.306826,-0.000190,0.486794,0.306826,-0.000190,0.486794,0.000368,0.000031,0.000655,0.000040,-0.000913,0.000117,0.000080,-0.000097,0.000126,0.000000,0.000000,0.000000,-0.000229,0.000061,-0.000136,0.042567,0.005032,0.062957,0.042567,0.005032,0.062957,0.001076,-0.002924,0.000874,0.001076,-0.002924,0.000874,0.002426,-0.015698,0.001504,0.038101,0.002134,0.017412,-0.000874,0.002426,-0.015698,0.001504,0.038101,0.002134,0.017412,-0.000874
0.595000,0.306458,-0.000220,0.486140,0.306826,-0.000190,0.486794,0.306826,-0.000190,0.486794,0.000368,0.000030,0.000654,0.000039,-0.000909,0.000120,-0.000103,0.000259,0.000233,0.000000,0.000000,0.000000,0.000130,-0.001084,-0.001156,0.046261,-0.002187,0.060772,0.046261,-0.002187,0.060772,-0.000364,0.000525,0.003947,-0.000364,0.000525,0.003947,0.003287,-0.011015,0.002349,0.034096,-0.000828,0.014551,-0.003947,0.003287,-0.011015,0.002349,0.034096,-0.000828,0.014551,-0.003947
0.596000,0.306458,-0.000220,0.486139,0.306826,-0.000190,0.486794,0.306826,-0.000190,0.486794,0.000368,0.000030,0.000655,0.000040,-0.000911,0.000113,-0.000033,0.000219,-0.000036,0.000000,0.000000,0.000000,-0.000196,0.000072,0.002247,0.044847,-0.001334,0.066208,0.044847,-0.001334,0.066208,0.000941,-0.002950,-0.006291,0.000941,-0.002950,-0.006291,-0.006690,-0.016372,-0.005528,0.039957,0.000668,0.018203,0.006291,-0.006690,-0.016372,-0.005528,0.039957,0.000668,0.018203,0.006291
0.597000,0.306459,-0.000220,0.486139,0.306826,-0.000190,0.486794,0.306826,-0.000190,0.486794,0.000367,0.000030,0.000655,0.000037,-0.000913,0.000119,0.000234,-0.000015,-0.000131,0.000000,0.000000,0.000000,0.000565,0.000697,-0.000928,0.039409,0.003352,0.068137,0.039409,0.003352,0.068137,-0.002112,-0.004830,0.003257,-0.002112,-0.004830,0.003257,0.004293,-0.019676,0.004899,0.042047,-0.001410,0.019111,-0.003254,0.004293,-0.019676,0.004899,0.042047,-0.001410,0.019111,-0.003254
0.598000,0.306458,-0.000220,0.486140,0.306826,-0.000190,0.486794,0.306826,-0.000190,0.486794,0.000368,0.000030,0.000653,0.000040,-0.000910,0.000116,0.000105,-0.000020,0.000610,0.000000,0.000000,0.000000,-0.000320,-0.001628,0.000030,0.042095,0.003430,0.053136,0.042095,0.003430,0.053136,0.001440,0.002155,0.000376,0.001440,0.002155,0.000376,0.001436,-0.007683,0.000374,0.028327,0.002160,0.011371,-0.000377,0.001436,-0.007683,0.000374,0.028327,0.002160,0.011371,-0.000377
0.599000,0.306458,-0.000219,0.486138,0.306826,-0.000190,0.486794,0.306826,-0.000190,0.486794,0.000368,0.000029,0.000655,0.000041,-0.000913,0.000111,0.000015,0.000338,-0.000362,0.000000,0.000000,0.000000,-0.000607,0.000771,0.001682,0.043864,-0.003845,0.072780,0.043864,-0.003845,0.072780,0.002589,-0.005052,-0.004602,0.002589,-0.005052,-0.004602,-0.005771,-0.020640,-0.006318,0.045033,0.001787,0.020675,0.004601,-0.005771,-0.020640,-0.006318,0.045033,0.001787,0.020675,0.004601
0.600000,0.306458,-0.000221,0.486137,0.306826,-0.000190,0.486794,0.306826,-0.000190,0.486794,0.000369,0.000032,0.000657,0.000038,-0.000920,0.000122,-0.000027,-0.000337,-0.000696,0.000000,0.000000,0.000000,0.000449,0.001864,-0.001983,0.044767,0.009893,0.079613,0.044767,0.009893,0.079613,-0.001643,-0.008352,0.006438,-0.001643,-0.008352,0.006438,0.009480,-0.025898,0.008939,0.051672,0.000433,0.024768,-0.006435,0.009480,-0.025898,0.008939,0.051672,0.000433,0.024768,-0.006435
0.601000,0.306459,-0.000219,0.486139,0.306826,-0.000190,0.486794,0.306826,-0.000190,0.486794,0.000368,0.000030,0.000655,0.000040,-0.000913,0.000113,0.000175,0.000036,0.000083,0.000000,0.000000,0.000000,0.000077,-0.000108,0.000832,0.040596,0.002239,0.063861,0.040596,0.002239,0.063861,-0.000149,-0.002417,-0.002044,-0.000149,-0.002417,-0.002044,-0.001349,-0.015771,-0.000597,0.037769,0.000325,0.016570,0.002044,-0.001349,-0.015771,-0.000597,0.037769,0.000325,0.016570,0.002044
0.602000,0.306459,-0.000221,0.486139,0.306826,-0.000190,0.486794,0.306826,-0.000190,0.486794,0.000367,0.000031,0.000654,0.000037,-0.000910,0.000117,0.000089,-0.000247,0.000249,0.000000,0.000000,0.000000,0.000668,-0.000900,0.000022,0.042321,0.008082,0.060460,0.042321,0.008082,0.060460,-0.002522,-0.000030,0.000402,-0.002522,-0.000030,0.000402,0.002888,-0.012079,0.004708,0.033998,-0.000823,0.014249,-0.000400,0.002888,-0.012079,0.004708,0.033998,-0.000823,0.014249,-0.000400
0.603000,0.306458,-0.000222,0.486138,0.306826,-0.000190,0.486794,0.306826,-0.000190,0.486794,0.000368,0.000032,0.000655,0.000035,-0.000912,0.000121,-0.000070,-0.000803,-0.000120,0.000000,0.000000,0.000000,0.001675,0.000228,-0.002216,0.045532,0.019298,0.067942,0.045532,0.019298,0.067942,-0.006559,-0.003420,0.007132,-0.006559,-0.003420,0.007132,0.013057,-0.017275,0.015965,0.041330,-0.002507,0.018973,-0.007126,0.013057,-0.017275,0.015965,0.041330,-0.002507,0.018973,-0.007126
0.604000,0.306459,-0.000222,0.486140,0.306826,-0.000190,0.486794,0.306826,-0.000190,0.486794,0.000367,0.000032,0.000654,0.000039,-0.000910,0.000120,0.000194,-0.000086,0.000319,0.000000,0.000000,0.000000,-0.000507,-0.000497,-0.000060,0.040166,0.004913,0.059041,0.040166,0.004913,0.059041,0.002183,-0.001239,0.000658,0.002183,-0.001239,0.000658,0.002173,-0.013181,0.000528,0.034259,0.003216,0.014878,-0.000660,0.002173,-0.013181,0.000528,0.034259,0.003216,0.014878,-0.000660
0.605000,0.306458,-0.000221,0.486139,0.306826,-0.000190,0.486794,0.306826,-0.000190,0.486794,0.000368,0.000031,0.000655,0.000037,-0.000909,0.000121,-0.000702,0.000036,0.000728,0.000000,0.000000,0.000000,0.000102,-0.003159,-0.000786,0.058240,0.002420,0.050924,0.058240,0.002420,0.050924,-0.000258,0.006751,0.002841,-0.000258,0.006751,0.002841,0.003595,0.000068,0.002995,0.024750,0.000246,0.009979,-0.002843,0.003595,0.000068,0.002995,0.024750,0.000246,0.009979,-0.002843
0.606000,0.306458,-0.000220,0.486139,0.306826,-0.000190,0.486794,0.306826,-0.000190,0.486794,0.000368,0.000030,0.000655,0.000037,-0.000910,0.000111,-0.000493,0.000521,0.000804,0.000000,0.000000,0.000000,-0.000135,-0.002651,0.002494,0.054029,-0.007452,0.049378,0.054029,-0.007452,0.049378,0.000690,0.005223,-0.007037,0.000690,0.005223,-0.007037,-0.009310,-0.001635,-0.007870,0.025015,-0.000871,0.010483,0.007035,-0.009310,-0.001635,-0.007870,0.025015,-0.000871,0.010483,0.007035
0.607000,0.306459,-0.000219,0.486139,0.306826,-0.000190,0.486794,0.306826,-0.000190,0.486794,0.000367,0.000029,0.000654,0.000043,-0.000909,0.000115,-0.000080,0.000486,0.000704,0.000000,0.000000,0.000000,-0.001781,-0.002377,0.000303,0.045670,-0.006794,0.051354,0.045670,-0.006794,0.051354,0.007293,0.004406,-0.000447,0.007293,0.004406,-0.000447,-0.002519,-0.004338,-0.007671,0.025690,0.005863,0.009714,0.000441,-0.002519,-0.004338,-0.007671,0.025690,0.005863,0.009714,0.000441
0.608000,0.306458,-0.000220,0.486139,0.306826,-0.000190,0.486794,0.306826,-0.000190,0.486794,0.000368,0.000030,0.000655,0.000039,-0.000909,0.000113,-0.000297,0.000080,0.000429,0.000000,0.000000,0.000000,-0.000147,-0.001586,0.000888,0.050082,0.001407,0.056876,0.050082,0.001407,0.056876,0.000746,0.002030,-0.002210,0.000746,0.002030,-0.002210,-0.001768,-0.007729,-0.001615,0.031240,0.001045,0.013505,0.002209,-0.001768,-0.007729,-0.001615,0.031240,0.001045,0.013505,0.002209
0.609000,0.306459,-0.000219,0.486139,0.306826,-0.000190,0.486794,0.306826,-0.000190,0.486794,0.000368,0.000030,0.000655,0.000040,-0.000911,0.000116,-0.000151,0.000199,0.000339,0.000000,0.000000,0.000000,0.000091,-0.000566,-0.000324,0.047132,-0.001029,0.058684,0.047132,-0.001029,0.058684,-0.000205,-0.001036,0.001439,-0.000205,-0.001036,0.001439,0.001134,-0.011803,0.000840,0.034784,-0.000422,0.016111,-0.001439,0.001134,-0.011803,0.000840,0.034784,-0.000422,0.016111,-0.001439
0.610000,0.306458,-0.000220,0.486138,0.306826,-0.000190,0.486794,0.306826,-0.000190,0.486794,0.000368,0.000030,0.000656,0.000041,-0.000915,0.000118,-0.000306,-0.000130,-0.000295,0.000000,0.000000,0.000000,-0.000380,0.000892,-0.001010,0.050312,0.005645,0.071531,0.050312,0.005645,0.071531,0.001681,-0.005421,0.003503,0.001681,-0.005421,0.003503,0.005244,-0.019638,0.003133,0.045639,0.002866,0.022293,-0.003503,0.005244,-0.019638,0.003133,0.045639,0.002866,0.022293,-0.003503
0.611000,0.306458,-0.000220,0.486141,0.306826,-0.000190,0.486794,0.306826,-0.000190,0.486794,0.000368,0.000030,0.000653,0.000038,-0.000907,0.000112,-0.000037,0.000098,0.000874,0.000000,0.000000,0.000000,0.000629,-0.002117,0.001530,0.044856,0.001016,0.047829,0.044856,0.001016,0.047829,-0.002367,0.003629,-0.004142,-0.002367,0.003629,-0.004142,-0.003821,-0.004163,-0.000906,0.024704,-0.002149,0.010012,0.004143,-0.003821,-0.004163,-0.000906,0.024704,-0.002149,0.010012,0.004143
0.612000,0.306459,-0.000220,0.486139,0.306826,-0.000190,0.486794,0.306826,-0.000190,0.486794,0.000368,0.000030,0.000655,0.000040,-0.000911,0.000118,-0.000015,0.000324,0.000091,0.000000,0.000000,0.000000,-0.000417,-0.000159,-0.000234,0.044423,-0.003517,0.063636,0.044423,-0.003517,0.063636,0.001827,-0.002258,0.001171,0.001827,-0.002258,0.001171,0.000103,-0.014957,-0.001595,0.037994,0.001087,0.017197,-0.001172,0.000103,-0.014957,-0.001595,0.037994,0.001087,0.017197,-0.001172
0.613000,0.306459,-0.000219,0.486139,0.306826,-0.000190,0.486794,0.306826,-0.000190,0.486794,0.000367,0.000029,0.000655,0.000038,-0.000913,0.000113,0.000070,0.000249,-0.000099,0.000000,0.000000,0.000000,0.000321,0.000417,0.000991,0.042691,-0.002059,0.067497,0.042691,-0.002059,0.067497,-0.001130,-0.003988,-0.002522,-0.001130,-0.003988,-0.002522,-0.003144,-0.018136,-0.001635,0.041326,-0.001559,0.018902,0.002524,-0.003144,-0.018136,-0.001635,0.041326,-0.001559,0.018902,0.002524
0.614000,0.306459,-0.000219,0.486139,0.306826,-0.000190,0.486794,0.306826,-0.000190,0.486794,0.000368,0.000029,0.000655,0.000038,-0.000911,0.000111,-0.000043,0.000166,0.000112,0.000000,0.000000,0.000000,0.000214,-0.000305,0.000898,0.044973,-0.000415,0.063212,0.044973,-0.000415,0.063212,-0.000703,-0.001819,-0.002248,-0.000703,-0.001819,-0.002248,-0.002366,-0.014304,-0.001211,0.037427,-0.000787,0.016836,0.002249,-0.002366,-0.014304,-0.001211,0.037427,-0.000787,0.016836,0.002249
0.615000,0.306459,-0.000220,0.486138,0.306826,-0.000190,0.486794,0.306826,-0.000190,0.486794,0.000367,0.000030,0.000656,0.000040,-0.000914,0.000116,0.000032,-0.000196,-0.000332,0.000000,0.000000,0.000000,-0.000502,0.000653,-0.000941,0.043454,0.006901,0.072216,0.043454,0.006901,0.072216,0.002169,-0.004702,0.003285,0.002169,-0.004702,0.003285,0.005410,-0.020179,0.003040,0.044362,0.003618,0.020191,-0.003286,0.005410,-0.020179,0.003040,0.044362,0.003618,0.020191,-0.003286
0.616000,0.306458,-0.000219,0.486138,0.306826,-0.000190,0.486794,0.306826,-0.000190,0.486794,0.000368,0.000029,0.000656,0.000037,-0.000916,0.000111,0.000077,0.002221,-0.000193,0.000000,0.000000,0.000000,0.010033,0.000146,0.001647,0.042612,-0.041473,0.069472,0.042612,-0.041473,0.069472,-0.039982,-0.003188,-0.004496,-0.039982,-0.003188,-0.004496,-0.017197,-0.017967,0.011672,0.041475,-0.048701,0.018276,0.004527,-0.017197,-0.017967,0.011672,0.041475,-0.048701,0.018276,0.004527
0.617000,0.306458,-0.000220,0.486139,0.306826,-0.000190,0.486794,0.306826,-0.000190,0.486794,0.000368,0.000030,0.000655,0.000039,-0.000912,0.000119,-0.000071,0.001173,0.000263,0.000000,0.000000,0.000000,0.007497,-0.000519,-0.001648,0.045571,-0.020410,0.060207,0.045571,-0.020410,0.060207,-0.029831,-0.001179,0.005417,-0.029831,-0.001179,0.005417,-0.000828,-0.012662,0.018330,0.035463,-0.034130,0.016074,-0.005394,-0.000828,-0.012662,0.018330,0.035463,-0.034130,0.016074,-0.005394
0.618000,0.306459,-0.000218,0.486137,0.306826,-0.000190,0.486794,0.306826,-0.000190,0.486794,0.000368,0.000028,0.000657,0.000042,-0.000918,0.000111,0.000029,0.001298,-0.000668,0.000000,0.000000,0.000000,0.004738,0.001636,0.000736,0.043521,-0.023125,0.079076,0.043521,-0.023125,0.079076,-0.018783,-0.007660,-0.001766,-0.018783,-0.007660,-0.001766,-0.008845,-0.025236,0.004552,0.050579,-0.023644,0.023774,0.001783,-0.008845,-0.025236,0.004552,0.050579,-0.023644,0.023774,0.001783
0.619000,0.306458,-0.000218,0.486138,0.306826,-0.000190,0.486794,0.306826,-0.000190,0.486794,0.000368,0.000028,0.000656,0.000042,-0.000914,0.000113,-0.000067,0.000899,-0.000273,0.000000,0.000000,0.000000,0.003759,0.000527,-0.000566,0.045502,-0.015146,0.071055,0.045502,-0.015146,0.071055,-0.014869,-0.004322,0.002152,-0.014869,-0.004322,0.002152,-0.002480,-0.019133,0.007141,0.043707,-0.018057,0.020147,-0.002139,-0.002480,-0.019133,0.007141,0.043707,-0.018057,0.020147,-0.002139
0.620000,0.306458,-0.000219,0.486138,0.306826,-0.000190,0.486794,0.306826,-0.000190,0.486794,0.000368,0.000029,0.000656,0.000041,-0.000915,0.000115,-0.000074,0.000378,0.000041,0.000000,0.000000,0.000000,0.003077,0.000265,-0.001255,0.045624,-0.004650,0.064763,0.045624,-0.004650,0.064763,-0.012144,-0.003537,0.004226,-0.012144,-0.003537,0.004226,0.002811,-0.016401,0.010086,0.039966,-0.013125,0.018835,-0.004216,0.002811,-0.016401,0.010086,0.039966,-0.013125,0.018835,-0.004216
0.621000,0.306459,-0.000221,0.486139,0.306826,-0.000190,0.486794,0.306826,-0.000190,0.486794,0.000367,0.000031,0.000655,0.000043,-0.000913,0.000113,0.000135,-0.001569,-0.000100,0.000000,0.000000,0.000000,-0.007416,0.000259,0.001224,0.041341,0.034457,0.067528,0.041341,0.034457,0.067528,0.029838,-0.003516,-0.003220,0.029838,-0.003516,-0.003220,0.007349,-0.017877,-0.012194,0.040684,0.037091,0.018135,0.003198,0.007349,-0.017877,-0.012194,0.040684,0.037091,0.018135,0.003198
0.622000,0.306458,-0.000220,0.486138,0.306826,-0.000190,0.486794,0.306826,-0.000190,0.486794,0.000368,0.000030,0.000656,0.000041,-0.000915,0.000116,-0.000253,-0.001216,-0.000029,0.000000,0.000000,0.000000,-0.005751,0.000088,-0.000438,0.049231,0.027331,0.066171,0.049231,0.027331,0.066171,0.023169,-0.003007,0.001776,0.023169,-0.003007,0.001776,0.010162,-0.015743,-0.006258,0.040548,0.028918,0.019172,-0.001793,0.010162,-0.015743,-0.006258,0.040548,0.028918,0.019172,-0.001793
0.623000,0.306458,-0.000221,0.486138,0.306826,-0.000190,0.486794,0.306826,-0.000190,0.486794,0.000368,0.000031,0.000656,0.000040,-0.000914,0.000118,-0.000069,-0.001033,0.000023,0.000000,0.000000,0.000000,-0.004082,-0.000418,-0.000577,0.045528,0.023768,0.065142,0.045528,0.023768,0.065142,0.016489,-0.001487,0.002204,0.016489,-0.001487,0.002204,0.009498,-0.014476,-0.002383,0.038069,0.021487,0.016784,-0.002217,0.009498,-0.014476,-0.002383,0.038069,0.021487,0.016784,-0.002217
0.624000,0.306459,-0.000221,0.486137,0.306826,-0.000190,0.486794,0.306826,-0.000190,0.486794,0.000368,0.000031,0.000657,0.000040,-0.000915,0.000120,0.000039,-0.000959,-0.000155,0.000000,0.000000,0.000000,-0.003061,0.000277,-0.001305,0.043343,0.022296,0.068757,0.043343,0.022296,0.068757,0.012401,-0.003577,0.004394,0.012401,-0.003577,0.004394,0.011236,-0.018010,0.001579,0.041585,0.017087,0.018734,-0.004402,0.011236,-0.018010,0.001579,0.041585,0.017087,0.018734,-0.004402
0.625000,0.306459,-0.000221,0.486137,0.306826,-0.000190,0.486794,0.306826,-0.000190,0.486794,0.000367,0.000031,0.000656,0.000037,-0.000916,0.000121,0.000132,-0.000854,-0.000032,0.000000,0.000000,0.000000,-0.001597,0.000421,-0.001566,0.041434,0.020225,0.066274,0.041434,0.020225,0.066274,0.006540,-0.004011,0.005183,0.006540,-0.004011,0.005183,0.011390,-0.017976,0.005613,0.040604,0.010789,0.018550,-0.005187,0.011390,-0.017976,0.005613,0.040604,0.010789,0.018550,-0.005187
0.626000,0.306458,-0.000220,0.486137,0.306826,-0.000190,0.486794,0.306826,-0.000190,0.486794,0.000368,0.000030,0.000657,0.000041,-0.000916,0.000113,-0.000068,0.000162,-0.000113,0.000000,0.000000,0.000000,-0.002503,0.000280,0.002343,0.045503,-0.000278,0.067925,0.045503,-0.000278,0.067925,0.010176,-0.003590,-0.006577,0.010176,-0.003590,-0.006577,-0.006652,-0.017437,-0.011926,0.041487,0.010126,0.019128,0.006570,-0.006652,-0.017437,-0.011926,0.041487,0.010126,0.019128,0.006570
0.627000,0.306459,-0.000220,0.486136,0.306826,-0.000190,0.486794,0.306826,-0.000190,0.486794,0.000367,0.000030,0.000658,0.000042,-0.000920,0.000117,0.000296,-0.000103,-0.000353,0.000000,0.000000,0.000000,-0.001418,0.001392,-0.000086,0.038099,0.005032,0.072805,0.038099,0.005032,0.072805,0.005838,-0.006937,0.000725,0.005838,-0.006937,0.000725,0.002276,-0.023412,-0.001973,0.046185,0.006897,0.021348,-0.000728,0.002276,-0.023412,-0.001973,0.046185,0.006897,0.021348,-0.000728
0.628000,0.306458,-0.000221,0.486136,0.306826,-0.000190,0.486794,0.306826,-0.000190,0.486794,0.000368,0.000031,0.000658,0.000039,-0.000918,0.000118,-0.000228,-0.000471,-0.000264,0.000000,0.000000,0.000000,-0.000658,0.000371,-0.000591,0.048731,0.012494,0.071041,0.048731,0.012494,0.071041,0.002789,-0.003868,0.002244,0.002789,-0.003868,0.002244,0.006084,-0.018177,0.003685,0.043650,0.005416,0.020363,-0.002245,0.006084,-0.018177,0.003685,0.043650,0.005416,0.020363,-0.002245
0.629000,0.306459,-0.000219,0.486139,0.306826,-0.000190,0.486794,0.306826,-0.000190,0.486794,0.000367,0.000029,0.000655,0.000040,-0.000912,0.000114,0.000053,-0.000132,0.000414,0.000000,0.000000,0.000000,-0.000520,-0.001197,0.000256,0.043003,0.005581,0.057192,0.043003,0.005581,0.057192,0.002240,0.000855,-0.000311,0.002240,0.000855,-0.000311,0.001409,-0.010087,0.000021,0.031657,0.003415,0.013218,0.000309,0.001409,-0.010087,0.000021,0.031657,0.003415,0.013218,0.000309
0.630000,0.306458,-0.000221,0.486138,0.306826,-0.000190,0.486794,0.306826,-0.000190,0.486794,0.000368,0.000031,0.000656,0.000039,-0.000914,0.000121,-0.000172,-0.000300,0.000163,0.000000,0.000000,0.000000,-0.000407,-0.000561,-0.001225,0.047592,0.009105,0.062317,0.047592,0.009105,0.062317,0.001786,-0.001059,0.004160,0.001786,-0.001059,0.004160,0.006961,-0.012868,0.004646,0.036578,0.003697,0.016549,-0.004161,0.006961,-0.012868,0.004646,0.036578,0.003697,0.016549,-0.004161
0.631000,0.306458,-0.000221,0.486137,0.306826,-0.000190,0.486794,0.306826,-0.000190,0.486794,0.000368,0.000031,0.000657,0.000036,-0.000918,0.000113,0.000006,-0.000292,-0.000253,0.000000,0.000000,0.000000,0.000696,0.000977,0.001431,0.044000,0.008942,0.070782,0.044000,0.008942,0.070782,-0.002641,-0.005687,-0.003840,-0.002641,-0.005687,-0.003840,-0.001089,-0.020638,0.002079,0.044740,-0.000753,0.021164,0.003843,-0.001089,-0.020638,0.002079,0.044740,-0.000753,0.021164,0.003843
0.632000,0.306458,-0.000220,0.486136,0.306826,-0.000190,0.486794,0.306826,-0.000190,0.486794,0.000368,0.000030,0.000658,0.000037,-0.000918,0.000119,-0.000115,0.000082,-0.000284,0.000000,0.000000,0.000000,0.000081,0.000506,-0.001021,0.046460,0.001367,0.071434,0.046460,0.001367,0.071434,-0.000176,-0.004273,0.003538,-0.000176,-0.004273,0.003538,0.003967,-0.019050,0.003082,0.043951,0.000109,0.020327,-0.003537,0.003967,-0.019050,0.003082,0.043951,0.000109,0.020327,-0.003537
0.633000,0.306459,-0.000218,0.486137,0.306826,-0.000190,0.486794,0.306826,-0.000190,0.486794,0.000367,0.000028,0.000656,0.000043,-0.000916,0.000110,0.000164,0.000579,0.000210,0.000000,0.000000,0.000000,-0.001423,-0.000312,0.001785,0.040801,-0.008804,0.061446,0.040801,-0.008804,0.061446,0.005862,-0.001814,-0.004917,0.005862,-0.001814,-0.004917,-0.007605,-0.014396,-0.010468,0.036050,0.004016,0.015795,0.004913,-0.007605,-0.014396,-0.010468,0.036050,0.004016,0.015795,0.004913
0.634000,0.306459,-0.000219,0.486137,0.306826,-0.000190,0.486794,0.306826,-0.000190,0.486794,0.000368,0.000030,0.000656,0.000040,-0.000917,0.000112,0.000059,-0.000029,0.000119,0.000000,0.000000,0.000000,-0.000416,0.000030,0.000879,0.042917,0.003541,0.063269,0.042917,0.003541,0.063269,0.001824,-0.002840,-0.002190,0.001824,-0.002840,-0.002190,-0.001095,-0.015657,-0.001674,0.038210,0.002573,0.017428,0.002189,-0.001095,-0.015657,-0.001674,0.038210,0.002573,0.017428,0.002189
0.635000,0.306459,-0.000220,0.486137,0.306826,-0.000190,0.486794,0.306826,-0.000190,0.486794,0.000368,0.000031,0.000656,0.000038,-0.000917,0.000120,0.000039,-0.000354,0.000079,0.000000,0.000000,0.000000,0.000404,0.000019,-0.002125,0.043317,0.010154,0.064063,0.043317,0.010154,0.064063,-0.001467,-0.002808,0.006857,-0.001467,-0.002808,0.006857,0.009978,-0.015809,0.009193,0.038603,0.000662,0.017554,-0.006855,0.009978,-0.015809,0.009193,0.038603,0.000662,0.017554,-0.006855
0.636000,0.306458,-0.000220,0.486136,0.306826,-0.000190,0.486794,0.306826,-0.000190,0.486794,0.000368,0.000030,0.000657,0.000041,-0.000920,0.000110,0.000055,0.000103,-0.000168,0.000000,0.000000,0.000000,-0.000831,0.000096,0.001877,0.043077,0.000899,0.069104,0.043077,0.000899,0.069104,0.003486,-0.003048,-0.005189,0.003486,-0.003048,-0.005189,-0.004905,-0.017628,-0.005827,0.041192,0.003682,0.018182,0.005187,-0.004905,-0.017628,-0.005827,0.041192,0.003682,0.018182,0.005187
0.637000,0.306458,-0.000219,0.486136,0.306826,-0.000190,0.486794,0.306826,-0.000190,0.486794,0.000368,0.000029,0.000658,0.000040,-0.000920,0.000116,-0.000149,0.000288,0.000017,0.000000,0.000000,0.000000,-0.000326,-0.000019,-0.000634,0.047190,-0.002854,0.065452,0.047190,-0.002854,0.065452,0.001466,-0.002704,0.002365,0.001466,-0.002704,0.002365,0.001501,-0.015535,-0.000280,0.039653,0.000864,0.018385,-0.002366,0.001501,-0.015535,-0.000280,0.039653,0.000864,0.018385,-0.002366
0.638000,0.306458,-0.000221,0.486137,0.306826,-0.000190,0.486794,0.306826,-0.000190,0.486794,0.000368,0.000032,0.000656,0.000038,-0.000916,0.000121,-0.000028,-0.000422,0.000274,0.000000,0.000000,0.000000,0.000393,-0.000570,-0.001356,0.044711,0.011591,0.060156,0.044711,0.011591,0.060156,-0.001421,-0.001041,0.004553,-0.001421,-0.001041,0.004553,0.008115,-0.012631,0.008000,0.035171,0.001013,0.015736,-0.004552,0.008115,-0.012631,0.008000,0.035171,0.001013,0.015736,-0.004552
0.639000,0.306458,-0.000220,0.486137,0.306826,-0.000190,0.486794,0.306826,-0.000190,0.486794,0.000368,0.000030,0.000657,0.000038,-0.000917,0.000114,-0.000005,-0.000189,-0.000251,0.000000,0.000000,0.000000,0.000700,0.000734,0.000316,0.044270,0.006802,0.070690,0.044270,0.006802,0.070690,-0.002646,-0.004953,-0.000490,-0.002646,-0.004953,-0.000490,0.001604,-0.019838,0.003751,0.044000,-0.001213,0.020480,0.000494,0.001604,-0.019838,0.003751,0.044000,-0.001213,0.020480,0.000494
0.640000,0.306458,-0.000219,0.486135,0.306826,-0.000190,0.486794,0.306826,-0.000190,0.486794,0.000368,0.000029,0.000659,0.000039,-0.000922,0.000116,-0.000086,0.000212,-0.000474,0.000000,0.000000,0.000000,-0.000201,0.001139,-0.000231,0.045936,-0.001295,0.075380,0.045936,-0.001295,0.075380,0.000962,-0.006183,0.001160,0.000962,-0.006183,0.001160,0.000773,-0.022250,-0.000268,0.047657,0.000690,0.022472,-0.001159,0.000773,-0.022250,-0.000268,0.047657,0.000690,0.022472,-0.001159
0.641000,0.306458,-0.000220,0.486136,0.306826,-0.000190,0.486794,0.306826,-0.000190,0.486794,0.000368,0.000030,0.000657,0.000040,-0.000917,0.000113,-0.000178,-0.000080,0.000046,0.000000,0.000000,0.000000,-0.000373,-0.000591,0.001019,0.047784,0.004616,0.064812,0.047784,0.004616,0.064812,0.001651,-0.000978,-0.002604,0.001651,-0.000978,-0.002604,-0.001179,-0.013521,-0.001493,0.037700,0.002626,0.016726,0.002603,-0.001179,-0.013521,-0.001493,0.037700,0.002626,0.016726,0.002603
0.642000,0.306460,-0.000220,0.486137,0.306826,-0.000190,0.486794,0.306826,-0.000190,0.486794,0.000367,0.000030,0.000657,0.000040,-0.000918,0.000115,0.000463,-0.000022,0.000152,0.000000,0.000000,0.000000,-0.000408,0.000163,0.000151,0.034741,0.003457,0.062641,0.034741,0.003457,0.062641,0.001791,-0.003243,0.000006,0.001791,-0.003243,0.000006,0.001073,-0.017117,-0.000130,0.037264,0.002519,0.016056,-0.000006,0.001073,-0.017117,-0.000130,0.037264,0.002519,0.016056,-0.000006
0.643000,0.306459,-0.000220,0.486137,0.306826,-0.000190,0.486794,0.306826,-0.000190,0.486794,0.000367,0.000030,0.000657,0.000040,-0.000919,0.000118,0.000259,-0.000047,0.000080,0.000000,0.000000,0.000000,-0.000117,0.000345,-0.001101,0.038839,0.003961,0.064073,0.038839,0.003961,0.064073,0.000628,-0.003793,0.003775,0.000628,-0.003793,0.003775,0.004998,-0.017480,0.003521,0.039017,0.001457,0.017596,-0.003775,0.004998,-0.017480,0.003521,0.039017,0.001457,0.017596,-0.003775
0.644000,0.306459,-0.000219,0.486137,0.306826,-0.000190,0.486794,0.306826,-0.000190,0.486794,0.000368,0.000029,0.000657,0.000041,-0.000918,0.000116,-0.000105,0.000551,-0.000081,0.000000,0.000000,0.000000,-0.000630,-0.000100,0.000847,0.046212,-0.008105,0.067346,0.046212,-0.008105,0.067346,0.002686,-0.002455,-0.002077,0.002686,-0.002455,-0.002077,-0.004552,-0.016017,-0.005988,0.040172,0.000984,0.018095,0.002076,-0.004552,-0.016017,-0.005988,0.040172,0.000984,0.018095,0.002076
0.645000,0.306459,-0.000221,0.486135,0.306826,-0.000190,0.486794,0.306826,-0.000190,0.486794,0.000367,0.000031,0.000658,0.000038,-0.000922,0.000121,0.000064,-0.000756,-0.000445,0.000000,0.000000,0.000000,0.001222,0.001377,-0.002280,0.042780,0.018264,0.074736,0.042780,0.018264,0.074736,-0.004737,-0.006897,0.007326,-0.004737,-0.006897,0.007326,0.012933,-0.023256,0.014474,0.047660,-0.000902,0.022468,-0.007321,0.012933,-0.023256,0.014474,0.047660,-0.000902,0.022468,-0.007321
0.646000,0.306459,-0.000219,0.486139,0.306826,-0.000190,0.486794,0.306826,-0.000190,0.486794,0.000368,0.000029,0.000655,0.000042,-0.000911,0.000113,-0.000069,0.000207,0.000982,0.000000,0.000000,0.000000,-0.000278,-0.002990,0.001047,0.045485,-0.001258,0.045819,0.045485,-0.001258,0.045819,0.001279,0.006238,-0.002691,0.001279,0.006238,-0.002691,-0.003067,-0.000840,-0.003202,0.021225,0.001016,0.007358,0.002688,-0.003067,-0.000840,-0.003202,0.021225,0.001016,0.007358,0.002688
0.647000,0.306459,-0.000221,0.486137,0.306826,-0.000190,0.486794,0.306826,-0.000190,0.486794,0.000367,0.000031,0.000657,0.000041,-0.000919,0.000118,0.000038,-0.000023,-0.000162,0.000000,0.000000,0.000000,0.000512,0.000708,-0.000032,0.043308,0.003585,0.068938,0.043308,0.003585,0.068938,-0.001883,-0.004881,0.000569,-0.001883,-0.004881,0.000569,0.001678,-0.019376,0.002914,0.042977,-0.001128,0.020052,-0.000566,0.001678,-0.019376,0.002914,0.042977,-0.001128,0.020052,-0.000566
0.648000,0.306459,-0.000220,0.486138,0.306826,-0.000190,0.486794,0.306826,-0.000190,0.486794,0.000367,0.000031,0.000656,0.000039,-0.000915,0.000116,0.000062,-0.000015,0.000346,0.000000,0.000000,0.000000,0.000341,-0.000879,0.000250,0.042826,0.003366,0.058636,0.042826,0.003366,0.058636,-0.001208,-0.000108,-0.000284,-0.001208,-0.000108,-0.000284,0.000756,-0.011520,0.001761,0.033280,-0.000500,0.014272,0.000285,0.000756,-0.011520,0.001761,0.033280,-0.000500,0.014272,0.000285
0.649000,0.306458,-0.000219,0.486138,0.306826,-0.000190,0.486794,0.306826,-0.000190,0.486794,0.000368,0.000029,0.000655,0.000042,-0.000913,0.000111,-0.000201,0.000513,0.000310,0.000000,0.000000,0.000000,-0.001259,-0.001142,0.001649,0.048158,-0.007375,0.059348,0.048158,-0.007375,0.059348,0.005204,0.000688,-0.004502,0.005204,0.000688,-0.004502,-0.006752,-0.010124,-0.009246,0.033503,0.003658,0.014658,0.004498,-0.006752,-0.010124,-0.009246,0.033503,0.003658,0.014658,0.004498
0.650000,0.306459,-0.000221,0.486138,0.306826,-0.000190,0.486794,0.306826,-0.000190,0.486794,0.000368,0.000031,0.000656,0.000038,-0.000915,0.000121,-0.000049,-0.000352,0.000036,0.000000,0.000000,0.000000,0.000646,-0.000205,-0.001449,0.045093,0.010179,0.064879,0.045093,0.010179,0.064879,-0.002434,-0.002128,0.004830,-0.002434,-0.002128,0.004830,0.007960,-0.015107,0.008455,0.038537,-0.000297,0.017319,-0.004828,0.007960,-0.015107,0.008455,0.038537,-0.000297,0.017319,-0.004828
0.651000,0.306459,-0.000221,0.486140,0.306826,-0.000190,0.486794,0.306826,-0.000190,0.486794,0.000367,0.000031,0.000654,0.000038,-0.000910,0.000117,0.000172,-0.000285,0.000614,0.000000,0.000000,0.000000,0.000193,-0.001580,0.000018,0.040596,0.008805,0.053135,0.040596,0.008805,0.053135,-0.000621,0.002010,0.000413,-0.000621,0.002010,0.000413,0.003120,-0.008059,0.003604,0.028279,0.001230,0.011201,-0.000413,0.003120,-0.008059,0.003604,0.028279,0.001230,0.011201,-0.000413
0.652000,0.306459,-0.000222,0.486138,0.306826,-0.000190,0.486794,0.306826,-0.000190,0.486794,0.000367,0.000033,0.000656,0.000036,-0.000915,0.000123,0.000066,-0.000520,-0.000089,0.000000,0.000000,0.000000,0.000761,0.000390,-0.001506,0.042729,0.013656,0.067339,0.042729,0.013656,0.067339,-0.002897,-0.003914,0.005009,-0.002897,-0.003914,0.005009,0.009204,-0.018010,0.010038,0.041180,-0.000029,0.018823,-0.005006,0.009204,-0.018010,0.010038,0.041180,-0.000029,0.018823,-0.005006
0.653000,0.306458,-0.000219,0.486136,0.306826,-0.000190,0.486794,0.306826,-0.000190,0.486794,0.000369,0.000029,0.000658,0.000042,-0.000919,0.000115,-0.000352,0.000596,-0.000550,0.000000,0.000000,0.000000,-0.000741,0.000910,0.001448,0.051277,-0.008999,0.076813,0.051277,-0.008999,0.076813,0.003130,-0.005486,-0.003885,0.003130,-0.005486,-0.003885,-0.006633,-0.021174,-0.007870,0.048322,0.001244,0.023023,0.003884,-0.006633,-0.021174,-0.007870,0.048322,0.001244,0.023023,0.003884
0.654000,0.306459,-0.000221,0.486138,0.306826,-0.000190,0.486794,0.306826,-0.000190,0.486794,0.000367,0.000031,0.000656,0.000039,-0.000913,0.000111,0.000210,-0.000215,0.000622,0.000000,0.000000,0.000000,0.000123,-0.001487,0.000777,0.039886,0.007402,0.053109,0.039886,0.007402,0.053109,-0.000336,0.001720,-0.001888,-0.000336,0.001720,-0.001888,0.000389,-0.008449,0.001322,0.028466,0.001222,0.011339,0.001888,0.000389,-0.008449,0.001322,0.028466,0.001222,0.011339,0.001888
0.655000,0.306459,-0.000220,0.486136,0.306826,-0.000190,0.486794,0.306826,-0.000190,0.486794,0.000367,0.000030,0.000657,0.000039,-0.000917,0.000117,0.000213,0.000117,-0.000472,0.000000,0.000000,0.000000,-0.000141,0.001057,-0.000753,0.039773,0.000663,0.075165,0.039773,0.000663,0.075165,0.000722,-0.005924,0.002724,0.000722,-0.005924,0.002724,0.002936,-0.022869,0.001641,0.046503,0.000859,0.020897,-0.002723,0.002936,-0.022869,0.001641,0.046503,0.000859,0.020897,-0.002723
0.656000,0.306459,-0.000220,0.486139,0.306826,-0.000190,0.486794,0.306826,-0.000190,0.486794,0.000367,0.000030,0.000654,0.000040,-0.000911,0.000115,0.000019,-0.000121,0.000551,0.000000,0.000000,0.000000,-0.000094,-0.001106,-0.000168,0.043682,0.005419,0.054408,0.043682,0.005419,0.054408,0.000538,0.000585,0.000963,0.000538,0.000585,0.000963,0.002634,-0.009401,0.002074,0.030701,0.001677,0.013387,-0.000964,0.002634,-0.009401,0.002074,0.030701,0.001677,0.013387,-0.000964
0.657000,0.306458,-0.000221,0.486139,0.306826,-0.000190,0.486794,0.306826,-0.000190,0.486794,0.000368,0.000031,0.000655,0.000039,-0.000911,0.000120,-0.000327,-0.000185,0.000168,0.000000,0.000000,0.000000,-0.000044,-0.000738,-0.000667,0.050722,0.006845,0.062127,0.050722,0.006845,0.062127,0.000333,-0.000520,0.002479,0.000333,-0.000520,0.002479,0.004588,-0.011791,0.003753,0.036351,0.001771,0.016653,-0.002479,0.004588,-0.011791,0.003753,0.036351,0.001771,0.016653,-0.002479
0.658000,0.306458,-0.000219,0.486138,0.306826,-0.000190,0.486794,0.306826,-0.000190,0.486794,0.000368,0.000029,0.000656,0.000040,-0.000914,0.000114,-0.000140,0.000703,-0.000329,0.000000,0.000000,0.000000,-0.000443,0.000477,0.001046,0.046945,-0.011183,0.072193,0.046945,-0.011183,0.072193,0.001932,-0.004173,-0.002681,0.001932,-0.004173,-0.002681,-0.006099,-0.019110,-0.006880,0.044274,-0.000416,0.020394,0.002681,-0.006099,-0.019110,-0.006880,0.044274,-0.000416,0.020394,0.002681
0.659000,0.306458,-0.000220,0.486139,0.306826,-0.000190,0.486794,0.306826,-0.000190,0.486794,0.000368,0.000030,0.000654,0.000040,-0.000911,0.000111,0.000085,-0.000144,0.000115,0.000000,0.000000,0.000000,0.000323,-0.000001,0.001018,0.042430,0.005858,0.063153,0.042430,0.005858,0.063153,-0.001132,-0.002730,-0.002608,-0.001132,-0.002730,-0.002608,-0.000804,-0.015586,0.000876,0.037983,0.000104,0.017206,0.002610,-0.000804,-0.015586,0.000876,0.037983,0.000104,0.017206,0.002610
0.660000,0.306458,-0.000219,0.486136,0.306826,-0.000190,0.486794,0.306826,-0.000190,0.486794,0.000368,0.000030,0.000657,0.000040,-0.000918,0.000117,-0.000220,0.000115,-0.000776,0.000000,0.000000,0.000000,-0.000246,0.002000,-0.000829,0.048595,0.000652,0.081275,0.048595,0.000652,0.081275,0.001142,-0.008753,0.002955,0.001142,-0.008753,0.002955,0.003165,-0.026221,0.001504,0.053350,0.001278,0.026120,-0.002953,0.003165,-0.026221,0.001504,0.053350,0.001278,0.026120,-0.002953
0.661000,0.306458,-0.000220,0.486138,0.306826,-0.000190,0.486794,0.306826,-0.000190,0.486794,0.000368,0.000030,0.000656,0.000038,-0.000915,0.000111,0.000008,-0.000085,0.000052,0.000000,0.000000,0.000000,0.000535,0.000127,0.001429,0.043969,0.004706,0.064557,0.043969,0.004706,0.064557,-0.001990,-0.003126,-0.003844,-0.001990,-0.003126,-0.003844,-0.002392,-0.016178,0.000237,0.039240,-0.000994,0.018050,0.003846,-0.002392,-0.016178,0.000237,0.039240,-0.000994,0.018050,0.003846
0.662000,0.306458,-0.000220,0.486138,0.306826,-0.000190,0.486794,0.306826,-0.000190,0.486794,0.000368,0.000030,0.000655,0.000037,-0.000914,0.000116,-0.000080,0.000114,0.000205,0.000000,0.000000,0.000000,0.000355,-0.000473,0.000052,0.045756,0.000748,0.061442,0.045756,0.000748,0.061442,-0.001272,-0.001323,0.000309,-0.001272,-0.001323,0.000309,0.000548,-0.013146,0.001375,0.036196,-0.001114,0.016351,-0.000308,0.000548,-0.013146,0.001375,0.036196,-0.001114,0.016351,-0.000308
0.663000,0.306458,-0.000220,0.486140,0.306826,-0.000190,0.486794,0.306826,-0.000190,0.486794,0.000368,0.000031,0.000653,0.000040,-0.000907,0.000119,-0.000067,-0.000147,0.000811,0.000000,0.000000,0.000000,-0.000665,-0.002553,-0.001366,0.045499,0.005996,0.049122,0.045499,0.005996,0.049122,0.002821,0.004938,0.004573,0.002821,0.004938,0.004573,0.006421,-0.003149,0.003196,0.024084,0.004076,0.008952,-0.004577,0.006421,-0.003149,0.003196,0.024084,0.004076,0.008952,-0.004577
0.664000,0.306459,-0.000221,0.486138,0.306826,-0.000190,0.486794,0.306826,-0.000190,0.486794,0.000367,0.000032,0.000656,0.000035,-0.000914,0.000118,0.000154,-0.000450,-0.000263,0.000000,0.000000,0.000000,0.001104,0.000618,-0.000848,0.041020,0.012159,0.070836,0.041020,0.012159,0.070836,-0.004272,-0.004596,0.003016,-0.004272,-0.004596,0.003016,0.006750,-0.020026,0.009116,0.043294,-0.001717,0.019453,-0.003011,0.006750,-0.020026,0.009116,0.043294,-0.001717,0.019453,-0.003011
0.665000,0.306458,-0.000219,0.486137,0.306826,-0.000190,0.486794,0.306826,-0.000190,0.486794,0.000368,0.000030,0.000657,0.000040,-0.000917,0.000116,-0.000104,0.000326,-0.000288,0.000000,0.000000,0.000000,-0.000764,0.000649,0.000002,0.046280,-0.003560,0.071480,0.046280,-0.003560,0.071480,0.003215,-0.004699,0.000459,0.003215,-0.004699,0.000459,-0.000622,-0.019517,-0.003094,0.044375,0.002467,0.020717,-0.000460,-0.000622,-0.019517,-0.003094,0.044375,0.002467,0.020717,-0.000460
0.666000,0.306458,-0.000221,0.486138,0.306826,-0.000190,0.486794,0.306826,-0.000190,0.486794,0.000368,0.000032,0.000656,0.000038,-0.000914,0.000120,-0.000048,-0.000225,0.000050,0.000000,0.000000,0.000000,0.000108,0.000113,-0.000613,0.045132,0.007647,0.064582,0.045132,0.007647,0.064582,-0.000278,-0.003084,0.002320,-0.000278,-0.003084,0.002320,0.004674,-0.015964,0.004334,0.039357,0.001329,0.018255,-0.002319,0.004674,-0.015964,0.004334,0.039357,0.001329,0.018255,-0.002319
0.667000,0.306458,-0.000220,0.486139,0.306826,-0.000190,0.486794,0.306826,-0.000190,0.486794,0.000369,0.000030,0.000655,0.000037,-0.000911,0.000115,-0.000238,0.000114,0.000161,0.000000,0.000000,0.000000,0.000513,-0.000811,0.000894,0.049002,0.000757,0.062298,0.049002,0.000757,0.062298,-0.001905,-0.000300,-0.002221,-0.001905,-0.000300,-0.002221,-0.001979,-0.011887,0.000040,0.035993,-0.001742,0.016085,0.002223,-0.001979,-0.011887,0.000040,0.035993,-0.001742,0.016085,0.002223
0.668000,0.306459,-0.000220,0.486139,0.306826,-0.000190,0.486794,0.306826,-0.000190,0.486794,0.000368,0.000030,0.000655,0.000038,-0.000911,0.000118,0.000302,-0.000017,0.000591,0.000000,0.000000,0.000000,-0.000100,-0.001335,-0.000625,0.038059,0.003388,0.053658,0.038059,0.003388,0.053658,0.000553,0.001273,0.002346,0.000553,0.001273,0.002346,0.003393,-0.009343,0.002378,0.028937,0.001263,0.011451,-0.002347,0.003393,-0.009343,0.002378,0.028937,0.001263,0.011451,-0.002347
0.669000,0.306458,-0.000221,0.486138,0.306826,-0.000190,0.486794,0.306826,-0.000190,0.486794,0.000368,0.000031,0.000655,0.000042,-0.000912,0.000112,-0.000031,-0.000054,0.000265,0.000000,0.000000,0.000000,-0.000269,-0.000652,0.001551,0.044827,0.004203,0.060233,0.044827,0.004203,0.060233,0.001242,-0.000781,-0.004203,0.001242,-0.000781,-0.004203,-0.002906,-0.012375,-0.002469,0.034963,0.002132,0.015504,0.004203,-0.002906,-0.012375,-0.002469,0.034963,0.002132,0.015504,0.004203
0.670000,0.306458,-0.000221,0.486139,0.306826,-0.000190,0.486794,0.306826,-0.000190,0.486794,0.000368,0.000031,0.000655,0.000040,-0.000913,0.000121,0.000114,-0.000049,-0.000214,0.000000,0.000000,0.000000,-0.000389,0.001009,-0.001099,0.041885,0.004124,0.069769,0.041885,0.004124,0.069769,0.001720,-0.005764,0.003780,0.001720,-0.005764,0.003780,0.005052,-0.020728,0.002802,0.044066,0.002584,0.020707,-0.003779,0.005052,-0.020728,0.002802,0.044066,0.002584,0.020707,-0.003779
0.671000,0.306458,-0.000221,0.486139,0.306826,-0.000190,0.486794,0.306826,-0.000190,0.486794,0.000368,0.000031,0.000655,0.000037,-0.000911,0.000121,-0.000130,0.000116,-0.000015,0.000000,0.000000,0.000000,0.000594,-0.000215,-0.000567,0.046805,0.000788,0.065766,0.046805,0.000788,0.065766,-0.002226,-0.002087,0.002185,-0.002226,-0.002087,0.002185,0.002437,-0.015074,0.003390,0.039136,-0.002062,0.017716,-0.002183,0.002437,-0.015074,0.003390,0.039136,-0.002062,0.017716,-0.002183
0.672000,0.306458,-0.000220,0.486138,0.306826,-0.000190,0.486794,0.306826,-0.000190,0.486794,0.000368,0.000030,0.000656,0.000038,-0.000915,0.000116,0.000170,0.000205,-0.000117,0.000000,0.000000,0.000000,0.000193,0.000507,0.000654,0.040739,-0.001096,0.067948,0.040739,-0.001096,0.067948,-0.000621,-0.004265,-0.001497,-0.000621,-0.004265,-0.001497,-0.001824,-0.018849,-0.000959,0.041564,-0.000849,0.018807,0.001499,-0.001824,-0.018849,-0.000959,0.041564,-0.000849,0.018807,0.001499
0.673000,0.306458,-0.000221,0.486138,0.306826,-0.000190,0.486794,0.306826,-0.000190,0.486794,0.000369,0.000031,0.000656,0.000039,-0.000914,0.000120,-0.000165,-0.000127,-0.000454,0.000000,0.000000,0.000000,-0.000312,0.001132,-0.000595,0.047550,0.005658,0.074663,0.047550,0.005658,0.074663,0.001404,-0.006137,0.002267,0.001404,-0.006137,0.002267,0.004012,-0.021737,0.002460,0.047479,0.002594,0.022703,-0.002267,0.004012,-0.021737,0.002460,0.047479,0.002594,0.022703,-0.002267
0.674000,0.306458,-0.000221,0.486137,0.306826,-0.000190,0.486794,0.306826,-0.000190,0.486794,0.000368,0.000031,0.000657,0.000039,-0.000915,0.000120,0.000075,-0.000150,-0.000431,0.000000,0.000000,0.000000,-0.000227,0.000837,-0.000670,0.042644,0.006104,0.074277,0.042644,0.006104,0.074277,0.001063,-0.005256,0.002489,0.001063,-0.005256,0.002489,0.004368,-0.021488,0.003000,0.045785,0.002345,0.020755,-0.002488,0.004368,-0.021488,0.003000,0.045785,0.002345,0.020755,-0.002488
0.675000,0.306456,-0.000221,0.486138,0.306826,-0.000190,0.486794,0.306826,-0.000190,0.486794,0.000370,0.000031,0.000656,0.000039,-0.000914,0.000120,-0.000439,-0.000100,0.000096,0.000000,0.000000,0.000000,-0.000152,-0.000875,-0.000684,0.053161,0.005081,0.063651,0.053161,0.005081,0.063651,0.000762,-0.000117,0.002531,0.000762,-0.000117,0.002531,0.004100,-0.011480,0.002916,0.036979,0.001829,0.016896,-0.002532,0.004100,-0.011480,0.002916,0.036979,0.001829,0.016896,-0.002532
0.676000,0.306457,-0.000221,0.486140,0.306826,-0.000190,0.486794,0.306826,-0.000190,0.486794,0.000369,0.000031,0.000654,0.000037,-0.000910,0.000116,0.000033,-0.000278,0.000292,0.000000,0.000000,0.000000,0.000360,-0.000676,0.000577,0.043593,0.008695,0.059580,0.043593,0.008695,0.059580,-0.001289,-0.000701,-0.001265,-0.001289,-0.000701,-0.001265,0.001409,-0.012286,0.002858,0.034418,0.000542,0.015109,0.001266,0.001409,-0.012286,0.002858,0.034418,0.000542,0.015109,0.001266
0.677000,0.306457,-0.000219,0.486140,0.306826,-0.000190,0.486794,0.306826,-0.000190,0.486794,0.000369,0.000030,0.000654,0.000039,-0.000908,0.000116,0.000022,0.000395,0.000195,0.000000,0.000000,0.000000,-0.000221,-0.000451,0.000558,0.043798,-0.004949,0.061499,0.043798,-0.004949,0.061499,0.001040,-0.001372,-0.001210,0.001040,-0.001372,-0.001210,-0.002717,-0.013512,-0.003185,0.036021,0.000001,0.015992,0.001210,-0.002717,-0.013512,-0.003185,0.036021,0.000001,0.015992,0.001210
0.678000,0.306459,-0.000220,0.486138,0.306826,-0.000190,0.486794,0.306826,-0.000190,0.486794,0.000367,0.000030,0.000655,0.000043,-0.000912,0.000117,0.000306,-0.000018,-0.000195,0.000000,0.000000,0.000000,-0.000983,0.000397,-0.000678,0.037968,0.003335,0.069450,0.037968,0.003335,0.069450,0.004102,-0.003929,0.002504,0.004102,-0.003929,0.002504,0.003534,-0.019396,-0.000040,0.041578,0.004801,0.018019,-0.002506,0.003534,-0.019396,-0.000040,0.041578,0.004801,0.018019,-0.002506
0.679000,0.306458,-0.000219,0.486137,0.306826,-0.000190,0.486794,0.306826,-0.000190,0.486794,0.000369,0.000029,0.000656,0.000042,-0.000914,0.000111,-0.000109,0.000220,-0.000047,0.000000,0.000000,0.000000,-0.000056,-0.000113,0.002328,0.046408,-0.001448,0.066588,0.046408,-0.001448,0.066588,0.000390,-0.002402,-0.006540,0.000390,-0.002402,-0.006540,-0.006973,-0.015702,-0.005350,0.039788,0.000094,0.018017,0.006540,-0.006973,-0.015702,-0.005350,0.039788,0.000094,0.018017,0.006540
0.680000,0.306458,-0.000219,0.486139,0.306826,-0.000190,0.486794,0.306826,-0.000190,0.486794,0.000369,0.000029,0.000654,0.000042,-0.000910,0.000115,-0.000051,0.000207,0.000211,0.000000,0.000000,0.000000,-0.000196,-0.000395,-0.000342,0.045255,-0.001254,0.061233,0.045255,-0.001254,0.061233,0.000951,-0.001543,0.001484,0.000951,-0.001543,0.001484,0.001110,-0.013377,-0.000018,0.036252,0.000686,0.016446,-0.001485,0.001110,-0.013377,-0.000018,0.036252,0.000686,0.016446,-0.001485
0.681000,0.306458,-0.000220,0.486140,0.306826,-0.000190,0.486794,0.306826,-0.000190,0.486794,0.000368,0.000030,0.000653,0.000041,-0.000906,0.000116,0.000143,-0.000061,0.000925,0.000000,0.000000,0.000000,-0.000131,-0.002535,-0.000369,0.041319,0.004219,0.046836,0.041319,0.004219,0.046836,0.000686,0.004888,0.001571,0.000686,0.004888,0.001571,0.002874,-0.003140,0.002009,0.022520,0.001571,0.007922,-0.001573,0.002874,-0.003140,0.002009,0.022520,0.001571,0.007922,-0.001573
0.682000,0.306459,-0.000218,0.486139,0.306826,-0.000190,0.486794,0.306826,-0.000190,0.486794,0.000367,0.000028,0.000655,0.000041,-0.000912,0.000108,0.000367,0.000269,-0.000401,0.000000,0.000000,0.000000,0.000071,0.001280,0.002108,0.036733,-0.002526,0.073532,0.036733,-0.002526,0.073532,-0.000120,-0.006574,-0.005892,-0.000120,-0.006574,-0.005892,-0.006657,-0.023482,-0.004879,0.045992,-0.000643,0.020762,0.005894,-0.006657,-0.023482,-0.004879,0.045992,-0.000643,0.020762,0.005894
0.683000,0.306457,-0.000220,0.486141,0.306826,-0.000190,0.486794,0.306826,-0.000190,0.486794,0.000369,0.000030,0.000653,0.000038,-0.000906,0.000118,-0.000268,-0.000153,0.000378,0.000000,0.000000,0.000000,0.000743,-0.000722,-0.001577,0.049617,0.006048,0.057715,0.049617,0.006048,0.057715,-0.002820,-0.000552,0.005205,-0.002820,-0.000552,0.005205,0.007069,-0.010642,0.007651,0.034161,-0.001553,0.016067,-0.005202,0.007069,-0.010642,0.007651,0.034161,-0.001553,0.016067,-0.005202
0.684000,0.306458,-0.000220,0.486140,0.306826,-0.000190,0.486794,0.306826,-0.000190,0.486794,0.000368,0.000031,0.000654,0.000039,-0.000908,0.000117,0.000106,-0.000472,-0.000076,0.000000,0.000000,0.000000,0.000496,0.000251,-0.001037,0.042043,0.012486,0.066881,0.042043,0.012486,0.066881,-0.001829,-0.003475,0.003579,-0.001829,-0.003475,0.003579,0.007415,-0.017535,0.007892,0.040437,0.000794,0.018200,-0.003577,0.007415,-0.017535,0.007892,0.040437,0.000794,0.018200,-0.003577
0.685000,0.306457,-0.000220,0.486140,0.306826,-0.000190,0.486794,0.306826,-0.000190,0.486794,0.000369,0.000030,0.000654,0.000038,-0.000907,0.000118,-0.000128,0.000189,0.000080,0.000000,0.000000,0.000000,0.000311,-0.000754,0.000179,0.046832,-0.000750,0.063819,0.046832,-0.000750,0.063819,-0.001093,-0.000460,-0.000067,-0.001093,-0.000460,-0.000067,-0.000287,-0.012846,0.000498,0.036593,-0.001251,0.015922,0.000068,-0.000287,-0.012846,0.000498,0.036593,-0.001251,0.015922,0.000068
0.686000,0.306457,-0.000220,0.486140,0.306826,-0.000190,0.486794,0.306826,-0.000190,0.486794,0.000369,0.000030,0.000654,0.000042,-0.000909,0.000118,-0.000107,0.000164,-0.000162,0.000000,0.000000,0.000000,-0.000865,0.000563,-0.000233,0.046397,-0.000298,0.068651,0.046397,-0.000298,0.068651,0.003630,-0.004415,0.001171,0.003630,-0.004415,0.001171,0.001089,-0.018348,-0.001826,0.042771,0.003567,0.020209,-0.001172,0.001089,-0.018348,-0.001826,0.042771,0.003567,0.020209,-0.001172
0.687000,0.306459,-0.000219,0.486140,0.306826,-0.000190,0.486794,0.306826,-0.000190,0.486794,0.000367,0.000029,0.000653,0.000041,-0.000908,0.000111,0.000233,0.000202,0.000283,0.000000,0.000000,0.000000,-0.000135,-0.000418,0.001574,0.039437,-0.001160,0.059675,0.039437,-0.001160,0.059675,0.000706,-0.001468,-0.004278,0.000706,-0.001468,-0.004278,-0.004624,-0.013716,-0.003884,0.034696,0.000467,0.015009,0.004278,-0.004624,-0.013716,-0.003884,0.034696,0.000467,0.015009,0.004278
0.688000,0.306459,-0.000220,0.486139,0.306826,-0.000190,0.486794,0.306826,-0.000190,0.486794,0.000367,0.000030,0.000655,0.000038,-0.000911,0.000119,0.000214,-0.000257,-0.000265,0.000000,0.000000,0.000000,0.000763,0.000656,-0.001295,0.039779,0.008185,0.070784,0.039779,0.008185,0.070784,-0.002903,-0.004700,0.004358,-0.002903,-0.004700,0.004358,0.006875,-0.020302,0.007806,0.043213,-0.001186,0.019291,-0.004355,0.006875,-0.020302,0.007806,0.043213,-0.001186,0.019291,-0.004355
0.689000,0.306457,-0.000218,0.486139,0.306826,-0.000190,0.486794,0.306826,-0.000190,0.486794,0.000369,0.000028,0.000654,0.000044,-0.000909,0.000105,-0.000377,0.000376,-0.000206,0.000000,0.000000,0.000000,-0.001225,0.000297,0.003070,0.051820,-0.004708,0.069562,0.051820,-0.004708,0.069562,0.005076,-0.003618,-0.008789,0.005076,-0.003618,-0.008789,-0.010221,-0.016999,-0.011317,0.043100,0.004097,0.020630,0.008786,-0.010221,-0.016999,-0.011317,0.043100,0.004097,0.020630,0.008786
0.690000,0.306458,-0.000219,0.486140,0.306826,-0.000190,0.486794,0.306826,-0.000190,0.486794,0.000368,0.000029,0.000654,0.000042,-0.000907,0.000112,0.000012,-0.000051,-0.000001,0.000000,0.000000,0.000000,-0.000186,-0.000311,-0.000124,0.043951,0.003908,0.065391,0.043951,0.003908,0.065391,0.000915,-0.001787,0.000819,0.000915,-0.001787,0.000819,0.002026,-0.015095,0.001214,0.038290,0.001736,0.016780,-0.000819,0.002026,-0.015095,0.001214,0.038290,0.001736,0.016780,-0.000819
0.691000,0.306458,-0.000219,0.486139,0.306826,-0.000190,0.486794,0.306826,-0.000190,0.486794,0.000368,0.000029,0.000654,0.000042,-0.000910,0.000117,0.000001,0.000069,-0.000244,0.000000,0.000000,0.000000,-0.000078,0.000951,-0.001230,0.044190,0.001538,0.070327,0.044190,0.001538,0.070327,0.000481,-0.005581,0.004159,0.000481,-0.005581,0.004159,0.004640,-0.020366,0.003110,0.044445,0.000801,0.021060,-0.004158,0.004640,-0.020366,0.003110,0.044445,0.000801,0.021060,-0.004158
0.692000,0.306458,-0.000220,0.486140,0.306826,-0.000190,0.486794,0.306826,-0.000190,0.486794,0.000368,0.000030,0.000654,0.000044,-0.000906,0.000115,0.000312,0.000189,0.000472,0.000000,0.000000,0.000000,-0.001143,-0.001318,0.000603,0.037878,-0.000809,0.055911,0.037878,-0.000809,0.055911,0.004750,0.001236,-0.001350,0.004750,0.001236,-0.001350,-0.001588,-0.010096,-0.004565,0.030012,0.004581,0.011645,0.001346,-0.001588,-0.010096,-0.004565,0.030012,0.004581,0.011645,0.001346
0.693000,0.306457,-0.000221,0.486139,0.306826,-0.000190,0.486794,0.306826,-0.000190,0.486794,0.000369,0.000031,0.000654,0.000039,-0.000909,0.000122,-0.000132,-0.000198,0.000142,0.000000,0.000000,0.000000,0.000723,-0.000134,-0.001652,0.046896,0.007049,0.062610,0.046896,0.007049,0.062610,-0.002735,-0.002327,0.005443,-0.002735,-0.002327,0.005443,0.007613,-0.014333,0.008084,0.037896,-0.001257,0.017698,-0.005440,0.007613,-0.014333,0.008084,0.037896,-0.001257,0.017698,-0.005440
0.694000,0.306458,-0.000221,0.486141,0.306826,-0.000190,0.486794,0.306826,-0.000190,0.486794,0.000368,0.000031,0.000653,0.000040,-0.000906,0.000118,0.000202,-0.000182,0.000247,0.000000,0.000000,0.000000,0.000245,-0.000597,0.000357,0.040084,0.006757,0.060371,0.040084,0.006757,0.060371,-0.000823,-0.000925,-0.000601,-0.000823,-0.000925,-0.000601,0.001478,-0.013288,0.002366,0.034564,0.000599,0.014664,0.000602,0.001478,-0.013288,0.002366,0.034564,0.000599,0.014664,0.000602
0.695000,0.306458,-0.000221,0.486140,0.306826,-0.000190,0.486794,0.306826,-0.000190,0.486794,0.000368,0.000031,0.000654,0.000039,-0.000909,0.000118,0.000079,-0.000204,-0.000337,0.000000,0.000000,0.000000,0.000420,0.001079,0.000099,0.042546,0.007235,0.072156,0.042546,0.007235,0.072156,-0.001526,-0.005967,0.000175,-0.001526,-0.005967,0.000175,0.002402,-0.021564,0.003570,0.045482,-0.000003,0.021259,-0.000173,0.002402,-0.021564,0.003570,0.045482,-0.000003,0.021259,-0.000173
0.696000,0.306458,-0.000220,0.486137,0.306826,-0.000190,0.486794,0.306826,-0.000190,0.486794,0.000369,0.000030,0.000657,0.000040,-0.000915,0.000117,-0.000140,0.000118,-0.000771,0.000000,0.000000,0.000000,0.000024,0.002070,-0.000221,0.047033,0.000653,0.081097,0.047033,0.000653,0.081097,0.000063,-0.008958,0.001132,0.000063,-0.008958,0.001132,0.001342,-0.026610,0.000982,0.053270,0.000202,0.025980,-0.001129,0.001342,-0.026610,0.000982,0.053270,0.000202,0.025980,-0.001129
0.697000,0.306458,-0.000220,0.486138,0.306826,-0.000190,0.486794,0.306826,-0.000190,0.486794,0.000368,0.000030,0.000656,0.000041,-0.000913,0.000112,0.000050,0.000089,0.000012,0.000000,0.000000,0.000000,-0.000378,0.000267,0.001181,0.043199,0.001210,0.065319,0.043199,0.001210,0.065319,0.001674,-0.003540,-0.003093,0.001674,-0.003540,-0.003093,-0.002713,-0.016941,-0.002962,0.039914,0.001933,0.018368,0.003093,-0.002713,-0.016941,-0.002962,0.039914,0.001933,0.018368,0.003093
0.698000,0.306458,-0.000220,0.486138,0.306826,-0.000190,0.486794,0.306826,-0.000190,0.486794,0.000368,0.000030,0.000655,0.000041,-0.000912,0.000117,-0.000074,0.000230,-0.000063,0.000000,0.000000,0.000000,-0.000253,-0.000060,-0.000148,0.045633,-0.001606,0.066816,0.045633,-0.001606,0.066816,0.001175,-0.002558,0.000911,0.001175,-0.002558,0.000911,0.000429,-0.016046,-0.000696,0.039951,0.000837,0.018031,-0.000912,0.000429,-0.016046,-0.000696,0.039951,0.000837,0.018031,-0.000912
0.699000,0.306458,-0.000220,0.486138,0.306826,-0.000190,0.486794,0.306826,-0.000190,0.486794,0.000368,0.000030,0.000656,0.000038,-0.000913,0.000117,-0.000035,-0.000199,-0.000476,0.000000,0.000000,0.000000,0.001318,0.001074,-0.000279,0.044883,0.007025,0.075120,0.044883,0.007025,0.075120,-0.005120,-0.005961,0.001302,-0.005120,-0.005961,0.001302,0.003466,-0.022110,0.006843,0.047176,-0.003643,0.022007,-0.001296,0.003466,-0.022110,0.006843,0.047176,-0.003643,0.022007,-0.001296
0.700000,0.306458,-0.000220,0.486139,0.306826,-0.000190,0.486794,0.306826,-0.000190,0.486794,0.000368,0.000030,0.000655,0.000040,-0.000912,0.000114,-0.000002,0.000039,-0.000075,0.000000,0.000000,0.000000,-0.000213,0.000397,0.000347,0.044211,0.002208,0.067008,0.044211,0.002208,0.067008,0.001012,-0.003925,-0.000585,0.001012,-0.003925,-0.000585,0.000102,-0.017690,-0.000398,0.041226,0.001478,0.019115,0.000585,0.000102,-0.017690,-0.000398,0.041226,0.001478,0.019115,0.000585
0.701000,0.306458,-0.000220,0.486140,0.306826,-0.000190,0.486794,0.306826,-0.000190,0.486794,0.000368,0.000030,0.000654,0.000040,-0.000910,0.000115,0.000070,-0.000145,0.000213,0.000000,0.000000,0.000000,-0.000142,-0.000292,-0.000088,0.042746,0.005927,0.061164,0.042746,0.005927,0.061164,0.000727,-0.001853,0.000724,0.000727,-0.001853,0.000724,0.002549,-0.014051,0.001935,0.036207,0.001973,0.016221,-0.000724,0.002549,-0.014051,0.001935,0.036207,0.001973,0.016221,-0.000724
0.702000,0.306458,-0.000219,0.486138,0.306826,-0.000190,0.486794,0.306826,-0.000190,0.486794,0.000368,0.000029,0.000656,0.000040,-0.000914,0.000114,0.000040,0.002152,-0.000534,0.000000,0.000000,0.000000,0.009783,0.001234,0.000486,0.043354,-0.040094,0.076300,0.043354,-0.040094,0.076300,-0.038973,-0.006446,-0.001005,-0.038973,-0.006446,-0.001005,-0.013284,-0.023203,0.013872,0.048048,-0.047405,0.022290,0.001037,-0.013284,-0.023203,0.013872,0.048048,-0.047405,0.022290,0.001037
0.703000,0.306459,-0.000219,0.486138,0.306826,-0.000190,0.486794,0.306826,-0.000190,0.486794,0.000368,0.000029,0.000655,0.000042,-0.000912,0.000117,0.000155,0.001698,-0.000069,0.000000,0.000000,0.000000,0.006078,-0.000005,-0.000905,0.040999,-0.031050,0.066918,0.040999,-0.031050,0.066918,-0.024141,-0.002718,0.003181,-0.024141,-0.002718,0.003181,-0.006326,-0.016954,0.009264,0.039579,-0.030676,0.017237,-0.003162,-0.006326,-0.016954,0.009264,0.039579,-0.030676,0.017237,-0.003162
0.704000,0.306459,-0.000220,0.486137,0.306826,-0.000190,0.486794,0.306826,-0.000190,0.486794,0.000368,0.000030,0.000656,0.000040,-0.000916,0.000113,0.000068,0.000683,0.000172,0.000000,0.000000,0.000000,0.005891,-0.000052,0.000118,0.042758,-0.010650,0.062202,0.042758,-0.010650,0.062202,-0.023407,-0.002592,0.000099,-0.023407,-0.002592,0.000099,-0.003155,-0.015114,0.013195,0.037451,-0.025646,0.017065,-0.000081,-0.003155,-0.015114,0.013195,0.037451,-0.025646,0.017065,-0.000081
0.705000,0.306458,-0.000221,0.486137,0.306826,-0.000190,0.486794,0.306826,-0.000190,0.486794,0.000369,0.000031,0.000657,0.000038,-0.000916,0.000118,-0.000162,0.000599,0.000001,0.000000,0.000000,0.000000,0.004607,0.000202,-0.000431,0.047456,-0.008858,0.065632,0.047456,-0.008858,0.065632,-0.018276,-0.003355,0.001764,-0.018276,-0.003355,0.001764,-0.000940,-0.016206,0.011323,0.040432,-0.020141,0.019116,-0.001749,-0.000940,-0.016206,0.011323,0.040432,-0.020141,0.019116,-0.001749
0.706000,0.306458,-0.000221,0.486139,0.306826,-0.000190,0.486794,0.306826,-0.000190,0.486794,0.000368,0.000031,0.000655,0.000040,-0.000908,0.000122,0.000064,0.000630,0.000279,0.000000,0.000000,0.000000,0.002704,-0.001643,-0.001286,0.042859,-0.009495,0.059891,0.042859,-0.009495,0.059891,-0.010658,0.002205,0.004346,-0.010658,0.002205,0.004346,0.001445,-0.009589,0.007544,0.031569,-0.012661,0.012082,-0.004338,0.001445,-0.009589,0.007544,0.031569,-0.012661,0.012082,-0.004338
0.707000,0.306458,-0.000222,0.486135,0.306826,-0.000190,0.486794,0.306826,-0.000190,0.486794,0.000369,0.000032,0.000659,0.000037,-0.000922,0.000118,-0.000114,-0.000058,-0.001003,0.000000,0.000000,0.000000,0.002752,0.003003,-0.000320,0.046498,0.004378,0.085947,0.046498,0.004378,0.085947,-0.010858,-0.011773,0.001432,-0.010858,-0.011773,0.001432,0.002783,-0.031000,0.010134,0.058310,-0.009935,0.029112,-0.001420,0.002783,-0.031000,0.010134,0.058310,-0.009935,0.029112,-0.001420
0.708000,0.306458,-0.000221,0.486135,0.306826,-0.000190,0.486794,0.306826,-0.000190,0.486794,0.000369,0.000031,0.000659,0.000038,-0.000920,0.000121,-0.000196,0.000624,-0.000306,0.000000,0.000000,0.000000,0.001763,0.000650,-0.000515,0.048156,-0.009407,0.072000,0.048156,-0.009407,0.072000,-0.006898,-0.004711,0.002027,-0.006898,-0.004711,0.002027,-0.000845,-0.019404,0.003275,0.044879,-0.008878,0.021175,-0.002021,-0.000845,-0.019404,0.003275,0.044879,-0.008878,0.021175,-0.002021
0.709000,0.306458,-0.000220,0.486137,0.306826,-0.000190,0.486794,0.306826,-0.000190,0.486794,0.000368,0.000030,0.000656,0.000040,-0.000914,0.000119,0.000003,0.000583,0.000123,0.000000,0.000000,0.000000,0.000717,-0.000453,-0.000187,0.044127,-0.008687,0.063169,0.044127,-0.008687,0.063169,-0.002708,-0.001382,0.001036,-0.002708,-0.001382,0.001036,-0.001616,-0.013984,-0.000159,0.036862,-0.004536,0.016220,-0.001034,-0.001616,-0.013984,-0.000159,0.036862,-0.004536,0.016220,-0.001034
0.710000,0.306458,-0.000221,0.486139,0.306826,-0.000190,0.486794,0.306826,-0.000190,0.486794,0.000368,0.000031,0.000655,0.000040,-0.000911,0.000115,0.000073,-0.000019,0.000345,0.000000,0.000000,0.000000,0.000741,-0.000859,0.001036,0.042694,0.003472,0.058610,0.042694,0.003472,0.058610,-0.002807,-0.000158,-0.002651,-0.002807,-0.000158,-0.002651,-0.001577,-0.011583,0.001257,0.033302,-0.002073,0.014292,0.002653,-0.001577,-0.011583,0.001257,0.033302,-0.002073,0.014292,0.002653
0.711000,0.306458,-0.000219,0.486138,0.306826,-0.000190,0.486794,0.306826,-0.000190,0.486794,0.000369,0.000030,0.000655,0.000039,-0.000912,0.000117,-0.000158,0.000213,0.000117,0.000000,0.000000,0.000000,0.001269,-0.000336,-0.000766,0.047386,-0.001297,0.063189,0.047386,-0.001297,0.063189,-0.004919,-0.001727,0.002766,-0.004919,-0.001727,0.002766,0.002379,-0.013836,0.005029,0.037635,-0.005194,0.017254,-0.002762,0.002379,-0.013836,0.005029,0.037635,-0.005194,0.017254,-0.002762
0.712000,0.306458,-0.000219,0.486137,0.306826,-0.000190,0.486794,0.306826,-0.000190,0.486794,0.000368,0.000029,0.000657,0.000040,-0.000915,0.000112,0.000030,0.000375,-0.000072,0.000000,0.000000,0.000000,0.000052,0.000096,0.001480,0.043613,-0.004574,0.067106,0.043613,-0.004574,0.067106,-0.000046,-0.003033,-0.003991,-0.000046,-0.003033,-0.003991,-0.005383,-0.016919,-0.004258,0.040304,-0.001003,0.018105,0.003992,-0.005383,-0.016919,-0.004258,0.040304,-0.001003,0.018105,0.003992
0.713000,0.306457,-0.000219,0.486136,0.306826,-0.000190,0.486794,0.306826,-0.000190,0.486794,0.000369,0.000029,0.000658,0.000041,-0.000917,0.000112,-0.000063,0.000338,-0.000354,0.000000,0.000000,0.000000,-0.000362,0.000714,0.001307,0.045522,-0.003826,0.072884,0.045522,-0.003826,0.072884,0.001613,-0.004893,-0.003474,0.001613,-0.004893,-0.003474,-0.004636,-0.020259,-0.004824,0.045137,0.000814,0.020875,0.003474,-0.004636,-0.020259,-0.004824,0.045137,0.000814,0.020875,0.003474
0.714000,0.306458,-0.000222,0.486138,0.306826,-0.000190,0.486794,0.306826,-0.000190,0.486794,0.000368,0.000032,0.000656,0.000037,-0.000915,0.000122,0.000098,-0.000565,0.000121,0.000000,0.000000,0.000000,0.001290,0.000300,-0.002491,0.042225,0.014466,0.063184,0.042225,0.014466,0.063184,-0.005012,-0.003645,0.007960,-0.005012,-0.003645,0.007960,0.012402,-0.016546,0.013881,0.038886,-0.001977,0.018085,-0.007956,0.012402,-0.016546,0.013881,0.038886,-0.001977,0.018085,-0.007956
0.715000,0.306458,-0.000220,0.486137,0.306826,-0.000190,0.486794,0.306826,-0.000190,0.486794,0.000369,0.000030,0.000657,0.000041,-0.000916,0.000110,-0.000127,0.000298,0.000180,0.000000,0.000000,0.000000,-0.000409,-0.000593,0.002128,0.046762,-0.002983,0.062107,0.046762,-0.002983,0.062107,0.001799,-0.000969,-0.005941,0.001799,-0.000969,-0.005941,-0.006845,-0.012841,-0.006424,0.036285,0.001179,0.016264,0.005940,-0.006845,-0.012841,-0.006424,0.036285,0.001179,0.016264,0.005940
0.716000,0.306458,-0.000221,0.486138,0.306826,-0.000190,0.486794,0.306826,-0.000190,0.486794,0.000368,0.000031,0.000656,0.000040,-0.000913,0.000121,0.000072,-0.000021,0.000212,0.000000,0.000000,0.000000,-0.000065,-0.000396,-0.001416,0.042729,0.003531,0.061313,0.042729,0.003531,0.061313,0.000421,-0.001551,0.004732,0.000421,-0.001551,0.004732,0.005824,-0.013797,0.004204,0.035973,0.001159,0.015930,-0.004732,0.005824,-0.013797,0.004204,0.035973,0.001159,0.015930,-0.004732
0.717000,0.306458,-0.000219,0.486139,0.306826,-0.000190,0.486794,0.306826,-0.000190,0.486794,0.000368,0.000029,0.000655,0.000040,-0.000912,0.000114,0.000048,0.000295,0.000141,0.000000,0.000000,0.000000,0.000616,-0.000264,0.000595,0.043207,-0.002998,0.062686,0.043207,-0.002998,0.062686,-0.002303,-0.001944,-0.001332,-0.002303,-0.001944,-0.001332,-0.002241,-0.014538,-0.000270,0.037078,-0.002932,0.016544,0.001334,-0.002241,-0.014538,-0.000270,0.037078,-0.002932,0.016544,0.001334
0.718000,0.306458,-0.000219,0.486137,0.306826,-0.000190,0.486794,0.306826,-0.000190,0.486794,0.000368,0.000029,0.000657,0.000039,-0.000916,0.000115,0.000032,-0.000012,0.000094,0.000000,0.000000,0.000000,0.000881,-0.000176,-0.000333,0.043526,0.003170,0.063786,0.043526,0.003170,0.063786,-0.003367,-0.002219,0.001458,-0.003367,-0.002219,0.001458,0.002439,-0.015102,0.004457,0.037913,-0.002701,0.016984,-0.001455,0.002439,-0.015102,0.004457,0.037913,-0.002701,0.016984,-0.001455
0.719000,0.306459,-0.000221,0.486138,0.306826,-0.000190,0.486794,0.306826,-0.000190,0.486794,0.000367,0.000031,0.000656,0.000039,-0.000915,0.000119,0.000261,-0.000379,0.000462,0.000000,0.000000,0.000000,-0.000069,-0.000767,-0.001255,0.038854,0.010669,0.056371,0.038854,0.010669,0.056371,0.000432,-0.000446,0.004242,0.000432,-0.000446,0.004242,0.007520,-0.011771,0.006167,0.032037,0.002671,0.013575,-0.004242,0.007520,-0.011771,0.006167,0.032037,0.002671,0.013575,-0.004242
0.720000,0.306458,-0.000221,0.486137,0.306826,-0.000190,0.486794,0.306826,-0.000190,0.486794,0.000368,0.000031,0.000656,0.000038,-0.000916,0.000119,0.000091,-0.000142,0.000001,0.000000,0.000000,0.000000,0.000183,0.000138,0.000149,0.042331,0.005994,0.065624,0.042331,0.005994,0.065624,-0.000579,-0.003162,0.000029,-0.000579,-0.003162,0.000029,0.001875,-0.016791,0.002391,0.039568,0.000682,0.017835,-0.000027,0.001875,-0.016791,0.002391,0.039568,0.000682,0.017835,-0.000027
0.721000,0.306458,-0.000221,0.486138,0.306826,-0.000190,0.486794,0.306826,-0.000190,0.486794,0.000368,0.000031,0.000656,0.000040,-0.000914,0.000123,-0.000046,-0.000082,-0.000071,0.000000,0.000000,0.000000,-0.000335,-0.000145,-0.001821,0.045052,0.004744,0.067021,0.045052,0.004744,0.067021,0.001497,-0.002306,0.005955,0.001497,-0.002306,0.005955,0.007419,-0.015946,0.004701,0.039720,0.002489,0.017676,-0.005956,0.007419,-0.015946,0.004701,0.039720,0.002489,0.017676,-0.005956
0.722000,0.306458,-0.000219,0.486136,0.306826,-0.000190,0.486794,0.306826,-0.000190,0.486794,0.000368,0.000029,0.000657,0.000040,-0.000917,0.000112,-0.000237,0.000195,-0.000160,0.000000,0.000000,0.000000,0.000020,0.000141,0.001911,0.048963,-0.000955,0.068932,0.048963,-0.000955,0.068932,0.000083,-0.003174,-0.005285,0.000083,-0.003174,-0.005285,-0.005567,-0.016800,-0.004086,0.041994,-0.000111,0.019532,0.005286,-0.005567,-0.016800,-0.004086,0.041994,-0.000111,0.019532,0.005286
0.723000,0.306458,-0.000220,0.486138,0.306826,-0.000190,0.486794,0.306826,-0.000190,0.486794,0.000369,0.000030,0.000656,0.000039,-0.000914,0.000119,-0.000087,0.000173,0.000156,0.000000,0.000000,0.000000,0.000218,-0.000463,0.000019,0.045969,-0.000425,0.062494,0.045969,-0.000425,0.062494,-0.000717,-0.001352,0.000418,-0.000717,-0.001352,0.000418,0.000297,-0.013464,0.000678,0.036749,-0.000806,0.016516,-0.000417,0.000297,-0.013464,0.000678,0.036749,-0.000806,0.016516,-0.000417
0.724000,0.306458,-0.000220,0.486138,0.306826,-0.000190,0.486794,0.306826,-0.000190,0.486794,0.000368,0.000030,0.000656,0.000041,-0.000913,0.000115,0.000149,0.000204,0.000217,0.000000,0.000000,0.000000,-0.000688,-0.000546,0.000678,0.041195,-0.001094,0.061227,0.041195,-0.001094,0.061227,0.002915,-0.001100,-0.001571,0.002915,-0.001100,-0.001571,-0.001897,-0.013555,-0.003515,0.035285,0.002687,0.015147,0.001569,-0.001897,-0.013555,-0.003515,0.035285,0.002687,0.015147,0.001569
0.725000,0.306458,-0.000220,0.486137,0.306826,-0.000190,0.486794,0.306826,-0.000190,0.486794,0.000369,0.000030,0.000657,0.000041,-0.000915,0.000112,-0.000022,0.000269,-0.000139,0.000000,0.000000,0.000000,0.000616,0.000430,0.001327,0.044664,-0.002372,0.068430,0.044664,-0.002372,0.068430,-0.002301,-0.004035,-0.003530,-0.002301,-0.004035,-0.003530,-0.004247,-0.018167,-0.001620,0.042067,-0.002795,0.019446,0.003533,-0.004247,-0.018167,-0.001620,0.042067,-0.002795,0.019446,0.003533
0.726000,0.306458,-0.000219,0.486136,0.306826,-0.000190,0.486794,0.306826,-0.000190,0.486794,0.000368,0.000029,0.000658,0.000042,-0.000921,0.000114,0.000106,0.000516,-0.000455,0.000000,0.000000,0.000000,-0.000865,0.001638,0.001172,0.042019,-0.007402,0.074917,0.042019,-0.007402,0.074917,0.003628,-0.007676,-0.003060,0.003628,-0.007676,-0.003060,-0.005319,-0.024202,-0.007118,0.048428,0.002077,0.023098,0.003060,-0.005319,-0.024202,-0.007118,0.048428,0.002077,0.023098,0.003060
0.727000,0.306458,-0.000221,0.486137,0.306826,-0.000190,0.486794,0.306826,-0.000190,0.486794,0.000368,0.000031,0.000656,0.000040,-0.000916,0.000118,0.000057,-0.000306,0.000130,0.000000,0.000000,0.000000,0.000022,-0.000022,-0.000537,0.043043,0.009237,0.063045,0.043043,0.009237,0.063045,0.000070,-0.002683,0.002083,0.000070,-0.002683,0.002083,0.004924,-0.015413,0.004435,0.037963,0.002012,0.017280,-0.002083,0.004924,-0.015413,0.004435,0.037963,0.002012,0.017280,-0.002083
0.728000,0.306458,-0.000220,0.486136,0.306826,-0.000190,0.486794,0.306826,-0.000190,0.486794,0.000369,0.000031,0.000657,0.000040,-0.000916,0.000119,-0.000091,0.000027,-0.000226,0.000000,0.000000,0.000000,-0.000142,0.000067,-0.000711,0.046040,0.002510,0.070256,0.046040,0.002510,0.070256,0.000728,-0.002950,0.002610,0.000728,-0.002950,0.002610,0.003389,-0.017430,0.002158,0.042018,0.001254,0.018811,-0.002610,0.003389,-0.017430,0.002158,0.042018,0.001254,0.018811,-0.002610
0.729000,0.306458,-0.000221,0.486137,0.306826,-0.000190,0.486794,0.306826,-0.000190,0.486794,0.000369,0.000031,0.000657,0.000038,-0.000916,0.000122,-0.000089,-0.000253,0.000070,0.000000,0.000000,0.000000,0.000522,-0.000037,-0.001244,0.046020,0.008196,0.064256,0.046020,0.008196,0.064256,-0.001936,-0.002634,0.004218,-0.001936,-0.002634,0.004218,0.006740,-0.015279,0.007026,0.038868,-0.000216,0.017965,-0.004216,0.006740,-0.015279,0.007026,0.038868,-0.000216,0.017965,-0.004216
0.730000,0.306457,-0.000221,0.486136,0.306826,-0.000190,0.486794,0.306826,-0.000190,0.486794,0.000369,0.000031,0.000657,0.000037,-0.000916,0.000116,-0.000081,-0.000289,-0.000195,0.000000,0.000000,0.000000,0.000587,0.000295,0.000309,0.045869,0.008892,0.069633,0.045869,0.008892,0.069633,-0.002199,-0.003634,-0.000463,-0.002199,-0.003634,-0.000463,0.002272,-0.017951,0.004134,0.042387,-0.000327,0.019404,0.000466,0.002272,-0.017951,0.004134,0.042387,-0.000327,0.019404,0.000466
0.731000,0.306458,-0.000222,0.486138,0.306826,-0.000190,0.486794,0.306826,-0.000190,0.486794,0.000368,0.000032,0.000656,0.000044,-0.000914,0.000123,0.000103,-0.000050,-0.000038,0.000000,0.000000,0.000000,-0.000701,0.000196,-0.001558,0.042102,0.004174,0.066353,0.042102,0.004174,0.066353,0.002981,-0.003332,0.005166,0.002981,-0.003332,0.005166,0.006454,-0.017217,0.002906,0.040050,0.003854,0.018021,-0.005167,0.006454,-0.017217,0.002906,0.040050,0.003854,0.018021,-0.005167
0.732000,0.306458,-0.000221,0.486138,0.306826,-0.000190,0.486794,0.306826,-0.000190,0.486794,0.000368,0.000031,0.000656,0.000041,-0.000912,0.000114,0.000140,-0.000015,0.000211,0.000000,0.000000,0.000000,-0.000072,-0.001171,0.001456,0.041350,0.003376,0.061377,0.041350,0.003376,0.061377,0.000450,0.000779,-0.003912,0.000450,0.000779,-0.003912,-0.002869,-0.011699,-0.001971,0.033498,0.001164,0.013314,0.003912,-0.002869,-0.011699,-0.001971,0.033498,0.001164,0.013314,0.003912
0.733000,0.306459,-0.000220,0.486139,0.306826,-0.000190,0.486794,0.306826,-0.000190,0.486794,0.000368,0.000030,0.000655,0.000043,-0.000910,0.000114,0.000113,0.000128,0.000860,0.000000,0.000000,0.000000,-0.000646,-0.002307,0.000855,0.041851,0.000437,0.048272,0.041851,0.000437,0.048272,0.002758,0.004191,-0.002109,0.002758,0.004191,-0.002109,-0.001965,-0.004196,-0.003286,0.023964,0.002852,0.008856,0.002105,-0.001965,-0.004196,-0.003286,0.023964,0.002852,0.008856,0.002105
0.734000,0.306457,-0.000221,0.486137,0.306826,-0.000190,0.486794,0.306826,-0.000190,0.486794,0.000369,0.000031,0.000657,0.000038,-0.000915,0.000120,-0.000258,-0.000274,-0.000304,0.000000,0.000000,0.000000,0.001021,0.000733,-0.001576,0.049429,0.008572,0.071771,0.049429,0.008572,0.071771,-0.003933,-0.004946,0.005210,-0.003933,-0.004946,0.005210,0.007848,-0.019372,0.009265,0.045164,-0.002134,0.021655,-0.005205,0.007848,-0.019372,0.009265,0.045164,-0.002134,0.021655,-0.005205
0.735000,0.306458,-0.000219,0.486137,0.306826,-0.000190,0.486794,0.306826,-0.000190,0.486794,0.000368,0.000029,0.000656,0.000041,-0.000915,0.000110,0.000107,0.000430,0.000173,0.000000,0.000000,0.000000,0.000065,-0.000305,0.002562,0.042006,-0.005690,0.062169,0.042006,-0.005690,0.062169,-0.000098,-0.001830,-0.007246,-0.000098,-0.001830,-0.007246,-0.008980,-0.014450,-0.006882,0.036566,-0.001286,0.016130,0.007246,-0.008980,-0.014450,-0.006882,0.036566,-0.001286,0.016130,0.007246
0.736000,0.306458,-0.000220,0.486137,0.306826,-0.000190,0.486794,0.306826,-0.000190,0.486794,0.000368,0.000030,0.000656,0.000040,-0.000915,0.000118,0.000156,-0.000095,-0.000055,0.000000,0.000000,0.000000,0.000502,0.000353,-0.001037,0.041015,0.004921,0.066742,0.041015,0.004921,0.066742,-0.001851,-0.003804,0.003584,-0.001851,-0.003804,0.003584,0.005101,-0.017977,0.005453,0.040568,-0.000819,0.018300,-0.003581,0.005101,-0.017977,0.005453,0.040568,-0.000819,0.018300,-0.003581
0.737000,0.306458,-0.000221,0.486139,0.306826,-0.000190,0.486794,0.306826,-0.000190,0.486794,0.000368,0.000031,0.000655,0.000037,-0.000910,0.000121,0.000159,-0.000244,0.000464,0.000000,0.000000,0.000000,0.000728,-0.001243,-0.001831,0.040942,0.007963,0.056188,0.040942,0.007963,0.056188,-0.002764,0.000998,0.005976,-0.002764,0.000998,0.005976,0.008424,-0.009953,0.008776,0.030776,-0.001097,0.012556,-0.005974,0.008424,-0.009953,0.008776,0.030776,-0.001097,0.012556,-0.005974
0.738000,0.306457,-0.000220,0.486138,0.306826,-0.000190,0.486794,0.306826,-0.000190,0.486794,0.000369,0.000030,0.000655,0.000041,-0.000911,0.000113,-0.000290,0.000189,0.000086,0.000000,0.000000,0.000000,-0.000999,-0.000556,0.001435,0.050082,-0.000819,0.063810,0.050082,-0.000819,0.063810,0.004158,-0.001063,-0.003854,0.004158,-0.001063,-0.003854,-0.004094,-0.012946,-0.005916,0.037606,0.003991,0.017206,0.003851,-0.004094,-0.012946,-0.005916,0.037606,0.003991,0.017206,0.003851
0.739000,0.306458,-0.000221,0.486137,0.306826,-0.000190,0.486794,0.306826,-0.000190,0.486794,0.000369,0.000031,0.000656,0.000038,-0.000915,0.000123,-0.000059,-0.000465,-0.000333,0.000000,0.000000,0.000000,0.000187,0.001072,-0.002512,0.045409,0.012442,0.072314,0.045409,0.012442,0.072314,-0.000597,-0.005961,0.008027,-0.000597,-0.005961,0.008027,0.011850,-0.021170,0.010147,0.045918,0.002013,0.021872,-0.008025,0.011850,-0.021170,0.010147,0.045918,0.002013,0.021872,-0.008025
0.740000,0.306457,-0.000220,0.486136,0.306826,-0.000190,0.486794,0.306826,-0.000190,0.486794,0.000369,0.000031,0.000658,0.000042,-0.000917,0.000111,-0.000279,0.000188,-0.000621,0.000000,0.000000,0.000000,-0.000076,0.001365,0.002327,0.049898,-0.000692,0.078186,0.049898,-0.000692,0.078186,0.000474,-0.006846,-0.006537,0.000474,-0.006846,-0.006537,-0.006738,-0.023165,-0.005161,0.050153,0.000338,0.024213,0.006539,-0.006738,-0.023165,-0.005161,0.050153,0.000338,0.024213,0.006539
0.741000,0.306457,-0.000220,0.486138,0.306826,-0.000190,0.486794,0.306826,-0.000190,0.486794,0.000369,0.000030,0.000655,0.000042,-0.000913,0.000112,-0.000067,0.000176,0.000374,0.000000,0.000000,0.000000,-0.000906,-0.000344,0.001289,0.045605,-0.000508,0.058059,0.045605,-0.000508,0.058059,0.003792,-0.001706,-0.003421,0.003792,-0.001706,-0.003421,-0.003566,-0.012514,-0.005251,0.034961,0.003690,0.016402,0.003418,-0.003566,-0.012514,-0.005251,0.034961,0.003690,0.016402,0.003418
0.742000,0.306458,-0.000220,0.486138,0.306826,-0.000190,0.486794,0.306826,-0.000190,0.486794,0.000368,0.000030,0.000656,0.000042,-0.000914,0.000116,0.000062,-0.000263,0.000294,0.000000,0.000000,0.000000,-0.000210,-0.000738,-0.000929,0.042946,0.008293,0.059710,0.042946,0.008293,0.059710,0.001009,-0.000525,0.003250,0.001009,-0.000525,0.003250,0.005801,-0.012247,0.004289,0.034218,0.002750,0.014809,-0.003251,0.005801,-0.012247,0.004289,0.034218,0.002750,0.014809,-0.003251
0.743000,0.306458,-0.000221,0.486137,0.306826,-0.000190,0.486794,0.306826,-0.000190,0.486794,0.000368,0.000031,0.000657,0.000039,-0.000914,0.000114,0.000162,0.000026,-0.000193,0.000000,0.000000,0.000000,0.000524,0.000113,0.000874,0.040924,0.002557,0.069517,0.040924,0.002557,0.069517,-0.001941,-0.003080,-0.002165,-0.001941,-0.003080,-0.002165,-0.001373,-0.018117,0.000690,0.041144,-0.001400,0.017799,0.002168,-0.001373,-0.018117,0.000690,0.041144,-0.001400,0.017799,0.002168
0.744000,0.306458,-0.000222,0.486138,0.306826,-0.000190,0.486794,0.306826,-0.000190,0.486794,0.000368,0.000032,0.000656,0.000038,-0.000913,0.000121,0.000073,-0.000377,0.000089,0.000000,0.000000,0.000000,0.000539,0.000026,-0.002096,0.042745,0.010707,0.063789,0.042745,0.010707,0.063789,-0.002004,-0.002819,0.006775,-0.002004,-0.002819,0.006775,0.010065,-0.015824,0.009694,0.038412,0.000241,0.017421,-0.006772,0.010065,-0.015824,0.009694,0.038412,0.000241,0.017421,-0.006772
0.745000,0.306458,-0.000219,0.486137,0.306826,-0.000190,0.486794,0.306826,-0.000190,0.486794,0.000368,0.000030,0.000657,0.000039,-0.000917,0.000114,-0.000023,0.000404,-0.000203,0.000000,0.000000,0.000000,-0.000053,0.000575,0.000757,0.044640,-0.005118,0.069779,0.044640,-0.005118,0.069779,0.000369,-0.004475,-0.001812,0.000369,-0.004475,-0.001812,-0.003371,-0.019024,-0.003189,0.043140,-0.000704,0.019999,0.001813,-0.003371,-0.019024,-0.003189,0.043140,-0.000704,0.019999,0.001813
0.746000,0.306458,-0.000221,0.486136,0.306826,-0.000190,0.486794,0.306826,-0.000190,0.486794,0.000369,0.000031,0.000658,0.000039,-0.000920,0.000120,-0.000052,-0.000100,-0.000590,0.000000,0.000000,0.000000,-0.000036,0.001734,-0.001211,0.045258,0.005077,0.077601,0.045258,0.005077,0.077601,0.000298,-0.007961,0.004110,0.000298,-0.007961,0.004110,0.005675,-0.024812,0.004354,0.050394,0.001363,0.024303,-0.004108,0.005675,-0.024812,0.004354,0.050394,0.001363,0.024303,-0.004108
0.747000,0.306458,-0.000219,0.486137,0.306826,-0.000190,0.486794,0.306826,-0.000190,0.486794,0.000368,0.000029,0.000657,0.000040,-0.000914,0.000115,0.000024,0.000424,0.000276,0.000000,0.000000,0.000000,-0.000262,-0.001260,0.000719,0.043695,-0.005547,0.060128,0.043695,-0.005547,0.060128,0.001206,0.001039,-0.001698,0.001206,0.001039,-0.001698,-0.003389,-0.010696,-0.003842,0.032949,0.000041,0.013438,0.001697,-0.003389,-0.010696,-0.003842,0.032949,0.000041,0.013438,0.001697
0.748000,0.306457,-0.000219,0.486135,0.306826,-0.000190,0.486794,0.306826,-0.000190,0.486794,0.000369,0.000030,0.000659,0.000039,-0.000920,0.000112,-0.000211,0.000162,-0.000621,0.000000,0.000000,0.000000,0.000065,0.001669,0.001380,0.048501,-0.000276,0.078274,0.048501,-0.000276,0.078274,-0.000104,-0.007767,-0.003692,-0.000104,-0.007767,-0.003692,-0.003767,-0.024329,-0.002609,0.050937,-0.000155,0.024850,0.003695,-0.003767,-0.024329,-0.002609,0.050937,-0.000155,0.024850,0.003695
0.749000,0.306458,-0.000220,0.486137,0.306826,-0.000190,0.486794,0.306826,-0.000190,0.486794,0.000369,0.000030,0.000657,0.000039,-0.000915,0.000116,0.000064,-0.000103,0.000176,0.000000,0.000000,0.000000,0.000502,-0.000331,-0.000251,0.042936,0.005085,0.062137,0.042936,0.005085,0.062137,-0.001852,-0.001751,0.001217,-0.001852,-0.001751,0.001217,0.002785,-0.014219,0.003836,0.036590,-0.000783,0.016247,-0.001215,0.002785,-0.014219,0.003836,0.036590,-0.000783,0.016247,-0.001215
0.750000,0.306458,-0.000221,0.486136,0.306826,-0.000190,0.486794,0.306826,-0.000190,0.486794,0.000368,0.000031,0.000658,0.000038,-0.000918,0.000117,0.000056,-0.000439,-0.000316,0.000000,0.000000,0.000000,0.000336,0.000893,-0.000390,0.043093,0.011903,0.072103,0.043093,0.011903,0.072103,-0.001191,-0.005434,0.001637,-0.001191,-0.005434,0.001637,0.005294,-0.020933,0.005879,0.044995,0.001312,0.020837,-0.001634,0.005294,-0.020933,0.005879,0.044995,0.001312,0.020837,-0.001634
0.751000,0.306458,-0.000219,0.486138,0.306826,-0.000190,0.486794,0.306826,-0.000190,0.486794,0.000368,0.000030,0.000656,0.000040,-0.000912,0.000116,0.000203,0.000298,0.000530,0.000000,0.000000,0.000000,-0.000632,-0.001584,-0.000013,0.040106,-0.003014,0.054952,0.040106,-0.003014,0.054952,0.002689,0.002017,0.000502,0.002689,0.002017,0.000502,-0.000412,-0.008682,-0.002514,0.029067,0.002054,0.011250,-0.000505,-0.000412,-0.008682,-0.002514,0.029067,0.002054,0.011250,-0.000505
0.752000,0.306458,-0.000223,0.486138,0.306826,-0.000190,0.486794,0.306826,-0.000190,0.486794,0.000368,0.000033,0.000656,0.000035,-0.000914,0.000124,0.000163,-0.000651,0.000159,0.000000,0.000000,0.000000,0.001268,-0.000228,-0.001952,0.040896,0.016292,0.062438,0.040896,0.016292,0.062438,-0.004934,-0.002058,0.006351,-0.004934,-0.002058,0.006351,0.011353,-0.014935,0.013283,0.036776,-0.001514,0.016152,-0.006347,0.011353,-0.014935,0.013283,0.036776,-0.001514,0.016152,-0.006347
0.753000,0.306458,-0.000221,0.486136,0.306826,-0.000190,0.486794,0.306826,-0.000190,0.486794,0.000368,0.000032,0.000657,0.000040,-0.000917,0.000116,0.000123,0.000237,-0.000327,0.000000,0.000000,0.000000,0.000215,0.000962,0.001601,0.041691,-0.001586,0.072294,0.041691,-0.001586,0.072294,-0.000700,-0.005638,-0.004341,-0.000700,-0.005638,-0.004341,-0.004818,-0.021409,-0.003070,0.045111,-0.001027,0.020762,0.004343,-0.004818,-0.021409,-0.003070,0.045111,-0.001027,0.020762,0.004343
0.754000,0.306457,-0.000221,0.486137,0.306826,-0.000190,0.486794,0.306826,-0.000190,0.486794,0.000369,0.000031,0.000657,0.000040,-0.000915,0.000120,-0.000189,-0.000043,0.000081,0.000000,0.000000,0.000000,-0.000521,0.000002,-0.001172,0.048019,0.003984,0.064028,0.048019,0.003984,0.064028,0.002245,-0.002753,0.003998,0.002245,-0.002753,0.003998,0.005229,-0.015020,0.002543,0.039135,0.003079,0.018483,-0.003999,0.005229,-0.015020,0.002543,0.039135,0.003079,0.018483,-0.003999
0.755000,0.306458,-0.000220,0.486139,0.306826,-0.000190,0.486794,0.306826,-0.000190,0.486794,0.000368,0.000031,0.000655,0.000041,-0.000911,0.000115,0.000079,0.000301,0.000645,0.000000,0.000000,0.000000,-0.000979,-0.001442,0.001482,0.042584,-0.002969,0.052588,0.042584,-0.002969,0.052588,0.004079,0.001592,-0.003987,0.004079,0.001592,-0.003987,-0.004886,-0.008003,-0.006654,0.028694,0.003459,0.011987,0.003983,-0.004886,-0.008003,-0.006654,0.028694,0.003459,0.011987,0.003983
0.756000,0.306458,-0.000221,0.486138,0.306826,-0.000190,0.486794,0.306826,-0.000190,0.486794,0.000368,0.000031,0.000656,0.000038,-0.000913,0.000119,-0.000031,-0.000191,0.000123,0.000000,0.000000,0.000000,0.000201,-0.000312,-0.000847,0.044816,0.006938,0.063110,0.044816,0.006938,0.063110,-0.000652,-0.001803,0.003017,-0.000652,-0.001803,0.003017,0.005153,-0.014281,0.004860,0.037341,0.000805,0.016779,-0.003016,0.005153,-0.014281,0.004860,0.037341,0.000805,0.016779,-0.003016
0.757000,0.306457,-0.000221,0.486138,0.306826,-0.000190,0.486794,0.306826,-0.000190,0.486794,0.000369,0.000031,0.000656,0.000038,-0.000913,0.000123,-0.000177,-0.000023,-0.000010,0.000000,0.000000,0.000000,0.000115,-0.000208,-0.001231,0.047802,0.003584,0.065800,0.047802,0.003584,0.065800,-0.000306,-0.002115,0.004182,-0.000306,-0.002115,0.004182,0.005291,-0.014959,0.004350,0.039306,0.000444,0.017956,-0.004182,0.005291,-0.014959,0.004350,0.039306,0.000444,0.017956,-0.004182
0.758000,0.306457,-0.000222,0.486137,0.306826,-0.000190,0.486794,0.306826,-0.000190,0.486794,0.000369,0.000032,0.000657,0.000036,-0.000915,0.000118,-0.000190,-0.000450,-0.000270,0.000000,0.000000,0.000000,0.000729,0.000418,0.000295,0.048081,0.012207,0.071069,0.048081,0.012207,0.071069,-0.002771,-0.003999,-0.000413,-0.002771,-0.003999,-0.000413,0.003339,-0.018418,0.005652,0.043714,-0.000201,0.020361,0.000416,0.003339,-0.018418,0.005652,0.043714,-0.000201,0.020361,0.000416
0.759000,0.306458,-0.000219,0.486138,0.306826,-0.000190,0.486794,0.306826,-0.000190,0.486794,0.000369,0.000030,0.000656,0.000039,-0.000912,0.000119,-0.000005,0.000515,0.000104,0.000000,0.000000,0.000000,-0.000561,-0.000516,-0.000384,0.044332,-0.007343,0.063511,0.044332,-0.007343,0.063511,0.002403,-0.001190,0.001629,0.002403,-0.001190,0.001629,-0.000612,-0.013865,-0.002922,0.036855,0.000856,0.016099,-0.001630,-0.000612,-0.013865,-0.002922,0.036855,0.000856,0.016099,-0.001630
0.760000,0.306457,-0.000220,0.486139,0.306826,-0.000190,0.486794,0.306826,-0.000190,0.486794,0.000369,0.000030,0.000655,0.000040,-0.000909,0.000114,-0.000031,0.000300,0.000531,0.000000,0.000000,0.000000,-0.000576,-0.001550,0.001982,0.044870,-0.002982,0.054828,0.044870,-0.002982,0.054828,0.002465,0.001922,-0.005489,0.002465,0.001922,-0.005489,-0.006393,-0.008009,-0.006577,0.029715,0.001844,0.012335,0.005487,-0.006393,-0.008009,-0.006577,0.029715,0.001844,0.012335,0.005487
0.761000,0.306457,-0.000220,0.486138,0.306826,-0.000190,0.486794,0.306826,-0.000190,0.486794,0.000369,0.000030,0.000656,0.000039,-0.000913,0.000116,-0.000043,0.000243,-0.000129,0.000000,0.000000,0.000000,-0.000180,0.000411,0.001050,0.045110,-0.001830,0.068169,0.045110,-0.001830,0.068169,0.000879,-0.003971,-0.002687,0.000879,-0.003971,-0.002687,-0.003238,-0.017954,-0.003100,0.041936,0.000499,0.019452,0.002687,-0.003238,-0.017954,-0.003100,0.041936,0.000499,0.019452,0.002687
0.762000,0.306458,-0.000220,0.486138,0.306826,-0.000190,0.486794,0.306826,-0.000190,0.486794,0.000368,0.000030,0.000656,0.000042,-0.000915,0.000120,0.000214,0.000250,-0.000164,0.000000,0.000000,0.000000,-0.000957,0.000830,-0.000602,0.039896,-0.001990,0.068904,0.039896,-0.001990,0.068904,0.003994,-0.005235,0.002284,0.003994,-0.005235,0.002284,0.001684,-0.020241,-0.001847,0.042874,0.003574,0.019684,-0.002286,0.001684,-0.020241,-0.001847,0.042874,0.003574,0.019684,-0.002286
0.763000,0.306458,-0.000221,0.486139,0.306826,-0.000190,0.486794,0.306826,-0.000190,0.486794,0.000368,0.000031,0.000655,0.000037,-0.000911,0.000115,0.000022,-0.000356,0.000253,0.000000,0.000000,0.000000,0.000849,-0.000797,0.000557,0.043782,0.010227,0.060462,0.043782,0.010227,0.060462,-0.003248,-0.000340,-0.001213,-0.003248,-0.000340,-0.001213,0.001930,-0.012167,0.004779,0.034497,-0.001095,0.014866,0.001216,0.001930,-0.012167,0.004779,0.034497,-0.001095,0.014866,0.001216
0.764000,0.306458,-0.000221,0.486138,0.306826,-0.000190,0.486794,0.306826,-0.000190,0.486794,0.000368,0.000032,0.000655,0.000038,-0.000913,0.000122,0.000050,-0.000287,-0.000023,0.000000,0.000000,0.000000,0.000328,0.000262,-0.001595,0.043133,0.008911,0.065993,0.043133,0.008911,0.065993,-0.001158,-0.003526,0.005273,-0.001158,-0.003526,0.005273,0.008013,-0.017145,0.007452,0.040208,0.000712,0.018402,-0.005271,0.008013,-0.017145,0.007452,0.040208,0.000712,0.018402,-0.005271
0.765000,0.306458,-0.000221,0.486137,0.306826,-0.000190,0.486794,0.306826,-0.000190,0.486794,0.000368,0.000031,0.000656,0.000040,-0.000915,0.000118,-0.000088,0.000051,-0.000299,0.000000,0.000000,0.000000,-0.000397,0.000969,0.000360,0.045984,0.002081,0.071621,0.045984,0.002081,0.071621,0.001749,-0.005655,-0.000605,0.001749,-0.005655,-0.000605,0.000042,-0.020561,-0.000976,0.045360,0.002189,0.021623,0.000606,0.000042,-0.020561,-0.000976,0.045360,0.002189,0.021623,0.000606
0.766000,0.306457,-0.000220,0.486138,0.306826,-0.000190,0.486794,0.306826,-0.000190,0.486794,0.000369,0.000030,0.000656,0.000041,-0.000913,0.000115,-0.000094,0.000173,-0.000008,0.000000,0.000000,0.000000,-0.000108,-0.000148,0.000816,0.046128,-0.000461,0.065750,0.046128,-0.000461,0.065750,0.000597,-0.002295,-0.001987,0.000597,-0.002295,-0.001987,-0.002118,-0.015381,-0.001962,0.039249,0.000504,0.017778,0.001987,-0.002118,-0.015381,-0.001962,0.039249,0.000504,0.017778,0.001987
0.767000,0.306458,-0.000220,0.486137,0.306826,-0.000190,0.486794,0.306826,-0.000190,0.486794,0.000368,0.000031,0.000656,0.000039,-0.000912,0.000120,-0.000028,-0.000162,-0.000197,0.000000,0.000000,0.000000,0.000368,0.000695,-0.001409,0.044712,0.006298,0.069561,0.044712,0.006298,0.069561,-0.001318,-0.004822,0.004707,-0.001318,-0.004822,0.004707,0.006647,-0.019294,0.006317,0.043392,0.000003,0.020344,-0.004705,0.006647,-0.019294,0.006317,0.043392,0.000003,0.020344,-0.004705
0.768000,0.306458,-0.000221,0.486137,0.306826,-0.000190,0.486794,0.306826,-0.000190,0.486794,0.000368,0.000031,0.000657,0.000038,-0.000915,0.000117,0.000117,-0.000108,-0.000281,0.000000,0.000000,0.000000,0.000247,0.000783,0.000553,0.041830,0.005281,0.071309,0.041830,0.005281,0.071309,-0.000833,-0.005096,-0.001189,-0.000833,-0.005096,-0.001189,0.000439,-0.020544,0.001479,0.044121,0.000280,0.020163,0.001191,0.000439,-0.020544,0.001479,0.044121,0.000280,0.020163,0.001191
0.769000,0.306458,-0.000222,0.486137,0.306826,-0.000190,0.486794,0.306826,-0.000190,0.486794,0.000368,0.000032,0.000657,0.000037,-0.000916,0.000120,0.000078,-0.000496,-0.000187,0.000000,0.000000,0.000000,0.000421,0.000522,-0.001156,0.042633,0.013134,0.069444,0.042633,0.013134,0.069444,-0.001532,-0.004314,0.003948,-0.001532,-0.004314,0.003948,0.007982,-0.019069,0.008153,0.042561,0.001227,0.019388,-0.003945,0.007982,-0.019069,0.008153,0.042561,0.001227,0.019388,-0.003945
0.770000,0.306458,-0.000220,0.486138,0.306826,-0.000190,0.486794,0.306826,-0.000190,0.486794,0.000368,0.000030,0.000656,0.000039,-0.000915,0.000111,0.000124,0.000287,0.000138,0.000000,0.000000,0.000000,-0.000160,-0.000208,0.002059,0.041691,-0.002740,0.062862,0.041691,-0.002740,0.062862,0.000796,-0.002118,-0.005731,0.000796,-0.002118,-0.005731,-0.006562,-0.014997,-0.005487,0.037140,0.000227,0.016413,0.005731,-0.006562,-0.014997,-0.005487,0.037140,0.000227,0.016413,0.005731
0.771000,0.306458,-0.000221,0.486137,0.306826,-0.000190,0.486794,0.306826,-0.000190,0.486794,0.000369,0.000031,0.000657,0.000038,-0.000915,0.000117,-0.000124,0.000064,-0.000021,0.000000,0.000000,0.000000,0.000096,0.000098,0.000069,0.046729,0.001829,0.066076,0.046729,0.001829,0.066076,-0.000232,-0.003041,0.000260,-0.000232,-0.003041,0.000260,0.000831,-0.016134,0.000957,0.040225,0.000153,0.018680,-0.000259,0.000831,-0.016134,0.000957,0.040225,0.000153,0.018680,-0.000259
0.772000,0.306458,-0.000219,0.486136,0.306826,-0.000190,0.486794,0.306826,-0.000190,0.486794,0.000368,0.000030,0.000658,0.000039,-0.000917,0.000118,0.000031,0.000406,-0.000406,0.000000,0.000000,0.000000,-0.000112,0.000704,-0.000642,0.043584,-0.005178,0.073886,0.043584,-0.005178,0.073886,0.000605,-0.004864,0.002399,0.000605,-0.004864,0.002399,0.000821,-0.020833,-0.000403,0.045330,-0.000487,0.020527,-0.002398,0.000821,-0.020833,-0.000403,0.045330,-0.000487,0.020527,-0.002398
0.773000,0.306458,-0.000220,0.486139,0.306826,-0.000190,0.486794,0.306826,-0.000190,0.486794,0.000368,0.000031,0.000655,0.000038,-0.000911,0.000112,-0.000007,-0.000159,0.000596,0.000000,0.000000,0.000000,0.000083,-0.001757,0.001242,0.044356,0.006245,0.053586,0.044356,0.006245,0.053586,-0.000180,0.002540,-0.003276,-0.000180,0.002540,-0.003276,-0.001352,-0.007091,-0.000142,0.028445,0.001137,0.011501,0.003275,-0.001352,-0.007091,-0.000142,0.028445,0.001137,0.011501,0.003275
0.774000,0.306458,-0.000221,0.486137,0.306826,-0.000190,0.486794,0.306826,-0.000190,0.486794,0.000369,0.000031,0.000656,0.000040,-0.000915,0.000121,-0.000041,-0.000042,-0.000057,0.000000,0.000000,0.000000,-0.000591,0.000179,-0.001472,0.045043,0.003954,0.066782,0.045043,0.003954,0.066782,0.002523,-0.003281,0.004900,0.002523,-0.003281,0.004900,0.006122,-0.016849,0.002973,0.040581,0.003350,0.018627,-0.004901,0.006122,-0.016849,0.002973,0.040581,0.003350,0.018627,-0.004901
0.775000,0.306457,-0.000221,0.486138,0.306826,-0.000190,0.486794,0.306826,-0.000190,0.486794,0.000369,0.000031,0.000656,0.000037,-0.000913,0.000119,-0.000113,-0.000303,0.000133,0.000000,0.000000,0.000000,0.000711,-0.000437,-0.000632,0.046511,0.009200,0.062942,0.046511,0.009200,0.062942,-0.002699,-0.001427,0.002371,-0.002699,-0.001427,0.002371,0.005201,-0.013595,0.006589,0.037104,-0.000765,0.016746,-0.002369,0.005201,-0.013595,0.006589,0.037104,-0.000765,0.016746,-0.002369
0.776000,0.306457,-0.000222,0.486138,0.306826,-0.000190,0.486794,0.306826,-0.000190,0.486794,0.000369,0.000032,0.000656,0.000038,-0.000913,0.000124,-0.000246,-0.000161,0.000025,0.000000,0.000000,0.000000,0.000014,-0.000385,-0.001503,0.049241,0.006410,0.065119,0.049241,0.006410,0.065119,0.000098,-0.001585,0.005003,0.000098,-0.001585,0.005003,0.006978,-0.014000,0.005562,0.038638,0.001441,0.017669,-0.005002,0.006978,-0.014000,0.005562,0.038638,0.001441,0.017669,-0.005002
0.777000,0.306458,-0.000220,0.486137,0.306826,-0.000190,0.486794,0.306826,-0.000190,0.486794,0.000369,0.000030,0.000657,0.000039,-0.000916,0.000118,0.000071,0.000219,-0.000332,0.000000,0.000000,0.000000,-0.000194,0.000713,0.000205,0.042816,-0.001350,0.072367,0.042816,-0.001350,0.072367,0.000932,-0.004885,-0.000141,0.000932,-0.004885,-0.000141,-0.000545,-0.020506,-0.001183,0.044536,0.000649,0.020253,0.000142,-0.000545,-0.020506,-0.001183,0.044536,0.000649,0.020253,0.000142
0.778000,0.306457,-0.000220,0.486136,0.306826,-0.000190,0.486794,0.306826,-0.000190,0.486794,0.000369,0.000030,0.000658,0.000038,-0.000918,0.000115,-0.000036,0.000360,-0.000528,0.000000,0.000000,0.000000,0.000075,0.001125,0.001914,0.044984,-0.004174,0.076375,0.044984,-0.004174,0.076375,-0.000148,-0.006128,-0.005283,-0.000148,-0.006128,-0.005283,-0.006552,-0.022646,-0.004966,0.047951,-0.001018,0.022303,0.005285,-0.006552,-0.022646,-0.004966,0.047951,-0.001018,0.022303,0.005285
0.779000,0.306458,-0.000221,0.486136,0.306826,-0.000190,0.486794,0.306826,-0.000190,0.486794,0.000368,0.000031,0.000658,0.000039,-0.000916,0.000119,0.000251,-0.000185,-0.000172,0.000000,0.000000,0.000000,0.000306,0.000148,-0.000451,0.039135,0.006790,0.069189,0.039135,0.006790,0.069189,-0.001067,-0.003193,0.001829,-0.001067,-0.003193,0.001829,0.003919,-0.018404,0.004267,0.040870,0.000359,0.017507,-0.001828,0.003919,-0.018404,0.004267,0.040870,0.000359,0.017507,-0.001828
0.780000,0.306458,-0.000219,0.486138,0.306826,-0.000190,0.486794,0.306826,-0.000190,0.486794,0.000369,0.000029,0.000656,0.000041,-0.000912,0.000110,-0.000038,0.000560,0.000445,0.000000,0.000000,0.000000,-0.000887,-0.001062,0.002377,0.044998,-0.008325,0.056688,0.044998,-0.008325,0.056688,0.003715,0.000450,-0.006691,0.003715,0.000450,-0.006691,-0.009233,-0.010033,-0.010047,0.032082,0.001971,0.013997,0.006688,-0.009233,-0.010033,-0.010047,0.032082,0.001971,0.013997,0.006688
0.781000,0.306458,-0.000222,0.486137,0.306826,-0.000190,0.486794,0.306826,-0.000190,0.486794,0.000369,0.000032,0.000656,0.000039,-0.000915,0.000120,0.000009,-0.000469,0.000105,0.000000,0.000000,0.000000,0.000040,0.000086,-0.001366,0.044038,0.012561,0.063544,0.044038,0.012561,0.063544,-0.000004,-0.003001,0.004581,-0.000004,-0.003001,0.004581,0.008440,-0.015732,0.007332,0.038644,0.002634,0.017852,-0.004580,0.008440,-0.015732,0.007332,0.038644,0.002634,0.017852,-0.004580
0.782000,0.306458,-0.000221,0.486136,0.306826,-0.000190,0.486794,0.306826,-0.000190,0.486794,0.000369,0.000032,0.000657,0.000036,-0.000918,0.000123,-0.000101,-0.000164,0.000025,0.000000,0.000000,0.000000,0.000880,0.000565,-0.001458,0.046237,0.006443,0.065221,0.046237,0.006443,0.065221,-0.003375,-0.004451,0.004864,-0.003375,-0.004451,0.004864,0.006849,-0.017358,0.007931,0.041168,-0.002023,0.019913,-0.004861,0.006849,-0.017358,0.007931,0.041168,-0.002023,0.019913,-0.004861
0.783000,0.306458,-0.000220,0.486138,0.306826,-0.000190,0.486794,0.306826,-0.000190,0.486794,0.000368,0.000030,0.000656,0.000040,-0.000914,0.000111,0.000112,0.000293,0.000325,0.000000,0.000000,0.000000,-0.000660,-0.000688,0.002158,0.041953,-0.002870,0.059101,0.041953,-0.002870,0.059101,0.002801,-0.000678,-0.006028,0.002801,-0.000678,-0.006028,-0.006898,-0.012365,-0.007158,0.033958,0.002205,0.014697,0.006026,-0.006898,-0.012365,-0.007158,0.033958,0.002205,0.014697,0.006026
0.784000,0.306458,-0.000221,0.486138,0.306826,-0.000190,0.486794,0.306826,-0.000190,0.486794,0.000368,0.000031,0.000656,0.000037,-0.000912,0.000121,0.000025,-0.000197,0.000169,0.000000,0.000000,0.000000,0.000412,-0.000968,-0.001855,0.043723,0.007017,0.062216,0.043723,0.007017,0.062216,-0.001498,0.000169,0.006046,-0.001498,0.000169,0.006046,0.008206,-0.012203,0.007624,0.034807,-0.000029,0.014500,-0.006045,0.008206,-0.012203,0.007624,0.034807,-0.000029,0.014500,-0.006045
0.785000,0.306458,-0.000219,0.486135,0.306826,-0.000190,0.486794,0.306826,-0.000190,0.486794,0.000368,0.000029,0.000658,0.000041,-0.000921,0.000113,0.000044,0.000509,-0.000728,0.000000,0.000000,0.000000,-0.001019,0.002328,0.001204,0.043325,-0.007302,0.080390,0.043325,-0.007302,0.080390,0.004242,-0.009747,-0.003161,0.004242,-0.009747,-0.003161,-0.005389,-0.027751,-0.007591,0.053248,0.002712,0.025924,0.003160,-0.005389,-0.027751,-0.007591,0.053248,0.002712,0.025924,0.003160
0.786000,0.306458,-0.000219,0.486138,0.306826,-0.000190,0.486794,0.306826,-0.000190,0.486794,0.000368,0.000029,0.000656,0.000039,-0.000914,0.000115,-0.000034,0.000304,0.000573,0.000000,0.000000,0.000000,-0.000036,-0.001469,0.000245,0.044861,-0.003195,0.054120,0.044861,-0.003195,0.054120,0.000302,0.001667,-0.000277,0.000302,0.001667,-0.000277,-0.001246,-0.008049,-0.001433,0.029635,-0.000370,0.012528,0.000276,-0.001246,-0.008049,-0.001433,0.029635,-0.000370,0.012528,0.000276
0.787000,0.306458,-0.000221,0.486137,0.306826,-0.000190,0.486794,0.306826,-0.000190,0.486794,0.000368,0.000031,0.000657,0.000040,-0.000913,0.000120,-0.000216,-0.000284,-0.000164,0.000000,0.000000,0.000000,-0.000274,0.000371,-0.001023,0.048518,0.008784,0.068962,0.048518,0.008784,0.068962,0.001255,-0.003853,0.003551,0.001255,-0.003853,0.003551,0.006253,-0.017558,0.004487,0.042628,0.003100,0.020122,-0.003551,0.006253,-0.017558,0.004487,0.042628,0.003100,0.020122,-0.003551
0.788000,0.306458,-0.000220,0.486136,0.306826,-0.000190,0.486794,0.306826,-0.000190,0.486794,0.000368,0.000030,0.000657,0.000039,-0.000916,0.000115,-0.000008,-0.000097,-0.000259,0.000000,0.000000,0.000000,0.000260,0.000567,0.000776,0.044389,0.004965,0.070912,0.044389,0.004965,0.070912,-0.000883,-0.004449,-0.001868,-0.000883,-0.004449,-0.001868,-0.000337,-0.019383,0.000933,0.043616,0.000165,0.020020,0.001870,-0.000337,-0.019383,0.000933,0.043616,0.000165,0.020020,0.001870
0.789000,0.306458,-0.000220,0.486136,0.306826,-0.000190,0.486794,0.306826,-0.000190,0.486794,0.000368,0.000030,0.000658,0.000040,-0.000917,0.000118,0.000130,0.000116,-0.000323,0.000000,0.000000,0.000000,-0.000222,0.000698,-0.000073,0.041599,0.000701,0.072224,0.041599,0.000701,0.072224,0.001048,-0.004844,0.000691,0.001048,-0.004844,0.000691,0.000915,-0.020607,-0.000013,0.044270,0.001195,0.019943,-0.000691,0.000915,-0.020607,-0.000013,0.044270,0.001195,0.019943,-0.000691
0.790000,0.306457,-0.000220,0.486137,0.306826,-0.000190,0.486794,0.306826,-0.000190,0.486794,0.000369,0.000030,0.000657,0.000037,-0.000915,0.000118,-0.000134,-0.000101,0.000105,0.000000,0.000000,0.000000,0.000909,-0.000412,-0.000581,0.046961,0.005050,0.063572,0.046961,0.005050,0.063572,-0.003490,-0.001509,0.002217,-0.003490,-0.001509,0.002217,0.003774,-0.013800,0.005691,0.037542,-0.002430,0.016978,-0.002213,0.003774,-0.013800,0.005691,0.037542,-0.002430,0.016978,-0.002213
0.791000,0.306459,-0.000220,0.486138,0.306826,-0.000190,0.486794,0.306826,-0.000190,0.486794,0.000368,0.000030,0.000656,0.000039,-0.000916,0.000117,0.000258,0.000101,0.000540,0.000000,0.000000,0.000000,-0.000057,-0.000686,0.000580,0.038962,0.001017,0.054796,0.038962,0.001017,0.054796,0.000384,-0.000688,-0.001272,0.000384,-0.000688,-0.001272,-0.000952,-0.011514,-0.000827,0.031552,0.000599,0.013701,0.001272,-0.000952,-0.011514,-0.000827,0.031552,0.000599,0.013701,0.001272
0.792000,0.306458,-0.000219,0.486137,0.306826,-0.000190,0.486794,0.306826,-0.000190,0.486794,0.000368,0.000029,0.000657,0.000041,-0.000915,0.000116,0.000032,0.000198,0.000003,0.000000,0.000000,0.000000,-0.000670,-0.000283,0.000034,0.043562,-0.001021,0.065600,0.043562,-0.001021,0.065600,0.002843,-0.001896,0.000362,0.002843,-0.001896,0.000362,0.000059,-0.015329,-0.002075,0.038449,0.002628,0.016826,-0.000364,0.000059,-0.015329,-0.002075,0.038449,0.002628,0.016826,-0.000364
0.793000,0.306458,-0.000220,0.486136,0.306826,-0.000190,0.486794,0.306826,-0.000190,0.486794,0.000368,0.000030,0.000658,0.000037,-0.000918,0.000111,-0.000015,-0.000039,-0.000452,0.000000,0.000000,0.000000,0.000647,0.001163,0.001457,0.044520,0.003762,0.074831,0.044520,0.003762,0.074831,-0.002437,-0.006243,-0.003925,-0.002437,-0.006243,-0.003925,-0.002762,-0.022359,0.000191,0.047277,-0.001639,0.022186,0.003928,-0.002762,-0.022359,0.000191,0.047277,-0.001639,0.022186,0.003928
0.794000,0.306458,-0.000219,0.486138,0.306826,-0.000190,0.486794,0.306826,-0.000190,0.486794,0.000368,0.000029,0.000656,0.000042,-0.000914,0.000114,0.000062,0.000283,-0.000039,0.000000,0.000000,0.000000,-0.001260,0.000218,-0.000069,0.042928,-0.002784,0.066368,0.042928,-0.002784,0.066368,0.005209,-0.003398,0.000665,0.005209,-0.003398,0.000665,-0.000179,-0.017162,-0.004109,0.040230,0.004623,0.018261,-0.000668,-0.000179,-0.017162,-0.004109,0.040230,0.004623,0.018261,-0.000668
0.795000,0.306458,-0.000222,0.486137,0.306826,-0.000190,0.486794,0.306826,-0.000190,0.486794,0.000368,0.000032,0.000657,0.000037,-0.000916,0.000122,-0.000009,-0.000457,-0.000047,0.000000,0.000000,0.000000,0.002126,0.000382,-0.002006,0.044388,0.012351,0.066609,0.044388,0.012351,0.066609,-0.008355,-0.003895,0.006506,-0.008355,-0.003895,0.006506,0.010301,-0.017516,0.014536,0.041032,-0.005763,0.019092,-0.006499,0.010301,-0.017516,0.014536,0.041032,-0.005763,0.019092,-0.006499
0.796000,0.306459,-0.000219,0.486138,0.306826,-0.000190,0.486794,0.306826,-0.000190,0.486794,0.000368,0.000029,0.000656,0.000041,-0.000912,0.000111,0.000273,0.000424,0.000318,0.000000,0.000000,0.000000,-0.000713,-0.001285,0.002006,0.038654,-0.005575,0.059227,0.038654,-0.005575,0.059227,0.003016,0.001117,-0.005576,0.003016,0.001117,-0.005576,-0.007275,-0.011115,-0.007870,0.031799,0.001849,0.012218,0.005573,-0.007275,-0.011115,-0.007870,0.031799,0.001849,0.012218,0.005573
0.797000,0.306458,-0.000220,0.486136,0.306826,-0.000190,0.486794,0.306826,-0.000190,0.486794,0.000368,0.000030,0.000658,0.000038,-0.000917,0.000115,-0.000068,-0.000109,-0.000358,0.000000,0.000000,0.000000,0.000379,0.000765,-0.000260,0.045571,0.005173,0.072934,0.045571,0.005173,0.072934,-0.001365,-0.005048,0.001242,-0.001365,-0.005048,0.001242,0.002837,-0.020422,0.003539,0.045320,-0.000277,0.021046,-0.001239,0.002837,-0.020422,0.003539,0.045320,-0.000277,0.021046,-0.001239
0.798000,0.306457,-0.000220,0.486136,0.306826,-0.000190,0.486794,0.306826,-0.000190,0.486794,0.000369,0.000030,0.000657,0.000040,-0.000916,0.000114,-0.000181,-0.000082,-0.000089,0.000000,0.000000,0.000000,-0.000444,0.000191,0.000237,0.047869,0.004627,0.067506,0.047869,0.004627,0.067506,0.001936,-0.003323,-0.000257,0.001936,-0.003323,-0.000257,0.001172,-0.016679,-0.000034,0.041327,0.002911,0.019326,0.000256,0.001172,-0.016679,-0.000034,0.041327,0.002911,0.019326,0.000256
0.799000,0.306457,-0.000219,0.486137,0.306826,-0.000190,0.486794,0.306826,-0.000190,0.486794,0.000369,0.000029,0.000657,0.000040,-0.000915,0.000114,-0.000099,0.000176,0.000183,0.000000,0.000000,0.000000,-0.000454,-0.000192,0.000042,0.046222,-0.000610,0.062001,0.046222,-0.000610,0.062001,0.001975,-0.002170,0.000329,0.001975,-0.002170,0.000329,0.000152,-0.014092,-0.001349,0.037366,0.001847,0.017344,-0.000330,0.000152,-0.014092,-0.001349,0.037366,0.001847,0.017344,-0.000330
0.800000,0.306458,-0.000220,0.486138,0.306826,-0.000190,0.486794,0.306826,-0.000190,0.486794,0.000368,0.000030,0.000656,0.000041,-0.000913,0.000117,0.000055,0.000067,0.000405,0.000000,0.000000,0.000000,-0.000540,-0.000922,-0.000209,0.043090,0.001642,0.057461,0.043090,0.001642,0.057461,0.002324,0.000027,0.001094,0.002324,0.000027,0.001094,0.001607,-0.010983,-0.000326,0.032623,0.002668,0.014088,-0.001096,0.001607,-0.010983,-0.000326,0.032623,0.002668,0.014088,-0.001096
0.801000,0.306457,-0.000219,0.486138,0.306826,-0.000190,0.486794,0.306826,-0.000190,0.486794,0.000369,0.000029,0.000655,0.000040,-0.000911,0.000109,-0.000219,0.000035,0.000377,0.000000,0.000000,0.000000,0.000036,-0.001264,0.001991,0.048677,0.002252,0.057995,0.048677,0.002252,0.057995,0.000016,0.001059,-0.005537,0.000016,0.001059,-0.005537,-0.004837,-0.009260,-0.003177,0.032562,0.000496,0.014279,0.005537,-0.004837,-0.009260,-0.003177,0.032562,0.000496,0.014279,0.005537
0.802000,0.306457,-0.000221,0.486135,0.306826,-0.000190,0.486794,0.306826,-0.000190,0.486794,0.000369,0.000031,0.000658,0.000037,-0.000918,0.000120,-0.000273,-0.000479,-0.000780,0.000000,0.000000,0.000000,0.000720,0.001569,-0.002449,0.049807,0.012663,0.081444,0.049807,0.012663,0.081444,-0.002731,-0.007463,0.007827,-0.002731,-0.007463,0.007827,0.011719,-0.024799,0.011591,0.052295,-0.000074,0.025102,-0.007822,0.011719,-0.024799,0.011591,0.052295,-0.000074,0.025102,-0.007822
0.803000,0.306458,-0.000219,0.486138,0.306826,-0.000190,0.486794,0.306826,-0.000190,0.486794,0.000368,0.000029,0.000656,0.000041,-0.000911,0.000108,-0.000005,0.000364,0.000292,0.000000,0.000000,0.000000,-0.000611,-0.000479,0.002300,0.044301,-0.004402,0.059745,0.044301,-0.004402,0.059745,0.002605,-0.001296,-0.006467,0.002605,-0.001296,-0.006467,-0.007806,-0.012821,-0.007828,0.035181,0.001687,0.015865,0.006465,-0.007806,-0.012821,-0.007828,0.035181,0.001687,0.015865,0.006465
0.804000,0.306458,-0.000220,0.486137,0.306826,-0.000190,0.486794,0.306826,-0.000190,0.486794,0.000368,0.000030,0.000657,0.000039,-0.000916,0.000118,0.000167,-0.000230,-0.000147,0.000000,0.000000,0.000000,0.000223,0.000794,-0.001941,0.040853,0.007608,0.068637,0.040853,0.007608,0.068637,-0.000738,-0.005129,0.006295,-0.000738,-0.005129,0.006295,0.008635,-0.019908,0.007452,0.042766,0.000856,0.019758,-0.006293,0.008635,-0.019908,0.007452,0.042766,0.000856,0.019758,-0.006293
0.805000,0.306457,-0.000220,0.486136,0.306826,-0.000190,0.486794,0.306826,-0.000190,0.486794,0.000369,0.000030,0.000657,0.000037,-0.000918,0.000117,-0.000103,-0.000151,-0.000214,0.000000,0.000000,0.000000,0.000813,0.000800,-0.000959,0.046336,0.006024,0.070019,0.046336,0.006024,0.070019,-0.003103,-0.005154,0.003345,-0.003103,-0.005154,0.003345,0.005201,-0.019517,0.006531,0.044149,-0.001838,0.021058,-0.003341,0.005201,-0.019517,0.006531,0.044149,-0.001838,0.021058,-0.003341
0.806000,0.306457,-0.000220,0.486136,0.306826,-0.000190,0.486794,0.306826,-0.000190,0.486794,0.000369,0.000030,0.000657,0.000039,-0.000916,0.000113,0.000039,-0.000103,-0.000098,0.000000,0.000000,0.000000,-0.000121,0.000025,0.000755,0.043478,0.005069,0.067685,0.043478,0.005069,0.067685,0.000638,-0.002825,-0.001813,0.000638,-0.002825,-0.001813,-0.000250,-0.016910,-0.000072,0.040352,0.001707,0.017920,0.001814,-0.000250,-0.016910,-0.000072,0.040352,0.001707,0.017920,0.001814
0.807000,0.306457,-0.000221,0.486136,0.306826,-0.000190,0.486794,0.306826,-0.000190,0.486794,0.000369,0.000031,0.000657,0.000038,-0.000916,0.000122,0.000026,-0.000225,-0.000065,0.000000,0.000000,0.000000,0.000122,0.000016,-0.001876,0.043739,0.007621,0.067033,0.043739,0.007621,0.067033,-0.000334,-0.002798,0.006116,-0.000334,-0.002798,0.006116,0.008461,-0.016644,0.007045,0.040050,0.001263,0.017893,-0.006115,0.008461,-0.016644,0.007045,0.040050,0.001263,0.017893,-0.006115
0.808000,0.306458,-0.000220,0.486139,0.306826,-0.000190,0.486794,0.306826,-0.000190,0.486794,0.000368,0.000030,0.000655,0.000041,-0.000910,0.000113,0.000294,0.000169,0.000810,0.000000,0.000000,0.000000,-0.000910,-0.001989,0.001265,0.038279,-0.000393,0.049280,0.038279,-0.000393,0.049280,0.003806,0.003235,-0.003343,0.003806,0.003235,-0.003343,-0.003453,-0.006005,-0.005168,0.024936,0.003726,0.009147,0.003339,-0.003453,-0.006005,-0.005168,0.024936,0.003726,0.009147,0.003339
0.809000,0.306457,-0.000220,0.486139,0.306826,-0.000190,0.486794,0.306826,-0.000190,0.486794,0.000369,0.000030,0.000655,0.000039,-0.000912,0.000112,-0.000073,0.000121,0.000362,0.000000,0.000000,0.000000,0.000182,-0.000759,0.001264,0.045704,0.000554,0.058286,0.045704,0.000554,0.058286,-0.000573,-0.000461,-0.003344,-0.000573,-0.000461,-0.003344,-0.003165,-0.011324,-0.001763,0.033837,-0.000452,0.015199,0.003345,-0.003165,-0.011324,-0.001763,0.033837,-0.000452,0.015199,0.003345
0.810000,0.306457,-0.000221,0.486136,0.306826,-0.000190,0.486794,0.306826,-0.000190,0.486794,0.000369,0.000031,0.000657,0.000037,-0.000917,0.000120,-0.000107,-0.000301,-0.000455,0.000000,0.000000,0.000000,0.000580,0.001164,-0.002140,0.046400,0.009099,0.074833,0.046400,0.009099,0.074833,-0.002171,-0.006244,0.006901,-0.002171,-0.006244,0.006901,0.009700,-0.022073,0.009382,0.047517,-0.000264,0.022584,-0.006897,0.009700,-0.022073,0.009382,0.047517,-0.000264,0.022584,-0.006897
0.811000,0.306457,-0.000220,0.486137,0.306826,-0.000190,0.486794,0.306826,-0.000190,0.486794,0.000369,0.000030,0.000657,0.000041,-0.000914,0.000113,-0.000056,0.000141,-0.000091,0.000000,0.000000,0.000000,-0.000704,-0.000255,0.000884,0.045387,0.000148,0.067487,0.045387,0.000148,0.067487,0.002978,-0.001978,-0.002198,0.002978,-0.001978,-0.002198,-0.002143,-0.015708,-0.003599,0.039655,0.003013,0.017456,0.002196,-0.002143,-0.015708,-0.003599,0.039655,0.003013,0.017456,0.002196
0.812000,0.306458,-0.000221,0.486136,0.306826,-0.000190,0.486794,0.306826,-0.000190,0.486794,0.000369,0.000031,0.000658,0.000037,-0.000918,0.000120,0.000083,-0.000248,-0.000423,0.000000,0.000000,0.000000,0.000622,0.001180,-0.001484,0.042562,0.008031,0.074235,0.042562,0.008031,0.074235,-0.002337,-0.006296,0.004930,-0.002337,-0.006296,0.004930,0.007400,-0.022529,0.007759,0.046795,-0.000652,0.021776,-0.004926,0.007400,-0.022529,0.007759,0.046795,-0.000652,0.021776,-0.004926
0.813000,0.306458,-0.000219,0.486138,0.306826,-0.000190,0.486794,0.306826,-0.000190,0.486794,0.000368,0.000030,0.000656,0.000043,-0.000912,0.000115,0.000042,0.000212,0.000152,0.000000,0.000000,0.000000,-0.001321,-0.000326,0.000658,0.043309,-0.001275,0.062586,0.043309,-0.001275,0.062586,0.005457,-0.001757,-0.001515,0.005457,-0.001757,-0.001515,-0.001896,-0.014304,-0.005334,0.036854,0.005191,0.016367,0.001512,-0.001896,-0.014304,-0.005334,0.036854,0.005191,0.016367,0.001512
0.814000,0.306457,-0.000220,0.486138,0.306826,-0.000190,0.486794,0.306826,-0.000190,0.486794,0.000369,0.000030,0.000656,0.000041,-0.000913,0.000115,-0.000107,0.000063,0.000251,0.000000,0.000000,0.000000,-0.000440,-0.000537,0.000390,0.046396,0.001718,0.060576,0.046396,0.001718,0.060576,0.001925,-0.001128,-0.000710,0.001925,-0.001128,-0.000710,-0.000174,-0.012586,-0.001292,0.035673,0.002288,0.016212,0.000709,-0.000174,-0.012586,-0.001292,0.035673,0.002288,0.016212,0.000709
0.815000,0.306458,-0.000221,0.486138,0.306826,-0.000190,0.486794,0.306826,-0.000190,0.486794,0.000368,0.000031,0.000656,0.000037,-0.000913,0.000119,0.000135,-0.000086,0.000280,0.000000,0.000000,0.000000,0.001001,-0.000596,-0.000544,0.041490,0.004816,0.059965,0.041490,0.004816,0.059965,-0.003855,-0.000951,0.002111,-0.003855,-0.000951,0.002111,0.003595,-0.012975,0.005797,0.034579,-0.002844,0.014952,-0.002107,0.003595,-0.012975,0.005797,0.034579,-0.002844,0.014952,-0.002107
0.816000,0.306458,-0.000221,0.486137,0.306826,-0.000190,0.486794,0.306826,-0.000190,0.486794,0.000369,0.000031,0.000657,0.000040,-0.000913,0.000117,-0.000031,-0.000067,-0.000123,0.000000,0.000000,0.000000,-0.000029,-0.000348,0.000760,0.044865,0.004454,0.068130,0.044865,0.004454,0.068130,0.000273,-0.001694,-0.001814,0.000273,-0.001694,-0.001814,-0.000439,-0.015703,-0.000013,0.039609,0.001213,0.017120,0.001814,-0.000439,-0.015703,-0.000013,0.039609,0.001213,0.017120,0.001814
0.817000,0.306458,-0.000220,0.486137,0.306826,-0.000190,0.486794,0.306826,-0.000190,0.486794,0.000369,0.000030,0.000656,0.000040,-0.000915,0.000117,0.000029,-0.000128,-0.000035,0.000000,0.000000,0.000000,0.000236,0.000276,-0.000853,0.043646,0.005569,0.066346,0.043646,0.005569,0.066346,-0.000784,-0.003572,0.003029,-0.000784,-0.003572,0.003029,0.004745,-0.017220,0.004517,0.040487,0.000385,0.018586,-0.003027,0.004745,-0.017220,0.004517,0.040487,0.000385,0.018586,-0.003027
0.818000,0.306458,-0.000219,0.486138,0.306826,-0.000190,0.486794,0.306826,-0.000190,0.486794,0.000368,0.000029,0.000656,0.000039,-0.000911,0.000113,-0.000116,0.000219,0.000127,0.000000,0.000000,0.000000,0.000139,-0.000135,0.000873,0.046510,-0.001424,0.063044,0.046510,-0.001424,0.063044,-0.000399,-0.002326,-0.002165,-0.000399,-0.002326,-0.002165,-0.002591,-0.014524,-0.001694,0.038052,-0.000695,0.017652,0.002166,-0.002591,-0.014524,-0.001694,0.038052,-0.000695,0.017652,0.002166
0.819000,0.306458,-0.000219,0.486137,0.306826,-0.000190,0.486794,0.306826,-0.000190,0.486794,0.000368,0.000029,0.000656,0.000039,-0.000913,0.000114,0.000108,-0.000065,-0.000045,0.000000,0.000000,0.000000,0.000552,-0.000008,-0.000114,0.042023,0.004257,0.066525,0.042023,0.004257,0.066525,-0.002053,-0.002714,0.000799,-0.002053,-0.002714,0.000799,0.002113,-0.016667,0.003415,0.039507,-0.001158,0.017403,-0.000797,0.002113,-0.016667,0.003415,0.039507,-0.001158,0.017403,-0.000797
0.820000,0.306458,-0.000219,0.486139,0.306826,-0.000190,0.486794,0.306826,-0.000190,0.486794,0.000368,0.000029,0.000655,0.000043,-0.000910,0.000116,0.000227,0.000128,0.000540,0.000000,0.000000,0.000000,-0.000724,-0.001212,-0.000764,0.039604,0.000326,0.054674,0.039604,0.000326,0.054674,0.003069,0.000906,0.002755,0.003069,0.000906,0.002755,0.002865,-0.009784,-0.000107,0.029981,0.003134,0.012232,-0.002758,0.002865,-0.009784,-0.000107,0.029981,0.003134,0.012232,-0.002758
0.821000,0.306458,-0.000219,0.486137,0.306826,-0.000190,0.486794,0.306826,-0.000190,0.486794,0.000368,0.000029,0.000657,0.000038,-0.000916,0.000111,0.000082,0.000084,-0.000380,0.000000,0.000000,0.000000,0.000610,0.000955,0.001448,0.042541,0.001251,0.073299,0.042541,0.001251,0.073299,-0.002289,-0.005613,-0.003898,-0.002289,-0.005613,-0.003898,-0.003505,-0.021562,-0.000710,0.045669,-0.002020,0.021004,0.003901,-0.003505,-0.021562,-0.000710,0.045669,-0.002020,0.021004,0.003901
0.822000,0.306457,-0.000220,0.486138,0.306826,-0.000190,0.486794,0.306826,-0.000190,0.486794,0.000369,0.000030,0.000656,0.000040,-0.000913,0.000117,-0.000166,-0.000167,0.000067,0.000000,0.000000,0.000000,-0.000495,-0.000239,-0.000673,0.047579,0.006360,0.064257,0.047579,0.006360,0.064257,0.002140,-0.002021,0.002485,0.002140,-0.002021,0.002485,0.004444,-0.014427,0.002320,0.038455,0.003476,0.017679,-0.002486,0.004444,-0.014427,0.002320,0.038455,0.003476,0.017679,-0.002486
0.823000,0.306458,-0.000219,0.486136,0.306826,-0.000190,0.486794,0.306826,-0.000190,0.486794,0.000368,0.000029,0.000658,0.000040,-0.000918,0.000115,-0.000012,0.000333,-0.000559,0.000000,0.000000,0.000000,-0.000283,0.001511,0.000264,0.044451,-0.003762,0.076966,0.044451,-0.003762,0.076966,0.001292,-0.007287,-0.000333,0.001292,-0.007287,-0.000333,-0.001476,-0.024067,-0.002358,0.049318,0.000503,0.023402,0.000334,-0.001476,-0.024067,-0.002358,0.049318,0.000503,0.023402,0.000334
0.824000,0.306458,-0.000221,0.486138,0.306826,-0.000190,0.486794,0.306826,-0.000190,0.486794,0.000368,0.000031,0.000656,0.000037,-0.000912,0.000117,0.000100,-0.000341,0.000344,0.000000,0.000000,0.000000,0.000666,-0.000900,-0.000012,0.042188,0.009949,0.058683,0.042188,0.009949,0.058683,-0.002514,-0.000036,0.000506,-0.002514,-0.000036,0.000506,0.003564,-0.011561,0.005382,0.033148,-0.000421,0.014070,-0.000504,0.003564,-0.011561,0.005382,0.033148,-0.000421,0.014070,-0.000504
0.825000,0.306458,-0.000220,0.486137,0.306826,-0.000190,0.486794,0.306826,-0.000190,0.486794,0.000368,0.000030,0.000657,0.000040,-0.000917,0.000116,-0.000019,0.000062,-0.000246,0.000000,0.000000,0.000000,-0.000457,0.000988,0.000024,0.044602,0.001769,0.070620,0.044602,0.001769,0.070620,0.001989,-0.005715,0.000390,0.001989,-0.005715,0.000390,0.000942,-0.020527,-0.000544,0.044771,0.002362,0.021305,-0.000390,0.000942,-0.020527,-0.000544,0.044771,0.002362,0.021305,-0.000390
0.826000,0.306457,-0.000220,0.486139,0.306826,-0.000190,0.486794,0.306826,-0.000190,0.486794,0.000369,0.000030,0.000655,0.000037,-0.000912,0.000115,-0.000112,0.000056,0.000440,0.000000,0.000000,0.000000,0.000577,-0.001012,0.000204,0.046490,0.001867,0.056721,0.046490,0.001867,0.056721,-0.002158,0.000299,-0.000154,-0.002158,0.000299,-0.000154,0.000429,-0.009965,0.002041,0.032440,-0.001764,0.014468,0.000155,0.000429,-0.009965,0.002041,0.032440,-0.001764,0.014468,0.000155
0.827000,0.306458,-0.000219,0.486138,0.306826,-0.000190,0.486794,0.306826,-0.000190,0.486794,0.000368,0.000029,0.000656,0.000040,-0.000911,0.000114,-0.000890,0.000116,0.001641,0.000000,0.000000,0.000000,-0.000058,-0.005540,-0.000052,0.061958,0.000581,0.032794,0.061958,0.000581,0.032794,0.000393,0.013888,0.000612,0.000393,0.013888,0.000612,0.000802,0.013327,0.000357,0.009524,0.000511,0.002030,-0.000616,0.000802,0.013327,0.000357,0.009524,0.000511,0.002030,-0.000616
0.828000,0.306459,-0.000219,0.486138,0.306826,-0.000190,0.486794,0.306826,-0.000190,0.486794,0.000367,0.000029,0.000656,0.000038,-0.000909,0.000112,-0.000552,0.000170,0.001538,0.000000,0.000000,0.000000,0.000402,-0.005012,0.000948,0.055104,-0.000485,0.034792,0.055104,-0.000485,0.034792,-0.001458,0.012310,-0.002397,-0.001458,0.012310,-0.002397,-0.002534,0.010083,-0.000803,0.011174,-0.001560,0.002341,0.002395,-0.002534,0.010083,-0.000803,0.011174,-0.001560,0.002341,0.002395
0.829000,0.306459,-0.000220,0.486136,0.306826,-0.000190,0.486794,0.306826,-0.000190,0.486794,0.000368,0.000031,0.000657,0.000036,-0.000913,0.000113,-0.000622,-0.000329,0.000600,0.000000,0.000000,0.000000,0.000886,-0.002384,0.000289,0.056544,0.009627,0.053739,0.056544,0.009627,0.053739,-0.003401,0.004413,-0.000415,-0.003401,0.004413,-0.000415,0.002548,-0.003395,0.005259,0.028202,-0.001375,0.012207,0.000416,0.002548,-0.003395,0.005259,0.028202,-0.001375,0.012207,0.000416
0.830000,0.306459,-0.000221,0.486138,0.306826,-0.000190,0.486794,0.306826,-0.000190,0.486794,0.000367,0.000031,0.000656,0.000040,-0.000911,0.000121,-0.000424,-0.000091,0.000971,0.000000,0.000000,0.000000,-0.000706,-0.002490,-0.001716,0.052564,0.004900,0.046166,0.052564,0.004900,0.046166,0.002984,0.004736,0.005632,0.002984,0.004736,0.005632,0.007146,-0.001364,0.003474,0.023795,0.004008,0.010382,-0.005636,0.007146,-0.001364,0.003474,0.023795,0.004008,0.010382,-0.005636
0.831000,0.306458,-0.000222,0.486139,0.306826,-0.000190,0.486794,0.306826,-0.000190,0.486794,0.000368,0.000032,0.000655,0.000040,-0.000909,0.000119,-0.000330,-0.000259,0.001122,0.000000,0.000000,0.000000,-0.000470,-0.003741,-0.000098,0.050774,0.008361,0.043055,0.050774,0.008361,0.043055,0.002039,0.008494,0.000768,0.002039,0.008494,0.000768,0.003343,0.003074,0.001835,0.018338,0.003795,0.005971,-0.000772,0.003343,0.003074,0.001835,0.018338,0.003795,0.005971,-0.000772
0.832000,0.306457,-0.000220,0.486137,0.306826,-0.000190,0.486794,0.306826,-0.000190,0.486794,0.000369,0.000030,0.000657,0.000038,-0.000913,0.000119,-0.000303,0.000079,0.000103,0.000000,0.000000,0.000000,0.000587,-0.000990,-0.000776,0.050320,0.001463,0.063596,0.050320,0.001463,0.063596,-0.002193,0.000231,0.002806,-0.002193,0.000231,0.002806,0.003266,-0.011552,0.004025,0.036243,-0.001889,0.015947,-0.002805,0.003266,-0.011552,0.004025,0.036243,-0.001889,0.015947,-0.002805
0.833000,0.306457,-0.000221,0.486138,0.306826,-0.000190,0.486794,0.306826,-0.000190,0.486794,0.000369,0.000031,0.000656,0.000039,-0.000912,0.000121,-0.000285,0.000050,0.000519,0.000000,0.000000,0.000000,-0.000273,-0.001661,-0.000615,0.049961,0.002085,0.055188,0.049961,0.002085,0.055188,0.001248,0.002245,0.002330,0.001248,0.002245,0.002330,0.002980,-0.007016,0.001455,0.030213,0.001683,0.013117,-0.002331,0.002980,-0.007016,0.001455,0.030213,0.001683,0.013117,-0.002331
0.834000,0.306458,-0.000220,0.486138,0.306826,-0.000190,0.486794,0.306826,-0.000190,0.486794,0.000368,0.000030,0.000656,0.000040,-0.000914,0.000111,0.000038,0.000214,0.000296,0.000000,0.000000,0.000000,-0.000574,-0.000643,0.002424,0.043413,-0.001300,0.059686,0.043413,-0.001300,0.059686,0.002457,-0.000815,-0.006831,0.002457,-0.000815,-0.006831,-0.007219,-0.012457,-0.006971,0.034557,0.002192,0.015191,0.006829,-0.007219,-0.012457,-0.006971,0.034557,0.002192,0.015191,0.006829
0.835000,0.306458,-0.000219,0.486138,0.306826,-0.000190,0.486794,0.306826,-0.000190,0.486794,0.000369,0.000030,0.000656,0.000040,-0.000912,0.000117,-0.000178,0.000143,0.000318,0.000000,0.000000,0.000000,-0.000385,-0.001294,-0.000825,0.047789,0.000108,0.059221,0.047789,0.000108,0.059221,0.001699,0.001144,0.002945,0.001699,0.001144,0.002945,0.002988,-0.009686,0.000926,0.032940,0.001718,0.014116,-0.002946,0.002988,-0.009686,0.000926,0.032940,0.001718,0.014116,-0.002946
0.836000,0.306458,-0.000221,0.486137,0.306826,-0.000190,0.486794,0.306826,-0.000190,0.486794,0.000368,0.000031,0.000657,0.000038,-0.000912,0.000115,-0.000298,-0.000347,-0.000076,0.000000,0.000000,0.000000,0.000362,0.000117,0.000328,0.050181,0.010022,0.067178,0.050181,0.010022,0.067178,-0.001296,-0.003088,-0.000525,-0.001296,-0.003088,-0.000525,0.002558,-0.015991,0.003819,0.041235,0.000815,0.019549,0.000526,0.002558,-0.015991,0.003819,0.041235,0.000815,0.019549,0.000526
0.837000,0.306458,-0.000222,0.486136,0.306826,-0.000190,0.486794,0.306826,-0.000190,0.486794,0.000369,0.000032,0.000658,0.000038,-0.000917,0.000119,-0.000020,-0.000505,-0.000168,0.000000,0.000000,0.000000,0.000194,0.000120,-0.001158,0.044632,0.013265,0.069163,0.044632,0.013265,0.069163,-0.000623,-0.003111,0.003947,-0.000623,-0.003111,0.003947,0.008022,-0.017474,0.007552,0.041482,0.002164,0.018581,-0.003946,0.008022,-0.017474,0.007552,0.041482,0.002164,0.018581,-0.003946
0.838000,0.306457,-0.000220,0.486140,0.306826,-0.000190,0.486794,0.306826,-0.000190,0.486794,0.000369,0.000030,0.000653,0.000045,-0.000905,0.000119,-0.000061,0.000311,0.001270,0.000000,0.000000,0.000000,-0.001075,-0.003476,-0.001038,0.045469,-0.003170,0.039940,0.045469,-0.003170,0.039940,0.004479,0.007711,0.003592,0.004479,0.007711,0.003592,0.002633,0.002431,-0.001645,0.016971,0.003806,0.005365,-0.003598,0.002633,0.002431,-0.001645,0.016971,0.003806,0.005365,-0.003598
0.839000,0.306458,-0.000221,0.486134,0.306826,-0.000190,0.486794,0.306826,-0.000190,0.486794,0.000368,0.000031,0.000659,0.000038,-0.000921,0.000113,0.000087,-0.000116,-0.001167,0.000000,0.000000,0.000000,0.000773,0.002951,0.001425,0.042472,0.005426,0.089268,0.042472,0.005426,0.089268,-0.002939,-0.011615,-0.003823,-0.002939,-0.011615,-0.003823,-0.002150,-0.032473,0.001160,0.059197,-0.001790,0.028394,0.003828,-0.002150,-0.032473,0.001160,0.059197,-0.001790,0.028394,0.003828
0.840000,0.306458,-0.000220,0.486138,0.306826,-0.000190,0.486794,0.306826,-0.000190,0.486794,0.000368,0.000030,0.000656,0.000039,-0.000908,0.000115,0.000012,0.000304,0.000332,0.000000,0.000000,0.000000,0.000053,-0.001198,0.000236,0.043905,-0.003112,0.058916,0.043905,-0.003112,0.058916,-0.000056,0.000869,-0.000248,-0.000056,0.000869,-0.000248,-0.001192,-0.010463,-0.001133,0.032575,-0.000710,0.013547,0.000248,-0.001192,-0.010463,-0.001133,0.032575,-0.000710,0.013547,0.000248
0.841000,0.306458,-0.000221,0.486138,0.306826,-0.000190,0.486794,0.306826,-0.000190,0.486794,0.000368,0.000031,0.000656,0.000038,-0.000911,0.000118,0.000005,-0.000378,0.000225,0.000000,0.000000,0.000000,0.000496,-0.000811,-0.000762,0.044082,0.010698,0.061072,0.044082,0.010698,0.061072,-0.001834,-0.000298,0.002757,-0.001834,-0.000298,0.002757,0.006045,-0.012266,0.006735,0.034781,0.000414,0.014941,-0.002755,0.006045,-0.012266,0.006735,0.034781,0.000414,0.014941,-0.002755
0.842000,0.306458,-0.000221,0.486138,0.306826,-0.000190,0.486794,0.306826,-0.000190,0.486794,0.000368,0.000031,0.000656,0.000041,-0.000913,0.000121,0.000052,0.000090,0.000201,0.000000,0.000000,0.000000,-0.000762,-0.000041,-0.000877,0.043148,0.001301,0.061555,0.043148,0.001301,0.061555,0.003210,-0.002614,0.003114,0.003210,-0.002614,0.003114,0.003522,-0.014869,0.000363,0.037203,0.003481,0.017101,-0.003116,0.003522,-0.014869,0.000363,0.037203,0.003481,0.017101,-0.003116
0.843000,0.306459,-0.000220,0.486139,0.306826,-0.000190,0.486794,0.306826,-0.000190,0.486794,0.000368,0.000030,0.000655,0.000038,-0.000907,0.000117,0.000056,0.000221,0.000351,0.000000,0.000000,0.000000,0.000565,-0.001100,0.000417,0.042997,-0.001410,0.058454,0.042997,-0.001410,0.058454,-0.002109,0.000581,-0.000785,-0.002109,0.000581,-0.000785,-0.001208,-0.010749,0.000494,0.032529,-0.002405,0.013604,0.000787,-0.001208,-0.010749,0.000494,0.032529,-0.002405,0.013604,0.000787
0.844000,0.306458,-0.000220,0.486137,0.306826,-0.000190,0.486794,0.306826,-0.000190,0.486794,0.000368,0.000030,0.000656,0.000041,-0.000914,0.000115,-0.000057,0.000185,-0.000242,0.000000,0.000000,0.000000,-0.000695,0.000884,0.000672,0.045338,-0.000730,0.070485,0.045338,-0.000730,0.070485,0.002944,-0.005393,-0.001556,0.002944,-0.005393,-0.001556,-0.001770,-0.020050,-0.003407,0.044479,0.002794,0.021124,0.001556,-0.001770,-0.020050,-0.003407,0.044479,0.002794,0.021124,0.001556
0.845000,0.306458,-0.000221,0.486138,0.306826,-0.000190,0.486794,0.306826,-0.000190,0.486794,0.000368,0.000032,0.000656,0.000038,-0.000912,0.000124,0.000083,-0.000268,0.000123,0.000000,0.000000,0.000000,0.000390,-0.000209,-0.000675,0.042520,0.008524,0.063097,0.042520,0.008524,0.063097,-0.001408,-0.002108,0.002520,-0.001408,-0.002108,0.002520,0.005141,-0.014934,0.005558,0.037346,0.000383,0.016600,-0.002518,0.005141,-0.014934,0.005558,0.037346,0.000383,0.016600,-0.002518
0.846000,0.306457,-0.000219,0.486139,0.306826,-0.000190,0.486794,0.306826,-0.000190,0.486794,0.000369,0.000029,0.000655,0.000040,-0.000909,0.000111,-0.000180,0.000604,0.000432,0.000000,0.000000,0.000000,-0.000356,-0.001111,0.002499,0.047855,-0.009209,0.056818,0.047855,-0.009209,0.056818,0.001585,0.000605,-0.007051,0.001585,0.000605,-0.007051,-0.009863,-0.009480,-0.009081,0.032355,-0.000344,0.014455,0.007050,-0.009863,-0.009480,-0.009081,0.032355,-0.000344,0.014455,0.007050
0.847000,0.306458,-0.000220,0.486138,0.306826,-0.000190,0.486794,0.306826,-0.000190,0.486794,0.000368,0.000030,0.000656,0.000037,-0.000911,0.000115,0.000043,0.000011,-0.000323,0.000000,0.000000,0.000000,0.000617,0.000783,0.000102,0.043268,0.002760,0.072076,0.043268,0.002760,0.072076,-0.002317,-0.005080,0.000153,-0.002317,-0.005080,0.000153,0.001009,-0.020543,0.002660,0.044652,-0.001735,0.020518,-0.000150,0.001009,-0.020543,0.002660,0.044652,-0.001735,0.020518,-0.000150
0.848000,0.306458,-0.000220,0.486139,0.306826,-0.000190,0.486794,0.306826,-0.000190,0.486794,0.000368,0.000030,0.000655,0.000041,-0.000910,0.000118,-0.000036,-0.000173,0.000198,0.000000,0.000000,0.000000,-0.000287,-0.000356,-0.000858,0.044913,0.006483,0.061554,0.044913,0.006483,0.061554,0.001311,-0.001663,0.003045,0.001311,-0.001663,0.003045,0.005042,-0.013648,0.003342,0.036479,0.002672,0.016522,-0.003045,0.005042,-0.013648,0.003342,0.036479,0.002672,0.016522,-0.003045
0.849000,0.306457,-0.000221,0.486139,0.306826,-0.000190,0.486794,0.306826,-0.000190,0.486794,0.000369,0.000031,0.000654,0.000040,-0.000909,0.000115,-0.000024,-0.000314,0.000132,0.000000,0.000000,0.000000,-0.000190,-0.000238,0.000270,0.044741,0.009372,0.062805,0.044741,0.009372,0.062805,0.000920,-0.002012,-0.000353,0.000920,-0.002012,-0.000353,0.002530,-0.014408,0.002158,0.037397,0.002893,0.016944,0.000352,0.002530,-0.014408,0.002158,0.037397,0.002893,0.016944,0.000352
0.850000,0.306458,-0.000220,0.486139,0.306826,-0.000190,0.486794,0.306826,-0.000190,0.486794,0.000368,0.000030,0.000655,0.000039,-0.000912,0.000117,0.000046,0.000210,0.000180,0.000000,0.000000,0.000000,0.000110,0.000256,0.000165,0.043303,-0.001176,0.061875,0.043303,-0.001176,0.061875,-0.000283,-0.003502,-0.000030,-0.000283,-0.003502,-0.000030,-0.000381,-0.015833,-0.000189,0.038265,-0.000529,0.018051,0.000031,-0.000381,-0.015833,-0.000189,0.038265,-0.000529,0.018051,0.000031
0.851000,0.306459,-0.000220,0.486138,0.306826,-0.000190,0.486794,0.306826,-0.000190,0.486794,0.000368,0.000030,0.000655,0.000040,-0.000910,0.000114,0.000054,-0.000164,-0.000142,0.000000,0.000000,0.000000,0.000093,0.000311,0.000127,0.043045,0.006277,0.068373,0.043045,0.006277,0.068373,-0.000210,-0.003662,0.000073,-0.000210,-0.003662,0.000073,0.002006,-0.018023,0.002254,0.041456,0.001111,0.018727,-0.000072,0.002006,-0.018023,0.002254,0.041456,0.001111,0.018727,-0.000072
0.852000,0.306458,-0.000221,0.486138,0.306826,-0.000190,0.486794,0.306826,-0.000190,0.486794,0.000368,0.000031,0.000656,0.000041,-0.000911,0.000118,0.000086,-0.000479,-0.000074,0.000000,0.000000,0.000000,0.000061,-0.000031,-0.001868,0.042445,0.012654,0.067024,0.042445,0.012654,0.067024,-0.000082,-0.002641,0.006077,-0.000082,-0.002641,0.006077,0.009964,-0.016683,0.008473,0.039721,0.002574,0.017463,-0.006076,0.009964,-0.016683,0.008473,0.039721,0.002574,0.017463,-0.006076
0.853000,0.306458,-0.000221,0.486139,0.306826,-0.000190,0.486794,0.306826,-0.000190,0.486794,0.000368,0.000031,0.000655,0.000039,-0.000908,0.000120,0.000005,-0.000276,0.000407,0.000000,0.000000,0.000000,0.000244,-0.000990,-0.001246,0.044040,0.008650,0.057344,0.044040,0.008650,0.057344,-0.000820,0.000246,0.004215,-0.000820,0.000246,0.004215,0.006875,-0.010585,0.006381,0.032471,0.000994,0.014060,-0.004214,0.006875,-0.010585,0.006381,0.032471,0.000994,0.014060,-0.004214
0.854000,0.306458,-0.000221,0.486138,0.306826,-0.000190,0.486794,0.306826,-0.000190,0.486794,0.000368,0.000031,0.000655,0.000038,-0.000911,0.000116,-0.000080,0.000015,-0.000035,0.000000,0.000000,0.000000,0.000164,-0.000010,0.001074,0.045809,0.002848,0.066238,0.045809,0.002848,0.066238,-0.000502,-0.002702,-0.002757,-0.000502,-0.002702,-0.002757,-0.001873,-0.015986,-0.000651,0.039845,0.000102,0.018160,0.002758,-0.001873,-0.015986,-0.000651,0.039845,0.000102,0.018160,0.002758
0.855000,0.306458,-0.000219,0.486137,0.306826,-0.000190,0.486794,0.306826,-0.000190,0.486794,0.000368,0.000030,0.000657,0.000038,-0.000916,0.000116,0.000096,0.000484,-0.000606,0.000000,0.000000,0.000000,0.000090,0.001426,0.000477,0.042251,-0.006720,0.077828,0.042251,-0.006720,0.077828,-0.000205,-0.007023,-0.000966,-0.000205,-0.007023,-0.000966,-0.003017,-0.024406,-0.002705,0.049180,-0.001616,0.022752,0.000969,-0.003017,-0.024406,-0.002705,0.049180,-0.001616,0.022752,0.000969
0.856000,0.306458,-0.000221,0.486140,0.306826,-0.000190,0.486794,0.306826,-0.000190,0.486794,0.000368,0.000031,0.000654,0.000038,-0.000908,0.000114,0.000133,0.000019,0.000336,0.000000,0.000000,0.000000,0.000079,-0.000813,0.001351,0.041520,0.002729,0.058693,0.041520,0.002729,0.058693,-0.000165,-0.000287,-0.003596,-0.000165,-0.000287,-0.003596,-0.002751,-0.011916,-0.001523,0.033319,0.000414,0.014180,0.003597,-0.002751,-0.011916,-0.001523,0.033319,0.000414,0.014180,0.003597
0.857000,0.306457,-0.000221,0.486139,0.306826,-0.000190,0.486794,0.306826,-0.000190,0.486794,0.000369,0.000031,0.000655,0.000039,-0.000910,0.000117,-0.000201,-0.000096,-0.000196,0.000000,0.000000,0.000000,-0.000170,0.000345,-0.000593,0.048335,0.005013,0.069423,0.048335,0.005013,0.069423,0.000835,-0.003765,0.002248,0.000835,-0.003765,0.002248,0.003795,-0.017638,0.002640,0.042735,0.001888,0.020036,-0.002248,0.003795,-0.017638,0.002640,0.042735,0.001888,0.020036,-0.002248
0.858000,0.306457,-0.000220,0.486140,0.306826,-0.000190,0.486794,0.306826,-0.000190,0.486794,0.000369,0.000031,0.000654,0.000039,-0.000906,0.000117,-0.000162,0.000002,0.000331,0.000000,0.000000,0.000000,-0.000095,-0.000977,-0.000631,0.047565,0.003019,0.058736,0.047565,0.003019,0.058736,0.000536,0.000211,0.002362,0.000536,0.000211,0.002362,0.003297,-0.010504,0.002282,0.033615,0.001169,0.014959,-0.002362,0.003297,-0.010504,0.002282,0.033615,0.001169,0.014959,-0.002362
0.859000,0.306457,-0.000221,0.486139,0.306826,-0.000190,0.486794,0.306826,-0.000190,0.486794,0.000369,0.000031,0.000655,0.000037,-0.000910,0.000113,-0.000009,-0.000077,0.000022,0.000000,0.000000,0.000000,0.000379,-0.000001,0.000989,0.044423,0.004609,0.065050,0.044423,0.004609,0.065050,-0.001366,-0.002727,-0.002515,-0.001366,-0.002727,-0.002515,-0.001092,-0.015860,0.000703,0.039132,-0.000393,0.017790,0.002516,-0.001092,-0.015860,0.000703,0.039132,-0.000393,0.017790,0.002516
0.860000,0.306458,-0.000221,0.486138,0.306826,-0.000190,0.486794,0.306826,-0.000190,0.486794,0.000368,0.000031,0.000656,0.000037,-0.000914,0.000119,0.000165,-0.000111,-0.000327,0.000000,0.000000,0.000000,0.000408,0.001112,-0.001381,0.040880,0.005319,0.072145,0.040880,0.005319,0.072145,-0.001485,-0.006080,0.004619,-0.001485,-0.006080,0.004619,0.006258,-0.021929,0.006055,0.045376,-0.000370,0.021022,-0.004616,0.006258,-0.021929,0.006055,0.045376,-0.000370,0.021022,-0.004616
0.861000,0.306458,-0.000220,0.486137,0.306826,-0.000190,0.486794,0.306826,-0.000190,0.486794,0.000369,0.000030,0.000656,0.000038,-0.000915,0.000119,-0.000047,0.000107,-0.000310,0.000000,0.000000,0.000000,-0.000122,0.000741,-0.001036,0.045165,0.000903,0.071843,0.045165,0.000903,0.071843,0.000642,-0.004968,0.003586,0.000642,-0.004968,0.003586,0.003872,-0.020069,0.002385,0.044673,0.000830,0.020785,-0.003585,0.003872,-0.020069,0.002385,0.044673,0.000830,0.020785,-0.003585
0.862000,0.306458,-0.000220,0.486138,0.306826,-0.000190,0.486794,0.306826,-0.000190,0.486794,0.000368,0.000030,0.000656,0.000038,-0.000912,0.000112,0.000090,0.000071,0.000077,0.000000,0.000000,0.000000,-0.000080,-0.000299,0.001785,0.042378,0.001616,0.064022,0.042378,0.001616,0.064022,0.000473,-0.001839,-0.004906,0.000473,-0.001839,-0.004906,-0.004401,-0.014969,-0.003260,0.037496,0.000819,0.016380,0.004906,-0.004401,-0.014969,-0.003260,0.037496,0.000819,0.016380,0.004906
0.863000,0.306457,-0.000220,0.486138,0.306826,-0.000190,0.486794,0.306826,-0.000190,0.486794,0.000369,0.000030,0.000656,0.000040,-0.000914,0.000116,-0.000196,0.000216,-0.000082,0.000000,0.000000,0.000000,-0.000718,0.000275,-0.000081,0.048203,-0.001327,0.067251,0.048203,-0.001327,0.067251,0.003032,-0.003566,0.000705,0.003032,-0.003566,0.000705,0.000309,-0.016793,-0.002065,0.041493,0.002753,0.019617,-0.000707,0.000309,-0.016793,-0.002065,0.041493,0.002753,0.019617,-0.000707
0.864000,0.306458,-0.000220,0.486138,0.306826,-0.000190,0.486794,0.306826,-0.000190,0.486794,0.000368,0.000030,0.000656,0.000041,-0.000914,0.000113,0.000026,-0.000183,0.000037,0.000000,0.000000,0.000000,-0.000274,0.000184,0.000232,0.043706,0.006680,0.064832,0.043706,0.006680,0.064832,0.001260,-0.003292,-0.000241,0.001260,-0.003292,-0.000241,0.001816,-0.016467,0.001121,0.039500,0.002667,0.018185,0.000241,0.001816,-0.016467,0.001121,0.039500,0.002667,0.018185,0.000241
0.865000,0.306458,-0.000220,0.486139,0.306826,-0.000190,0.486794,0.306826,-0.000190,0.486794,0.000369,0.000030,0.000655,0.000039,-0.000911,0.000114,0.000067,0.000340,0.000046,0.000000,0.000000,0.000000,0.000258,-0.000115,0.001089,0.042893,-0.003817,0.064591,0.042893,-0.003817,0.064591,-0.000876,-0.002387,-0.002812,-0.000876,-0.002387,-0.002812,-0.003972,-0.015613,-0.002591,0.038380,-0.001675,0.017088,0.002813,-0.003972,-0.015613,-0.002591,0.038380,-0.001675,0.017088,0.002813
0.866000,0.306457,-0.000220,0.486138,0.306826,-0.000190,0.486794,0.306826,-0.000190,0.486794,0.000369,0.000030,0.000656,0.000040,-0.000911,0.000119,-0.000233,-0.000005,-0.000105,0.000000,0.000000,0.000000,-0.000427,-0.000407,-0.001307,0.048975,0.003122,0.067678,0.048975,0.003122,0.067678,0.001868,-0.001513,0.004398,0.001868,-0.001513,0.004398,0.005365,-0.014751,0.002814,0.039739,0.002520,0.017765,-0.004399,0.005365,-0.014751,0.002814,0.039739,0.002520,0.017765,-0.004399
0.867000,0.306458,-0.000221,0.486136,0.306826,-0.000190,0.486794,0.306826,-0.000190,0.486794,0.000368,0.000031,0.000658,0.000037,-0.000920,0.000115,0.000150,-0.000196,-0.000802,0.000000,0.000000,0.000000,0.000572,0.002286,0.000893,0.041198,0.007063,0.081855,0.041198,0.007063,0.081855,-0.002138,-0.009617,-0.002217,-0.002138,-0.009617,-0.002217,-0.000043,-0.028396,0.002257,0.053537,-0.000647,0.025477,0.002221,-0.000043,-0.028396,0.002257,0.053537,-0.000647,0.025477,0.002221
0.868000,0.306459,-0.000219,0.486137,0.306826,-0.000190,0.486794,0.306826,-0.000190,0.486794,0.000368,0.000030,0.000657,0.000038,-0.000915,0.000117,0.000350,0.000344,0.000036,0.000000,0.000000,0.000000,0.000360,-0.000099,-0.000357,0.037096,-0.003917,0.064939,0.037096,-0.003917,0.064939,-0.001290,-0.002448,0.001536,-0.001290,-0.002448,0.001536,0.000344,-0.016669,0.000740,0.037860,-0.002115,0.015961,-0.001534,0.000344,-0.016669,0.000740,0.037860,-0.002115,0.015961,-0.001534
0.869000,0.306458,-0.000221,0.486138,0.306826,-0.000190,0.486794,0.306826,-0.000190,0.486794,0.000369,0.000031,0.000656,0.000039,-0.000912,0.000117,-0.000151,-0.000245,0.000249,0.000000,0.000000,0.000000,0.000260,-0.000908,-0.000269,0.047263,0.007982,0.060607,0.047263,0.007982,0.060607,-0.000883,-0.000014,0.001275,-0.000883,-0.000014,0.001275,0.003732,-0.011350,0.004134,0.034685,0.000795,0.015284,-0.001275,0.003732,-0.011350,0.004134,0.034685,0.000795,0.015284,-0.001275
0.870000,0.306458,-0.000219,0.486138,0.306826,-0.000190,0.486794,0.306826,-0.000190,0.486794,0.000368,0.000030,0.000656,0.000039,-0.000913,0.000116,0.000006,0.000218,0.000237,0.000000,0.000000,0.000000,-0.000287,-0.000368,-0.000148,0.044074,-0.001402,0.060820,0.044074,-0.001402,0.060820,0.001307,-0.001635,0.000907,0.001307,-0.001635,0.000907,0.000487,-0.013525,-0.000727,0.035998,0.001012,0.016253,-0.000908,0.000487,-0.013525,-0.000727,0.035998,0.001012,0.016253,-0.000908
0.871000,0.306458,-0.000221,0.486140,0.306826,-0.000190,0.486794,0.306826,-0.000190,0.486794,0.000368,0.000031,0.000654,0.000040,-0.000909,0.000119,0.000052,-0.000118,0.000656,0.000000,0.000000,0.000000,-0.000633,-0.001689,-0.000417,0.043140,0.005464,0.052292,0.043140,0.005464,0.052292,0.002692,0.002340,0.001728,0.002692,0.002340,0.001728,0.003412,-0.007079,0.001103,0.027876,0.003839,0.011331,-0.001731,0.003412,-0.007079,0.001103,0.027876,0.003839,0.011331,-0.001731
0.872000,0.306458,-0.000220,0.486135,0.306826,-0.000190,0.486794,0.306826,-0.000190,0.486794,0.000369,0.000030,0.000659,0.000039,-0.000917,0.000115,-0.000311,-0.000026,-0.001155,0.000000,0.000000,0.000000,0.000481,0.002638,0.000803,0.050452,0.003561,0.088980,0.050452,0.003561,0.088980,-0.001768,-0.010664,-0.001949,-0.001768,-0.010664,-0.001949,-0.000846,-0.030211,0.001050,0.059137,-0.001014,0.029098,0.001954,-0.000846,-0.030211,0.001050,0.059137,-0.001014,0.029098,0.001954
0.873000,0.306459,-0.000221,0.486139,0.306826,-0.000190,0.486794,0.306826,-0.000190,0.486794,0.000367,0.000031,0.000654,0.000036,-0.000910,0.000120,0.000331,-0.000156,0.000723,0.000000,0.000000,0.000000,0.000916,-0.001212,-0.000842,0.037475,0.006252,0.050976,0.037475,0.006252,0.050976,-0.003521,0.000904,0.003007,-0.003521,0.000904,0.003007,0.004930,-0.008981,0.006658,0.027965,-0.002210,0.011462,-0.003004,0.004930,-0.008981,0.006658,0.027965,-0.002210,0.011462,-0.003004
0.874000,0.306458,-0.000220,0.486137,0.306826,-0.000190,0.486794,0.306826,-0.000190,0.486794,0.000368,0.000030,0.000656,0.000039,-0.000914,0.000117,-0.000091,0.000245,-0.000179,0.000000,0.000000,0.000000,-0.000446,0.000399,0.000800,0.046039,-0.001860,0.069229,0.046039,-0.001860,0.069229,0.001939,-0.003941,-0.001933,0.001939,-0.003941,-0.001933,-0.002493,-0.018106,-0.003328,0.042525,0.001551,0.019710,0.001933,-0.002493,-0.018106,-0.003328,0.042525,0.001551,0.019710,0.001933
0.875000,0.306458,-0.000220,0.486138,0.306826,-0.000190,0.486794,0.306826,-0.000190,0.486794,0.000369,0.000030,0.000656,0.000040,-0.000912,0.000118,-0.000096,0.000036,0.000072,0.000000,0.000000,0.000000,-0.000094,-0.000528,-0.000532,0.046159,0.002308,0.064150,0.046159,0.002308,0.064150,0.000536,-0.001152,0.002071,0.000536,-0.001152,0.002071,0.002788,-0.013742,0.001847,0.037354,0.001020,0.016502,-0.002071,0.002788,-0.013742,0.001847,0.037354,0.001020,0.016502,-0.002071
0.876000,0.306457,-0.000219,0.486139,0.306826,-0.000190,0.486794,0.306826,-0.000190,0.486794,0.000369,0.000029,0.000655,0.000041,-0.000910,0.000116,-0.000192,0.000333,0.000468,0.000000,0.000000,0.000000,-0.000661,-0.001084,0.000120,0.048119,-0.003738,0.056100,0.048119,-0.003738,0.056100,0.002807,0.000521,0.000102,0.002807,0.000521,0.000102,-0.001032,-0.009302,-0.003115,0.032132,0.002021,0.014533,-0.000105,-0.001032,-0.009302,-0.003115,0.032132,0.002021,0.014533,-0.000105
0.877000,0.306458,-0.000222,0.486138,0.306826,-0.000190,0.486794,0.306826,-0.000190,0.486794,0.000368,0.000032,0.000656,0.000045,-0.000914,0.000115,0.000242,-0.000315,-0.000187,0.000000,0.000000,0.000000,-0.000927,0.000567,0.000861,0.039315,0.009509,0.069345,0.039315,0.009509,0.069345,0.003885,-0.004442,-0.002121,0.003885,-0.004442,-0.002121,0.000802,-0.019672,-0.001147,0.042215,0.005889,0.018805,0.002119,0.000802,-0.019672,-0.001147,0.042215,0.005889,0.018805,0.002119
0.878000,0.306457,-0.000221,0.486138,0.306826,-0.000190,0.486794,0.306826,-0.000190,0.486794,0.000369,0.000031,0.000656,0.000041,-0.000914,0.000119,-0.000181,0.000053,-0.000088,0.000000,0.000000,0.000000,-0.000178,0.000295,-0.000599,0.047886,0.002033,0.067355,0.047886,0.002033,0.067355,0.000877,-0.003626,0.002276,0.000877,-0.003626,0.002276,0.002909,-0.016934,0.001661,0.041563,0.001304,0.019621,-0.002275,0.002909,-0.016934,0.001661,0.041563,0.001304,0.019621,-0.002275
0.879000,0.306459,-0.000222,0.486139,0.306826,-0.000190,0.486794,0.306826,-0.000190,0.486794,0.000367,0.000032,0.000654,0.000039,-0.000908,0.000120,0.000170,-0.000304,0.000361,0.000000,0.000000,0.000000,0.000545,-0.000690,-0.000432,0.040699,0.009262,0.058228,0.040699,0.009262,0.058228,-0.002026,-0.000653,0.001775,-0.002026,-0.000653,0.001775,0.004622,-0.012267,0.005709,0.033359,-0.000080,0.014334,-0.001773,0.004622,-0.012267,0.005709,0.033359,-0.000080,0.014334,-0.001773
0.880000,0.306458,-0.000220,0.486138,0.306826,-0.000190,0.486794,0.306826,-0.000190,0.486794,0.000368,0.000030,0.000656,0.000039,-0.000911,0.000116,-0.000077,0.000400,-0.000137,0.000000,0.000000,0.000000,0.000141,-0.000048,0.001047,0.045748,-0.004993,0.068323,0.045748,-0.004993,0.068323,-0.000407,-0.002590,-0.002677,-0.000407,-0.002590,-0.002677,-0.004198,-0.016523,-0.003210,0.040711,-0.001454,0.018220,0.002679,-0.004198,-0.016523,-0.003210,0.040711,-0.001454,0.018220,0.002679
0.881000,0.306458,-0.000221,0.486139,0.306826,-0.000190,0.486794,0.306826,-0.000190,0.486794,0.000368,0.000031,0.000655,0.000040,-0.000911,0.000121,0.000139,-0.000125,0.000286,0.000000,0.000000,0.000000,-0.000144,-0.000444,-0.000924,0.041386,0.005617,0.059745,0.041386,0.005617,0.059745,0.000735,-0.001400,0.003256,0.000735,-0.001400,0.003256,0.004986,-0.013371,0.003617,0.034909,0.001913,0.015358,-0.003256,0.004986,-0.013371,0.003617,0.034909,0.001913,0.015358,-0.003256
0.882000,0.306458,-0.000221,0.486139,0.306826,-0.000190,0.486794,0.306826,-0.000190,0.486794,0.000368,0.000031,0.000655,0.000037,-0.000909,0.000114,-0.000126,-0.000073,0.000034,0.000000,0.000000,0.000000,0.000603,0.000034,0.001686,0.046688,0.004590,0.064813,0.046688,0.004590,0.064813,-0.002263,-0.002830,-0.004602,-0.002263,-0.002830,-0.004602,-0.003185,-0.015543,-0.000142,0.039414,-0.001290,0.018348,0.004604,-0.003185,-0.015543,-0.000142,0.039414,-0.001290,0.018348,0.004604
0.883000,0.306458,-0.000221,0.486139,0.306826,-0.000190,0.486794,0.306826,-0.000190,0.486794,0.000368,0.000031,0.000655,0.000040,-0.000910,0.000120,0.000051,0.000112,-0.000127,0.000000,0.000000,0.000000,-0.000297,0.000342,-0.001096,0.043187,0.000831,0.068034,0.043187,0.000831,0.068034,0.001347,-0.003755,0.003769,0.001347,-0.003755,0.003769,0.004034,-0.017991,0.001992,0.041408,0.001518,0.018821,-0.003769,0.004034,-0.017991,0.001992,0.041408,0.001518,0.018821,-0.003769
0.884000,0.306458,-0.000220,0.486137,0.306826,-0.000190,0.486794,0.306826,-0.000190,0.486794,0.000368,0.000030,0.000657,0.000040,-0.000915,0.000115,0.000098,-0.000003,-0.000497,0.000000,0.000000,0.000000,0.000244,0.001105,0.000679,0.042225,0.003090,0.075613,0.042225,0.003090,0.075613,-0.000819,-0.006057,-0.001578,-0.000819,-0.006057,-0.001578,-0.000622,-0.022765,0.000483,0.047165,-0.000166,0.021586,0.001580,-0.000622,-0.022765,0.000483,0.047165,-0.000166,0.021586,0.001580
0.885000,0.306458,-0.000221,0.486136,0.306826,-0.000190,0.486794,0.306826,-0.000190,0.486794,0.000369,0.000031,0.000658,0.000038,-0.000916,0.000117,-0.000192,-0.000266,-0.000465,0.000000,0.000000,0.000000,0.000814,0.001211,-0.000351,0.048054,0.008404,0.075104,0.048054,0.008404,0.075104,-0.003101,-0.006379,0.001520,-0.003101,-0.006379,0.001520,0.004106,-0.022038,0.006015,0.047995,-0.001333,0.023091,-0.001515,0.004106,-0.022038,0.006015,0.047995,-0.001333,0.023091,-0.001515
0.886000,0.306457,-0.000220,0.486136,0.306826,-0.000190,0.486794,0.306826,-0.000190,0.486794,0.000369,0.000030,0.000657,0.000041,-0.000914,0.000119,-0.000213,0.000026,0.000101,0.000000,0.000000,0.000000,-0.000707,-0.000874,-0.001178,0.048566,0.002504,0.063702,0.048566,0.002504,0.063702,0.002992,-0.000119,0.004010,0.002992,-0.000119,0.004010,0.004788,-0.012201,0.001543,0.036416,0.003514,0.015936,-0.004012,0.004788,-0.012201,0.001543,0.036416,0.003514,0.015936,-0.004012
0.887000,0.306459,-0.000220,0.486135,0.306826,-0.000190,0.486794,0.306826,-0.000190,0.486794,0.000367,0.000030,0.000658,0.000040,-0.000916,0.000116,0.000271,-0.000015,-0.000620,0.000000,0.000000,0.000000,-0.000313,0.001467,0.001200,0.038662,0.003320,0.078221,0.038662,0.003320,0.078221,0.001410,-0.007147,-0.003139,0.001410,-0.007147,-0.003139,-0.002113,-0.025198,-0.002123,0.049025,0.002114,0.022153,0.003140,-0.002113,-0.025198,-0.002123,0.049025,0.002114,0.022153,0.003140
0.888000,0.306458,-0.000220,0.486138,0.306826,-0.000190,0.486794,0.306826,-0.000190,0.486794,0.000368,0.000030,0.000656,0.000040,-0.000909,0.000119,-0.000076,-0.000010,0.000125,0.000000,0.000000,0.000000,-0.000210,0.000053,-0.000929,0.045689,0.003221,0.063057,0.045689,0.003221,0.063057,0.000999,-0.002886,0.003262,0.000999,-0.002886,0.003262,0.004260,-0.015214,0.002657,0.038512,0.001674,0.018041,-0.003262,0.004260,-0.015214,0.002657,0.038512,0.001674,0.018041,-0.003262
0.889000,0.306457,-0.000220,0.486137,0.306826,-0.000190,0.486794,0.306826,-0.000190,0.486794,0.000369,0.000030,0.000657,0.000042,-0.000915,0.000115,-0.000122,0.000214,-0.000179,0.000000,0.000000,0.000000,0.000098,0.000592,0.000174,0.046682,-0.001256,0.069287,0.046682,-0.001256,0.069287,-0.000223,-0.004521,-0.000061,-0.000223,-0.004521,-0.000061,-0.000436,-0.018606,-0.000279,0.043216,-0.000485,0.020432,0.000063,-0.000436,-0.018606,-0.000279,0.043216,-0.000485,0.020432,0.000063
0.890000,0.306458,-0.000221,0.486137,0.306826,-0.000190,0.486794,0.306826,-0.000190,0.486794,0.000368,0.000031,0.000657,0.000040,-0.000913,0.000115,-0.000031,-0.000332,-0.000099,0.000000,0.000000,0.000000,0.000085,0.000158,0.000356,0.044793,0.009757,0.067663,0.044793,0.009757,0.067663,-0.000181,-0.003211,-0.000610,-0.000181,-0.003211,-0.000610,0.002391,-0.017088,0.002882,0.040895,0.001873,0.018581,0.000611,0.002391,-0.017088,0.002882,0.040895,0.001873,0.018581,0.000611
0.891000,0.306458,-0.000221,0.486137,0.306826,-0.000190,0.486794,0.306826,-0.000190,0.486794,0.000368,0.000031,0.000656,0.000037,-0.000913,0.000119,0.000051,-0.000189,0.000197,0.000000,0.000000,0.000000,0.000653,-0.000452,-0.001329,0.043185,0.006872,0.061697,0.043185,0.006872,0.061697,-0.002462,-0.001383,0.004463,-0.002462,-0.001383,0.004463,0.006578,-0.013678,0.007141,0.036046,-0.001022,0.015893,-0.004461,0.006578,-0.013678,0.007141,0.036046,-0.001022,0.015893,-0.004461
0.892000,0.306458,-0.000221,0.486137,0.306826,-0.000190,0.486794,0.306826,-0.000190,0.486794,0.000369,0.000031,0.000657,0.000038,-0.000916,0.000117,-0.000038,-0.000066,-0.000131,0.000000,0.000000,0.000000,0.000280,0.000256,0.000680,0.044998,0.004452,0.068352,0.044998,0.004452,0.068352,-0.000970,-0.003515,-0.001573,-0.000970,-0.003515,-0.001573,-0.000199,-0.017572,0.001036,0.041552,-0.000030,0.018989,0.001575,-0.000199,-0.017572,0.001036,0.041552,-0.000030,0.018989,0.001575
0.893000,0.306459,-0.000221,0.486139,0.306826,-0.000190,0.486794,0.306826,-0.000190,0.486794,0.000367,0.000031,0.000655,0.000038,-0.000909,0.000120,0.000287,0.000011,0.000574,0.000000,0.000000,0.000000,-0.000071,-0.001036,-0.000484,0.038325,0.002928,0.054021,0.038325,0.002928,0.054021,0.000437,0.000380,0.001933,0.000437,0.000380,0.001933,0.002839,-0.010306,0.002020,0.030036,0.001051,0.012432,-0.001933,0.002839,-0.010306,0.002020,0.030036,0.001051,0.012432,-0.001933
0.894000,0.306458,-0.000221,0.486138,0.306826,-0.000190,0.486794,0.306826,-0.000190,0.486794,0.000369,0.000031,0.000656,0.000040,-0.000912,0.000118,-0.000134,0.000071,0.000155,0.000000,0.000000,0.000000,-0.000691,-0.000598,0.000328,0.046916,0.001714,0.062496,0.046916,0.001714,0.062496,0.002926,-0.000943,-0.000510,0.002926,-0.000943,-0.000510,0.000026,-0.012910,-0.001861,0.036461,0.003288,0.016305,0.000508,0.000026,-0.012910,-0.001861,0.036461,0.003288,0.016305,0.000508
0.895000,0.306457,-0.000221,0.486137,0.306826,-0.000190,0.486794,0.306826,-0.000190,0.486794,0.000369,0.000031,0.000657,0.000035,-0.000915,0.000116,-0.000126,0.000182,-0.000351,0.000000,0.000000,0.000000,0.001276,0.000952,0.000954,0.046813,-0.000549,0.072693,0.046813,-0.000549,0.072693,-0.004963,-0.005600,-0.002397,-0.004963,-0.005600,-0.002397,-0.002554,-0.020709,0.001659,0.045920,-0.005074,0.021839,0.002402,-0.002554,-0.020709,0.001659,0.045920,-0.005074,0.021839,0.002402
0.896000,0.306457,-0.000219,0.486137,0.306826,-0.000190,0.486794,0.306826,-0.000190,0.486794,0.000369,0.000029,0.000657,0.000040,-0.000916,0.000115,0.000038,0.000601,0.000050,0.000000,0.000000,0.000000,-0.000840,-0.000159,0.000186,0.043508,-0.009142,0.064732,0.043508,-0.009142,0.064732,0.003522,-0.002270,-0.000097,0.003522,-0.002270,-0.000097,-0.002889,-0.015445,-0.005517,0.038406,0.001599,0.017111,0.000094,-0.002889,-0.015445,-0.005517,0.038406,0.001599,0.017111,0.000094
0.897000,0.306457,-0.000220,0.486138,0.306826,-0.000190,0.486794,0.306826,-0.000190,0.486794,0.000369,0.000030,0.000655,0.000038,-0.000912,0.000115,0.000047,-0.000078,0.000275,0.000000,0.000000,0.000000,0.000038,-0.000426,0.000075,0.043340,0.004578,0.060037,0.043340,0.004578,0.060037,-0.000001,-0.001460,0.000235,-0.000001,-0.001460,0.000235,0.001647,-0.013222,0.001667,0.035359,0.000962,0.015855,-0.000234,0.001647,-0.013222,0.001667,0.035359,0.000962,0.015855,-0.000234
0.898000,0.306457,-0.000222,0.486139,0.306826,-0.000190,0.486794,0.306826,-0.000190,0.486794,0.000369,0.000032,0.000655,0.000036,-0.000910,0.000122,-0.000076,-0.000487,0.000112,0.000000,0.000000,0.000000,0.000676,-0.000521,-0.001785,0.045834,0.012936,0.063281,0.045834,0.012936,0.063281,-0.002557,-0.001167,0.005844,-0.002557,-0.001167,0.005844,0.009819,-0.013543,0.010155,0.036916,0.000157,0.016373,-0.005842,0.009819,-0.013543,0.010155,0.036916,0.000157,0.016373,-0.005842
0.899000,0.306459,-0.000221,0.486136,0.306826,-0.000190,0.486794,0.306826,-0.000190,0.486794,0.000368,0.000031,0.000658,0.000039,-0.000915,0.000119,0.000184,-0.000343,-0.000679,0.000000,0.000000,0.000000,0.000057,0.001643,-0.000938,0.040440,0.009944,0.079354,0.040440,0.009944,0.079354,-0.000073,-0.007672,0.003287,-0.000073,-0.007672,0.003287,0.006343,-0.025800,0.005615,0.050313,0.002017,0.023154,-0.003285,0.006343,-0.025800,0.005615,0.050313,0.002017,0.023154,-0.003285
0.900000,0.306457,-0.000221,0.486137,0.306826,-0.000190,0.486794,0.306826,-0.000190,0.486794,0.000369,0.000031,0.000657,0.000039,-0.000913,0.000119,-0.000062,-0.000018,0.000322,0.000000,0.000000,0.000000,-0.000422,-0.001132,0.000071,0.045486,0.003471,0.059232,0.045486,0.003471,0.059232,0.001847,0.000657,0.000264,0.001847,0.000657,0.000264,0.001337,-0.010529,0.000021,0.033136,0.002577,0.014118,-0.000265,0.001337,-0.010529,0.000021,0.033136,0.002577,0.014118,-0.000265
0.901000,0.306458,-0.000221,0.486138,0.306826,-0.000190,0.486794,0.306826,-0.000190,0.486794,0.000368,0.000031,0.000656,0.000041,-0.000912,0.000121,-0.000041,-0.000062,0.000241,0.000000,0.000000,0.000000,-0.000519,-0.000009,-0.000936,0.044991,0.004331,0.060756,0.044991,0.004331,0.060756,0.002243,-0.002708,0.003294,0.002243,-0.002708,0.003294,0.004631,-0.014437,0.002159,0.037158,0.003151,0.017514,-0.003295,0.004631,-0.014437,0.002159,0.037158,0.003151,0.017514,-0.003295
0.902000,0.306457,-0.000219,0.486139,0.306826,-0.000190,0.486794,0.306826,-0.000190,0.486794,0.000369,0.000030,0.000655,0.000039,-0.000909,0.000114,-0.000027,0.000379,0.000134,0.000000,0.000000,0.000000,-0.000108,-0.000752,0.001566,0.044795,-0.004608,0.062841,0.044795,-0.004608,0.062841,0.000591,-0.000472,-0.004241,0.000591,-0.000472,-0.004241,-0.005644,-0.012871,-0.004897,0.035883,-0.000373,0.015419,0.004241,-0.005644,-0.012871,-0.004897,0.035883,-0.000373,0.015419,0.004241
0.903000,0.306457,-0.000221,0.486137,0.306826,-0.000190,0.486794,0.306826,-0.000190,0.486794,0.000369,0.000031,0.000656,0.000037,-0.000914,0.000119,-0.000033,-0.000286,-0.000123,0.000000,0.000000,0.000000,0.000591,0.000530,-0.000859,0.044910,0.008833,0.068092,0.044910,0.008833,0.068092,-0.002217,-0.004334,0.003055,-0.002217,-0.004334,0.003055,0.005772,-0.018325,0.006611,0.042236,-0.000361,0.019768,-0.003052,0.005772,-0.018325,0.006611,0.042236,-0.000361,0.019768,-0.003052
0.904000,0.306457,-0.000221,0.486138,0.306826,-0.000190,0.486794,0.306826,-0.000190,0.486794,0.000369,0.000031,0.000656,0.000039,-0.000913,0.000120,-0.000057,0.000177,0.000110,0.000000,0.000000,0.000000,-0.000270,-0.000441,0.000027,0.045400,-0.000462,0.063398,0.045400,-0.000462,0.063398,0.001235,-0.001416,0.000397,0.001235,-0.001416,0.000397,0.000265,-0.013892,-0.000730,0.037166,0.001138,0.016540,-0.000397,0.000265,-0.013892,-0.000730,0.037166,0.001138,0.016540,-0.000397
0.905000,0.306459,-0.000221,0.486137,0.306826,-0.000190,0.486794,0.306826,-0.000190,0.486794,0.000368,0.000032,0.000657,0.000037,-0.000913,0.000119,0.000132,-0.000093,-0.000268,0.000000,0.000000,0.000000,0.000281,0.000820,0.000543,0.041468,0.005023,0.071035,0.041468,0.005023,0.071035,-0.000975,-0.005199,-0.001153,-0.000975,-0.005199,-0.001153,0.000395,-0.020619,0.001521,0.044048,0.000085,0.020166,0.001155,0.000395,-0.020619,0.001521,0.044048,0.000085,0.020166,0.001155
0.906000,0.306459,-0.000222,0.486137,0.306826,-0.000190,0.486794,0.306826,-0.000190,0.486794,0.000368,0.000032,0.000657,0.000040,-0.000913,0.000122,0.000038,-0.000100,-0.000200,0.000000,0.000000,0.000000,-0.000510,0.000784,-0.000575,0.043342,0.005181,0.069661,0.043342,0.005181,0.069661,0.002200,-0.005091,0.002212,0.002200,-0.005091,0.002212,0.003809,-0.019801,0.001701,0.043530,0.003288,0.020331,-0.002212,0.003809,-0.019801,0.001701,0.043530,0.003288,0.020331,-0.002212
0.907000,0.306458,-0.000220,0.486139,0.306826,-0.000190,0.486794,0.306826,-0.000190,0.486794,0.000368,0.000030,0.000655,0.000040,-0.000910,0.000115,0.000145,0.000182,0.000628,0.000000,0.000000,0.000000,-0.000103,-0.001478,0.001521,0.041229,-0.000606,0.052910,0.041229,-0.000606,0.052910,0.000572,0.001704,-0.004103,0.000572,0.001704,-0.004103,-0.004280,-0.008198,-0.003486,0.028562,0.000449,0.011619,0.004102,-0.004280,-0.008198,-0.003486,0.028562,0.000449,0.011619,0.004102
0.908000,0.306459,-0.000220,0.486139,0.306826,-0.000190,0.486794,0.306826,-0.000190,0.486794,0.000367,0.000030,0.000655,0.000040,-0.000908,0.000116,0.000149,0.000072,-0.000038,0.000000,0.000000,0.000000,-0.000306,-0.000016,0.000268,0.041126,0.001604,0.066274,0.041126,0.001604,0.066274,0.001384,-0.002676,-0.000341,0.001384,-0.002676,-0.000341,0.000159,-0.016688,-0.000686,0.039234,0.001723,0.017153,0.000341,0.000159,-0.016688,-0.000686,0.039234,0.001723,0.017153,0.000341
0.909000,0.306459,-0.000222,0.486139,0.306826,-0.000190,0.486794,0.306826,-0.000190,0.486794,0.000368,0.000032,0.000655,0.000036,-0.000908,0.000123,-0.000036,-0.000493,0.000124,0.000000,0.000000,0.000000,0.000887,-0.000331,-0.002306,0.044832,0.013057,0.063021,0.044832,0.013057,0.063021,-0.003401,-0.001731,0.007411,-0.003401,-0.001731,0.007411,0.011422,-0.014182,0.011898,0.037229,-0.000663,0.016705,-0.007408,0.011422,-0.014182,0.011898,0.037229,-0.000663,0.016705,-0.007408
0.910000,0.306458,-0.000218,0.486137,0.306826,-0.000190,0.486794,0.306826,-0.000190,0.486794,0.000368,0.000028,0.000657,0.000042,-0.000912,0.000106,-0.000217,0.000734,-0.000463,0.000000,0.000000,0.000000,-0.000893,0.001131,0.003438,0.048488,-0.011888,0.074951,0.048488,-0.011888,0.074951,0.003740,-0.006131,-0.009888,0.003740,-0.006131,-0.009888,-0.013521,-0.021677,-0.013479,0.047731,0.001252,0.022916,0.009887,-0.013521,-0.021677,-0.013479,0.047731,0.001252,0.022916,0.009887
0.911000,0.306459,-0.000220,0.486139,0.306826,-0.000190,0.486794,0.306826,-0.000190,0.486794,0.000367,0.000030,0.000655,0.000039,-0.000907,0.000116,0.000183,-0.000194,0.000088,0.000000,0.000000,0.000000,0.000495,-0.000278,-0.001166,0.040405,0.006858,0.063752,0.040405,0.006858,0.063752,-0.001822,-0.001887,0.003963,-0.001822,-0.001887,0.003963,0.006073,-0.015238,0.006329,0.037163,-0.000383,0.015993,-0.003961,0.006073,-0.015238,0.006329,0.037163,-0.000383,0.015993,-0.003961
0.912000,0.306458,-0.000220,0.486138,0.306826,-0.000190,0.486794,0.306826,-0.000190,0.486794,0.000369,0.000030,0.000656,0.000039,-0.000908,0.000116,-0.000291,0.000082,-0.000167,0.000000,0.000000,0.000000,-0.000129,0.000290,0.000427,0.050055,0.001405,0.068902,0.050055,0.001405,0.068902,0.000675,-0.003593,-0.000818,0.000675,-0.003593,-0.000818,-0.000377,-0.017042,-0.000584,0.042538,0.000972,0.020179,0.000819,-0.000377,-0.017042,-0.000584,0.042538,0.000972,0.020179,0.000819
0.913000,0.306458,-0.000219,0.486137,0.306826,-0.000190,0.486794,0.306826,-0.000190,0.486794,0.000368,0.000029,0.000657,0.000040,-0.000911,0.000110,-0.000059,0.000577,-0.000261,0.000000,0.000000,0.000000,-0.000480,0.000513,0.002538,0.045319,-0.008605,0.070884,0.045319,-0.008605,0.070884,0.002080,-0.004271,-0.007172,0.002080,-0.004271,-0.007172,-0.009799,-0.019055,-0.009318,0.043545,0.000279,0.020033,0.007171,-0.009799,-0.019055,-0.009318,0.043545,0.000279,0.020033,0.007171
0.914000,0.306458,-0.000221,0.486138,0.306826,-0.000190,0.486794,0.306826,-0.000190,0.486794,0.000368,0.000032,0.000655,0.000037,-0.000911,0.000123,0.000104,-0.000306,0.000351,0.000000,0.000000,0.000000,0.000736,-0.000773,-0.002478,0.042094,0.009271,0.058523,0.042094,0.009271,0.058523,-0.002795,-0.000416,0.007928,-0.002795,-0.000416,0.007928,0.010778,-0.011907,0.010602,0.033440,-0.000854,0.014418,-0.007925,0.010778,-0.011907,0.010602,0.033440,-0.000854,0.014418,-0.007925
0.915000,0.306457,-0.000221,0.486138,0.306826,-0.000190,0.486794,0.306826,-0.000190,0.486794,0.000369,0.000031,0.000656,0.000039,-0.000912,0.000117,-0.000088,-0.000036,0.000142,0.000000,0.000000,0.000000,-0.000172,-0.000514,0.000502,0.045997,0.003820,0.062749,0.045997,0.003820,0.062749,0.000842,-0.001194,-0.001039,0.000842,-0.001194,-0.001039,0.000141,-0.013380,-0.000074,0.036714,0.001647,0.016386,0.001039,0.000141,-0.013380,-0.000074,0.036714,0.001647,0.016386,0.001039
0.916000,0.306457,-0.000220,0.486136,0.306826,-0.000190,0.486794,0.306826,-0.000190,0.486794,0.000369,0.000030,0.000658,0.000040,-0.000916,0.000118,-0.000163,0.000328,-0.000454,0.000000,0.000000,0.000000,-0.000509,0.000626,0.000064,0.047554,-0.003555,0.074835,0.047554,-0.003555,0.074835,0.002197,-0.004625,0.000278,0.002197,-0.004625,0.000278,-0.000801,-0.020277,-0.002499,0.046049,0.001450,0.021206,-0.000278,-0.000801,-0.020277,-0.002499,0.046049,0.001450,0.021206,-0.000278
0.917000,0.306457,-0.000222,0.486139,0.306826,-0.000190,0.486794,0.306826,-0.000190,0.486794,0.000369,0.000032,0.000654,0.000038,-0.000908,0.000123,0.000117,-0.000447,0.000529,0.000000,0.000000,0.000000,0.000467,-0.001346,-0.001677,0.041905,0.012145,0.054856,0.041905,0.012145,0.054856,-0.001718,0.001313,0.005522,-0.001718,0.001313,0.005522,0.009252,-0.009082,0.009073,0.029955,0.000830,0.012326,-0.005521,0.009252,-0.009082,0.009073,0.029955,0.000830,0.012326,-0.005521
0.918000,0.306458,-0.000221,0.486141,0.306826,-0.000190,0.486794,0.306826,-0.000190,0.486794,0.000368,0.000031,0.000653,0.000040,-0.000903,0.000115,0.000162,-0.000233,0.000660,0.000000,0.000000,0.000000,-0.000338,-0.001546,0.000969,0.040922,0.007782,0.052111,0.040922,0.007782,0.052111,0.001509,0.001931,-0.002448,0.001509,0.001931,-0.002448,-0.000054,-0.007773,-0.000255,0.027917,0.003148,0.011257,0.002446,-0.000054,-0.007773,-0.000255,0.027917,0.003148,0.011257,0.002446
0.919000,0.306458,-0.000221,0.486138,0.306826,-0.000190,0.486794,0.306826,-0.000190,0.486794,0.000368,0.000031,0.000656,0.000038,-0.000910,0.000121,-0.000168,0.000137,-0.000413,0.000000,0.000000,0.000000,0.000215,0.000969,-0.001146,0.047562,0.000343,0.073874,0.047562,0.000343,0.073874,-0.000705,-0.005635,0.003924,-0.000705,-0.005635,0.003924,0.004040,-0.020992,0.003397,0.046607,-0.000636,0.022136,-0.003922,0.004040,-0.020992,0.003397,0.046607,-0.000636,0.022136,-0.003922
0.920000,0.306458,-0.000220,0.486138,0.306826,-0.000190,0.486794,0.306826,-0.000190,0.486794,0.000368,0.000030,0.000656,0.000041,-0.000915,0.000113,0.000094,0.000179,-0.000136,0.000000,0.000000,0.000000,-0.000691,0.001155,0.001325,0.042293,-0.000584,0.068328,0.042293,-0.000584,0.068328,0.002925,-0.006209,-0.003520,0.002925,-0.006209,-0.003520,-0.003690,-0.020672,-0.004733,0.043886,0.002808,0.021110,0.003520,-0.003690,-0.020672,-0.004733,0.043886,0.002808,0.021110,0.003520
0.921000,0.306459,-0.000221,0.486138,0.306826,-0.000190,0.486794,0.306826,-0.000190,0.486794,0.000367,0.000031,0.000655,0.000040,-0.000909,0.000116,0.000134,-0.000062,0.000146,0.000000,0.000000,0.000000,-0.000067,-0.000533,0.000490,0.041402,0.004330,0.062617,0.041402,0.004330,0.062617,0.000425,-0.001128,-0.001005,0.000425,-0.001128,-0.001005,0.000331,-0.013977,0.000410,0.035996,0.001337,0.015341,0.001005,0.000331,-0.013977,0.000410,0.035996,0.001337,0.015341,0.001005
0.922000,0.306459,-0.000221,0.486139,0.306826,-0.000190,0.486794,0.306826,-0.000190,0.486794,0.000368,0.000032,0.000655,0.000037,-0.000907,0.000121,-0.000046,-0.000202,0.000247,0.000000,0.000000,0.000000,0.000652,-0.000675,-0.001116,0.045034,0.007205,0.060544,0.045034,0.007205,0.060544,-0.002459,-0.000696,0.003831,-0.002459,-0.000696,0.003831,0.006050,-0.012355,0.006801,0.035051,-0.000947,0.015493,-0.003829,0.006050,-0.012355,0.006801,0.035051,-0.000947,0.015493,-0.003829
0.923000,0.306458,-0.000220,0.486140,0.306826,-0.000190,0.486794,0.306826,-0.000190,0.486794,0.000368,0.000030,0.000654,0.000040,-0.000905,0.000116,-0.000030,0.000257,0.000165,0.000000,0.000000,0.000000,-0.000419,-0.000450,0.000379,0.044757,-0.002157,0.062119,0.044757,-0.002157,0.062119,0.001837,-0.001365,-0.000675,0.001837,-0.001365,-0.000675,-0.001326,-0.013547,-0.002464,0.036428,0.001385,0.016240,0.000674,-0.001326,-0.013547,-0.002464,0.036428,0.001385,0.016240,0.000674
0.924000,0.306459,-0.000222,0.486139,0.306826,-0.000190,0.486794,0.306826,-0.000190,0.486794,0.000367,0.000032,0.000655,0.000036,-0.000907,0.000124,0.000115,-0.000600,-0.000040,0.000000,0.000000,0.000000,0.000968,0.000019,-0.002625,0.041784,0.015207,0.066304,0.041784,0.015207,0.066304,-0.003728,-0.002778,0.008370,-0.003728,-0.002778,0.008370,0.013040,-0.016702,0.013503,0.039433,-0.000538,0.017399,-0.008367,0.013040,-0.016702,0.013503,0.039433,-0.000538,0.017399,-0.008367
0.925000,0.306459,-0.000220,0.486139,0.306826,-0.000190,0.486794,0.306826,-0.000190,0.486794,0.000368,0.000030,0.000655,0.000040,-0.000909,0.000115,0.000160,0.000311,0.000280,0.000000,0.000000,0.000000,-0.000445,-0.000636,0.001767,0.040910,-0.003183,0.059852,0.040910,-0.003183,0.059852,0.001939,-0.000817,-0.004839,0.001939,-0.000817,-0.004839,-0.005806,-0.012895,-0.005810,0.034318,0.001275,0.014683,0.004838,-0.005806,-0.012895,-0.005810,0.034318,0.001275,0.014683,0.004838
0.926000,0.306457,-0.000219,0.486138,0.306826,-0.000190,0.486794,0.306826,-0.000190,0.486794,0.000369,0.000030,0.000656,0.000040,-0.000912,0.000114,-0.000098,0.000336,-0.000404,0.000000,0.000000,0.000000,-0.000500,0.001020,0.000989,0.046211,-0.003752,0.073648,0.046211,-0.003752,0.073648,0.002162,-0.005795,-0.002510,0.002162,-0.005795,-0.002510,-0.003649,-0.021288,-0.004507,0.046486,0.001377,0.021988,0.002510,-0.003649,-0.021288,-0.004507,0.046486,0.001377,0.021988,0.002510
0.927000,0.306458,-0.000221,0.486138,0.306826,-0.000190,0.486794,0.306826,-0.000190,0.486794,0.000368,0.000031,0.000655,0.000037,-0.000908,0.000119,-0.000101,-0.000022,-0.000078,0.000000,0.000000,0.000000,0.000770,-0.000115,-0.000357,0.046183,0.003532,0.067093,0.046183,0.003532,0.067093,-0.002935,-0.002380,0.001547,-0.002935,-0.002380,0.001547,0.002639,-0.015870,0.004332,0.039975,-0.002193,0.017995,-0.001544,0.002639,-0.015870,0.004332,0.039975,-0.002193,0.017995,-0.001544
0.928000,0.306459,-0.000219,0.486137,0.306826,-0.000190,0.486794,0.306826,-0.000190,0.486794,0.000368,0.000029,0.000657,0.000042,-0.000910,0.000111,0.000089,0.000465,-0.000632,0.000000,0.000000,0.000000,-0.001175,0.001323,0.001754,0.042333,-0.006411,0.078291,0.042333,-0.006411,0.078291,0.004866,-0.006699,-0.004816,0.004866,-0.006699,-0.004816,-0.006772,-0.024210,-0.008916,0.049082,0.003524,0.022483,0.004814,-0.006772,-0.024210,-0.008916,0.049082,0.003524,0.022483,0.004814
0.929000,0.306458,-0.000219,0.486140,0.306826,-0.000190,0.486794,0.306826,-0.000190,0.486794,0.000368,0.000029,0.000654,0.000040,-0.000902,0.000116,0.000032,-0.000172,0.000446,0.000000,0.000000,0.000000,0.000241,-0.001346,-0.000920,0.043496,0.006399,0.056464,0.043496,0.006399,0.056464,-0.000805,0.001330,0.003224,-0.000805,0.001330,0.003224,0.005194,-0.009315,0.004939,0.030903,0.000537,0.012785,-0.003223,0.005194,-0.009315,0.004939,0.030903,0.000537,0.012785,-0.003223
0.930000,0.306458,-0.000220,0.486138,0.306826,-0.000190,0.486794,0.306826,-0.000190,0.486794,0.000369,0.000030,0.000656,0.000039,-0.000913,0.000115,-0.000122,-0.000326,-0.000202,0.000000,0.000000,0.000000,0.000622,0.000963,-0.000801,0.046668,0.009503,0.069652,0.046668,0.009503,0.069652,-0.002329,-0.005626,0.002865,-0.002329,-0.005626,0.002865,0.005788,-0.019827,0.006774,0.044490,-0.000332,0.021568,-0.002862,0.005788,-0.019827,0.006774,0.044490,-0.000332,0.021568,-0.002862
0.931000,0.306459,-0.000220,0.486138,0.306826,-0.000190,0.486794,0.306826,-0.000190,0.486794,0.000368,0.000030,0.000655,0.000037,-0.000909,0.000116,0.000040,-0.000175,0.000149,0.000000,0.000000,0.000000,0.000618,-0.000152,-0.000297,0.043313,0.006523,0.062549,0.043313,0.006523,0.062549,-0.002321,-0.002270,0.001355,-0.002321,-0.002270,0.001355,0.003363,-0.014807,0.004733,0.037351,-0.000950,0.016881,-0.001353,0.003363,-0.014807,0.004733,0.037351,-0.000950,0.016881,-0.001353
0.932000,0.306459,-0.000219,0.486138,0.306826,-0.000190,0.486794,0.306826,-0.000190,0.486794,0.000368,0.000030,0.000656,0.000040,-0.000910,0.000116,-0.000045,0.000173,-0.000163,0.000000,0.000000,0.000000,-0.000489,0.000455,-0.000165,0.045009,-0.000488,0.068874,0.045009,-0.000488,0.068874,0.002117,-0.004096,0.000961,0.002117,-0.004096,0.000961,0.000821,-0.018311,-0.000964,0.042380,0.002014,0.019618,-0.000962,0.000821,-0.018311,-0.000964,0.042380,0.002014,0.019618,-0.000962
0.933000,0.306459,-0.000220,0.486139,0.306826,-0.000190,0.486794,0.306826,-0.000190,0.486794,0.000367,0.000030,0.000655,0.000040,-0.000908,0.000113,0.000127,-0.000056,-0.000017,0.000000,0.000000,0.000000,-0.000325,0.000304,0.001062,0.041554,0.004135,0.065849,0.041554,0.004135,0.065849,0.001458,-0.003636,-0.002735,0.001458,-0.003636,-0.002735,-0.001459,-0.017452,-0.001607,0.040048,0.002333,0.018164,0.002735,-0.001459,-0.017452,-0.001607,0.040048,0.002333,0.018164,0.002735
0.934000,0.306458,-0.000221,0.486141,0.306826,-0.000190,0.486794,0.306826,-0.000190,0.486794,0.000368,0.000031,0.000653,0.000037,-0.000902,0.000122,-0.000102,-0.000155,0.000836,0.000000,0.000000,0.000000,0.000682,-0.002211,-0.001480,0.046172,0.006233,0.048590,0.046172,0.006233,0.048590,-0.002581,0.003927,0.004928,-0.002581,0.003927,0.004928,0.006849,-0.003897,0.007347,0.024933,-0.001276,0.010060,-0.004927,0.006849,-0.003897,0.007347,0.024933,-0.001276,0.010060,-0.004927
0.935000,0.306458,-0.000220,0.486138,0.306826,-0.000190,0.486794,0.306826,-0.000190,0.486794,0.000368,0.000030,0.000655,0.000041,-0.000908,0.000112,-0.000123,0.000196,-0.000211,0.000000,0.000000,0.000000,-0.000838,0.000383,0.001832,0.046607,-0.000921,0.069772,0.046607,-0.000921,0.069772,0.003515,-0.003873,-0.005050,0.003515,-0.003873,-0.005050,-0.005322,-0.018117,-0.006340,0.042786,0.003329,0.019808,0.005048,-0.005322,-0.018117,-0.006340,0.042786,0.003329,0.019808,0.005048
0.936000,0.306458,-0.000222,0.486136,0.306826,-0.000190,0.486794,0.306826,-0.000190,0.486794,0.000368,0.000032,0.000657,0.000037,-0.000915,0.000120,0.000003,-0.000411,-0.000312,0.000000,0.000000,0.000000,0.000532,0.000812,-0.001026,0.044165,0.011418,0.071961,0.044165,0.011418,0.071961,-0.001980,-0.005180,0.003560,-0.001980,-0.005180,0.003560,0.007069,-0.020472,0.007639,0.044812,0.000420,0.020797,-0.003557,0.007069,-0.020472,0.007639,0.044812,0.000420,0.020797,-0.003557
0.937000,0.306458,-0.000220,0.486138,0.306826,-0.000190,0.486794,0.306826,-0.000190,0.486794,0.000368,0.000031,0.000656,0.000040,-0.000910,0.000118,0.000002,0.000309,-0.000208,0.000000,0.000000,0.000000,0.000557,0.000541,-0.000379,0.044138,-0.003138,0.069737,0.044138,-0.003138,0.069737,-0.002069,-0.004350,0.001609,-0.002069,-0.004350,0.001609,0.000657,-0.018963,0.001597,0.042931,-0.002730,0.019767,-0.001606,0.000657,-0.018963,0.001597,0.042931,-0.002730,0.019767,-0.001606
0.938000,0.306458,-0.000219,0.486139,0.306826,-0.000190,0.486794,0.306826,-0.000190,0.486794,0.000368,0.000029,0.000655,0.000043,-0.000911,0.000110,0.000049,0.000345,0.000386,0.000000,0.000000,0.000000,-0.001316,-0.000336,0.002083,0.043206,-0.003951,0.057741,0.043206,-0.003951,0.057741,0.005437,-0.001724,-0.005808,0.005437,-0.001724,-0.005808,-0.007009,-0.012801,-0.009220,0.034520,0.004614,0.015885,0.005804,-0.007009,-0.012801,-0.009220,0.034520,0.004614,0.015885,0.005804
0.939000,0.306457,-0.000220,0.486139,0.306826,-0.000190,0.486794,0.306826,-0.000190,0.486794,0.000369,0.000031,0.000654,0.000036,-0.000909,0.000120,-0.000029,0.000013,0.000166,0.000000,0.000000,0.000000,0.001251,-0.000641,-0.001267,0.044842,0.002791,0.062123,0.044842,0.002791,0.062123,-0.004860,-0.000802,0.004282,-0.004860,-0.000802,0.004282,0.005147,-0.012975,0.007386,0.035880,-0.004278,0.015700,-0.004278,0.005147,-0.012975,0.007386,0.035880,-0.004278,0.015700,-0.004278
0.940000,0.306458,-0.000220,0.486138,0.306826,-0.000190,0.486794,0.306826,-0.000190,0.486794,0.000368,0.000030,0.000656,0.000038,-0.000913,0.000115,0.000044,-0.000043,-0.000302,0.000000,0.000000,0.000000,-0.000065,0.000449,0.000516,0.043330,0.003891,0.071653,0.043330,0.003891,0.071653,0.000415,-0.004088,-0.001089,0.000415,-0.004088,-0.001089,0.000113,-0.019411,0.000215,0.043468,0.001236,0.019500,0.001090,0.000113,-0.019411,0.000215,0.043468,0.001236,0.019500,0.001090
0.941000,0.306459,-0.000221,0.486138,0.306826,-0.000190,0.486794,0.306826,-0.000190,0.486794,0.000367,0.000031,0.000656,0.000039,-0.000911,0.000115,0.000136,-0.000271,-0.000130,0.000000,0.000000,0.000000,-0.000247,0.000537,-0.000034,0.041367,0.008497,0.068182,0.041367,0.008497,0.068182,0.001143,-0.004345,0.000564,0.001143,-0.004345,0.000564,0.003177,-0.018905,0.002362,0.041834,0.002931,0.019040,-0.000564,0.003177,-0.018905,0.002362,0.041834,0.002931,0.019040,-0.000564
0.942000,0.306458,-0.000222,0.486137,0.306826,-0.000190,0.486794,0.306826,-0.000190,0.486794,0.000368,0.000032,0.000656,0.000037,-0.000913,0.000124,-0.000016,-0.000622,-0.000158,0.000000,0.000000,0.000000,0.000451,0.000120,-0.002841,0.044506,0.015653,0.068790,0.044506,0.015653,0.068790,-0.001655,-0.003099,0.009017,-0.001655,-0.003099,0.009017,0.013825,-0.017367,0.012639,0.041276,0.001628,0.018510,-0.009015,0.013825,-0.017367,0.012639,0.041276,0.001628,0.018510,-0.009015
0.943000,0.306458,-0.000220,0.486139,0.306826,-0.000190,0.486794,0.306826,-0.000190,0.486794,0.000368,0.000030,0.000655,0.000040,-0.000906,0.000112,0.000033,0.000176,0.000352,0.000000,0.000000,0.000000,-0.000552,-0.001304,0.001812,0.043516,-0.000494,0.058464,0.043516,-0.000494,0.058464,0.002368,0.001193,-0.004985,0.002368,0.001193,-0.004985,-0.005127,-0.010059,-0.005344,0.031986,0.002270,0.013098,0.004983,-0.005127,-0.010059,-0.005344,0.031986,0.002270,0.013098,0.004983
0.944000,0.306457,-0.000220,0.486140,0.306826,-0.000190,0.486794,0.306826,-0.000190,0.486794,0.000370,0.000030,0.000654,0.000040,-0.000906,0.000118,-0.000341,0.000117,0.000297,0.000000,0.000000,0.000000,-0.000370,-0.001011,-0.000522,0.051184,0.000676,0.059482,0.051184,0.000676,0.059482,0.001636,0.000314,0.002035,0.001636,0.000314,0.002035,0.002253,-0.010075,0.000513,0.034328,0.001777,0.015683,-0.002037,0.002253,-0.010075,0.000513,0.034328,0.001777,0.015683,-0.002037
0.945000,0.306458,-0.000220,0.486138,0.306826,-0.000190,0.486794,0.306826,-0.000190,0.486794,0.000368,0.000030,0.000655,0.000038,-0.000908,0.000117,0.000007,0.000010,-0.000151,0.000000,0.000000,0.000000,0.000892,0.000295,-0.000570,0.044028,0.002779,0.068561,0.044028,0.002779,0.068561,-0.003418,-0.003609,0.002177,-0.003418,-0.003609,0.002177,0.003038,-0.017879,0.004874,0.041620,-0.002835,0.018899,-0.002173,0.003038,-0.017879,0.004874,0.041620,-0.002835,0.018899,-0.002173
0.946000,0.306458,-0.000220,0.486137,0.306826,-0.000190,0.486794,0.306826,-0.000190,0.486794,0.000368,0.000030,0.000656,0.000040,-0.000913,0.000112,0.000040,0.000246,-0.000292,0.000000,0.000000,0.000000,-0.000542,0.000992,0.002128,0.043398,-0.001895,0.071473,0.043398,-0.001895,0.071473,0.002328,-0.005715,-0.005936,0.002328,-0.005715,-0.005936,-0.006507,-0.020972,-0.006441,0.045019,0.001938,0.021124,0.005936,-0.006507,-0.020972,-0.006441,0.045019,0.001938,0.021124,0.005936
0.947000,0.306458,-0.000220,0.486138,0.306826,-0.000190,0.486794,0.306826,-0.000190,0.486794,0.000368,0.000030,0.000656,0.000038,-0.000911,0.000119,0.000027,0.000003,-0.000195,0.000000,0.000000,0.000000,0.000334,0.000660,-0.001244,0.043603,0.002984,0.069511,0.043603,0.002984,0.069511,-0.001187,-0.004714,0.004209,-0.001187,-0.004714,0.004209,0.005134,-0.019339,0.004797,0.043118,-0.000563,0.019998,-0.004207,0.005134,-0.019339,0.004797,0.043118,-0.000563,0.019998,-0.004207
0.948000,0.306459,-0.000221,0.486136,0.306826,-0.000190,0.486794,0.306826,-0.000190,0.486794,0.000367,0.000031,0.000658,0.000037,-0.000915,0.000120,0.000117,-0.000126,-0.000734,0.000000,0.000000,0.000000,0.000428,0.002111,-0.000403,0.041746,0.005653,0.080469,0.041746,0.005653,0.080469,-0.001563,-0.009078,0.001688,-0.001563,-0.009078,0.001688,0.003429,-0.027348,0.004148,0.052415,-0.000374,0.024933,-0.001684,0.003429,-0.027348,0.004148,0.052415,-0.000374,0.024933,-0.001684
0.949000,0.306458,-0.000221,0.486138,0.306826,-0.000190,0.486794,0.306826,-0.000190,0.486794,0.000369,0.000031,0.000656,0.000037,-0.000911,0.000119,-0.000021,-0.000084,0.000115,0.000000,0.000000,0.000000,0.000284,-0.000263,-0.000540,0.044653,0.004766,0.063274,0.044653,0.004766,0.063274,-0.000990,-0.001943,0.002096,-0.000990,-0.001943,0.002096,0.003566,-0.014497,0.003743,0.037539,0.000011,0.016900,-0.002095,0.003566,-0.014497,0.003743,0.037539,0.000011,0.016900,-0.002095
0.950000,0.306458,-0.000220,0.486138,0.306826,-0.000190,0.486794,0.306826,-0.000190,0.486794,0.000368,0.000030,0.000655,0.000040,-0.000909,0.000111,-0.000064,0.000190,0.000056,0.000000,0.000000,0.000000,-0.000913,0.000063,0.002148,0.045482,-0.000807,0.064420,0.045482,-0.000807,0.064420,0.003814,-0.002915,-0.006001,0.003814,-0.002915,-0.006001,-0.006238,-0.015691,-0.007186,0.039157,0.003653,0.018142,0.005999,-0.006238,-0.015691,-0.007186,0.039157,0.003653,0.018142,0.005999
0.951000,0.306458,-0.000219,0.486141,0.306826,-0.000190,0.486794,0.306826,-0.000190,0.486794,0.000369,0.000029,0.000653,0.000038,-0.000905,0.000115,0.000077,0.000433,0.000798,0.000000,0.000000,0.000000,0.000033,-0.001960,0.000021,0.042683,-0.005758,0.049361,0.042683,-0.005758,0.049361,0.000020,0.003164,0.000396,0.000020,0.003164,0.000396,-0.001359,-0.005430,-0.001593,0.025614,-0.001192,0.010156,-0.000397,-0.001359,-0.005430,-0.001593,0.025614,-0.001192,0.010156,-0.000397
0.952000,0.306459,-0.000220,0.486138,0.306826,-0.000190,0.486794,0.306826,-0.000190,0.486794,0.000368,0.000030,0.000656,0.000040,-0.000909,0.000116,0.000089,0.000085,-0.000163,0.000000,0.000000,0.000000,-0.000574,-0.000051,0.000515,0.042342,0.001315,0.068837,0.042342,0.001315,0.068837,0.002457,-0.002572,-0.001083,0.002457,-0.002572,-0.001083,-0.000671,-0.017183,-0.002064,0.040495,0.002735,0.017529,0.001082,-0.000671,-0.017183,-0.002064,0.040495,0.002735,0.017529,0.001082
0.953000,0.306458,-0.000220,0.486138,0.306826,-0.000190,0.486794,0.306826,-0.000190,0.486794,0.000368,0.000030,0.000655,0.000039,-0.000909,0.000115,-0.000098,-0.000124,-0.000174,0.000000,0.000000,0.000000,0.000012,0.000712,-0.000050,0.046138,0.005511,0.069029,0.046138,0.005511,0.069029,0.000109,-0.004861,0.000611,0.000109,-0.004861,0.000611,0.002310,-0.018950,0.002159,0.043363,0.001269,0.020635,-0.000610,0.002310,-0.018950,0.002159,0.043363,0.001269,0.020635,-0.000610
0.954000,0.306458,-0.000220,0.486137,0.306826,-0.000190,0.486794,0.306826,-0.000190,0.486794,0.000368,0.000030,0.000657,0.000042,-0.000917,0.000120,0.000105,0.000030,-0.000457,0.000000,0.000000,0.000000,-0.001019,0.001588,-0.001117,0.042055,0.002448,0.074868,0.042055,0.002448,0.074868,0.004242,-0.007514,0.003832,0.004242,-0.007514,0.003832,0.004590,-0.024016,0.000509,0.048243,0.004754,0.022940,-0.003833,0.004590,-0.024016,0.000509,0.048243,0.004754,0.022940,-0.003833
0.955000,0.306458,-0.000223,0.486137,0.306826,-0.000190,0.486794,0.306826,-0.000190,0.486794,0.000368,0.000033,0.000657,0.000036,-0.000912,0.000119,-0.000122,-0.000914,-0.000206,0.000000,0.000000,0.000000,0.001359,0.000265,-0.000809,0.046613,0.021569,0.069805,0.046613,0.021569,0.069805,-0.005293,-0.003531,0.002903,-0.005293,-0.003531,0.002903,0.009525,-0.017791,0.012821,0.042458,-0.000758,0.019474,-0.002898,0.009525,-0.017791,0.012821,0.042458,-0.000758,0.019474,-0.002898
0.956000,0.306458,-0.000220,0.486139,0.306826,-0.000190,0.486794,0.306826,-0.000190,0.486794,0.000368,0.000030,0.000655,0.000043,-0.000906,0.000117,-0.000144,0.000393,0.000516,0.000000,0.000000,0.000000,-0.000501,-0.001824,0.000019,0.047051,-0.004829,0.055164,0.047051,-0.004829,0.055164,0.002177,0.002755,0.000410,0.002177,0.002755,0.000410,-0.001060,-0.006945,-0.002807,0.029319,0.001160,0.011992,-0.000412,-0.001060,-0.006945,-0.002807,0.029319,0.001160,0.011992,-0.000412
0.957000,0.306459,-0.000219,0.486138,0.306826,-0.000190,0.486794,0.306826,-0.000190,0.486794,0.000367,0.000029,0.000656,0.000040,-0.000910,0.000113,0.000231,0.000521,-0.000146,0.000000,0.000000,0.000000,0.000677,0.001021,0.001407,0.039460,-0.007517,0.068489,0.039460,-0.007517,0.068489,-0.002551,-0.005795,-0.003769,-0.002551,-0.005795,-0.003769,-0.006064,-0.020737,-0.003279,0.043185,-0.004126,0.020116,0.003773,-0.006064,-0.020737,-0.003279,0.043185,-0.004126,0.020116,0.003773
0.958000,0.306457,-0.000220,0.486138,0.306826,-0.000190,0.486794,0.306826,-0.000190,0.486794,0.000369,0.000030,0.000656,0.000041,-0.000910,0.000113,-0.000145,-0.000185,-0.000069,0.000000,0.000000,0.000000,-0.000605,-0.000350,0.000880,0.047185,0.006749,0.066950,0.047185,0.006749,0.066950,0.002583,-0.001680,-0.002191,0.002583,-0.001680,-0.002191,-0.000112,-0.014970,-0.001168,0.039333,0.004006,0.017489,0.002189,-0.000112,-0.014970,-0.001168,0.039333,0.004006,0.017489,0.002189
0.959000,0.306457,-0.000221,0.486138,0.306826,-0.000190,0.486794,0.306826,-0.000190,0.486794,0.000369,0.000031,0.000655,0.000037,-0.000911,0.000123,0.000010,-0.000199,0.000025,0.000000,0.000000,0.000000,0.000699,0.000003,-0.002077,0.044073,0.007109,0.065046,0.044073,0.007109,0.065046,-0.002649,-0.002743,0.006721,-0.002649,-0.002743,0.006721,0.008909,-0.015929,0.008945,0.039100,-0.001161,0.017735,-0.006718,0.008909,-0.015929,0.008945,0.039100,-0.001161,0.017735,-0.006718
0.960000,0.306458,-0.000221,0.486138,0.306826,-0.000190,0.486794,0.306826,-0.000190,0.486794,0.000368,0.000031,0.000656,0.000040,-0.000910,0.000117,0.000092,-0.000014,-0.000154,0.000000,0.000000,0.000000,-0.000433,0.000560,0.000770,0.042330,0.003401,0.068649,0.042330,0.003401,0.068649,0.001891,-0.004409,-0.001843,0.001891,-0.004409,-0.001843,-0.000792,-0.018964,-0.001522,0.042242,0.002610,0.019346,0.001843,-0.000792,-0.018964,-0.001522,0.042242,0.002610,0.019346,0.001843
0.961000,0.306458,-0.000221,0.486137,0.306826,-0.000190,0.486794,0.306826,-0.000190,0.486794,0.000368,0.000031,0.000657,0.000041,-0.000914,0.000113,0.000111,0.000133,-0.000082,0.000000,0.000000,0.000000,0.000390,0.000136,0.001021,0.041942,0.000418,0.067286,0.041942,0.000418,0.067286,-0.001396,-0.003148,-0.002611,-0.001396,-0.003148,-0.002611,-0.002473,-0.017345,-0.000706,0.040289,-0.001304,0.017885,0.002613,-0.002473,-0.017345,-0.000706,0.040289,-0.001304,0.017885,0.002613
0.962000,0.306459,-0.000220,0.486138,0.306826,-0.000190,0.486794,0.306826,-0.000190,0.486794,0.000368,0.000030,0.000655,0.000042,-0.000909,0.000120,0.000011,0.000159,0.000358,0.000000,0.000000,0.000000,-0.000972,-0.000786,-0.001657,0.043906,-0.000178,0.058363,0.043906,-0.000178,0.058363,0.004056,-0.000369,0.005450,0.004056,-0.000369,0.005450,0.005406,-0.011529,0.000935,0.033548,0.004012,0.014736,-0.005453,0.005406,-0.011529,0.000935,0.033548,0.004012,0.014736,-0.005453
0.963000,0.306459,-0.000220,0.486138,0.306826,-0.000190,0.486794,0.306826,-0.000190,0.486794,0.000367,0.000030,0.000656,0.000041,-0.000910,0.000116,0.000092,-0.000057,0.000068,0.000000,0.000000,0.000000,0.000142,0.000033,0.000250,0.042217,0.004157,0.064218,0.042217,0.004157,0.064218,-0.000405,-0.002830,-0.000287,-0.000405,-0.002830,-0.000287,0.000996,-0.016045,0.001448,0.038558,0.000470,0.017355,0.000288,0.000996,-0.016045,0.001448,0.038558,0.000470,0.017355,0.000288
0.964000,0.306458,-0.000220,0.486139,0.306826,-0.000190,0.486794,0.306826,-0.000190,0.486794,0.000368,0.000030,0.000655,0.000043,-0.000909,0.000119,0.000026,-0.000144,0.000237,0.000000,0.000000,0.000000,0.000534,-0.000773,-0.001467,0.043664,0.005929,0.060747,0.043664,0.005929,0.060747,-0.001967,-0.000408,0.004875,-0.001967,-0.000408,0.004875,0.006702,-0.012339,0.006776,0.034684,-0.000725,0.014936,-0.004874,0.006702,-0.012339,0.006776,0.034684,-0.000725,0.014936,-0.004874
0.965000,0.306458,-0.000222,0.486138,0.306826,-0.000190,0.486794,0.306826,-0.000190,0.486794,0.000368,0.000032,0.000656,0.000041,-0.000911,0.000121,0.000003,-0.000360,-0.000054,0.000000,0.000000,0.000000,-0.000083,0.000517,-0.000551,0.044128,0.010378,0.066693,0.044128,0.010378,0.066693,0.000496,-0.004284,0.002135,0.000496,-0.004284,0.002135,0.005325,-0.017965,0.004541,0.041424,0.002678,0.019429,-0.002134,0.005325,-0.017965,0.004541,0.041424,0.002678,0.019429,-0.002134
0.966000,0.306458,-0.000220,0.486137,0.306826,-0.000190,0.486794,0.306826,-0.000190,0.486794,0.000368,0.000031,0.000656,0.000041,-0.000909,0.000121,-0.000055,0.000261,-0.000087,0.000000,0.000000,0.000000,-0.000687,-0.000130,0.000996,0.045292,-0.002162,0.067372,0.045292,-0.002162,0.067372,0.002915,-0.002338,-0.002504,0.002915,-0.002338,-0.002504,-0.003157,-0.016048,-0.004520,0.039949,0.002464,0.017786,0.002502,-0.003157,-0.016048,-0.004520,0.039949,0.002464,0.017786,0.002502
0.967000,0.306459,-0.000220,0.486139,0.306826,-0.000190,0.486794,0.306826,-0.000190,0.486794,0.000367,0.000031,0.000654,0.000040,-0.000906,0.000120,0.000154,-0.000007,0.000320,0.000000,0.000000,0.000000,-0.000065,-0.000499,-0.000476,0.041022,0.003195,0.059033,0.041022,0.003195,0.059033,0.000418,-0.001220,0.001908,0.000418,-0.001220,0.001908,0.002896,-0.013029,0.002102,0.034347,0.001089,0.015039,-0.001908,0.002896,-0.013029,0.002102,0.034347,0.001089,0.015039,-0.001908
0.968000,0.306458,-0.000220,0.486138,0.306826,-0.000190,0.486794,0.306826,-0.000190,0.486794,0.000368,0.000030,0.000655,0.000041,-0.000908,0.000114,-0.000273,0.000176,-0.000036,0.000000,0.000000,0.000000,-0.000436,-0.000002,0.002043,0.049637,-0.000481,0.066254,0.049637,-0.000481,0.066254,0.001906,-0.002719,-0.005673,0.001906,-0.002719,-0.005673,-0.005810,-0.015421,-0.005497,0.040361,0.001813,0.018983,0.005672,-0.005810,-0.015421,-0.005497,0.040361,0.001813,0.018983,0.005672
0.969000,0.306458,-0.000221,0.486137,0.306826,-0.000190,0.486794,0.306826,-0.000190,0.486794,0.000368,0.000031,0.000657,0.000039,-0.000915,0.000121,0.000038,-0.000383,-0.000344,0.000000,0.000000,0.000000,0.000340,0.000874,-0.001459,0.043399,0.010809,0.072563,0.043399,0.010809,0.072563,-0.001206,-0.005367,0.004858,-0.001206,-0.005367,0.004858,0.008180,-0.020960,0.007809,0.045185,0.001063,0.020876,-0.004856,0.008180,-0.020960,0.007809,0.045185,0.001063,0.020876,-0.004856
0.970000,0.306457,-0.000218,0.486139,0.306826,-0.000190,0.486794,0.306826,-0.000190,0.486794,0.000369,0.000028,0.000655,0.000040,-0.000909,0.000113,-0.000038,0.000498,0.000156,0.000000,0.000000,0.000000,0.000429,-0.001040,0.000839,0.044996,-0.007133,0.062382,0.044996,-0.007133,0.062382,-0.001559,0.000392,-0.002065,-0.001559,0.000392,-0.002065,-0.004241,-0.011835,-0.002659,0.034828,-0.003057,0.014558,0.002066,-0.004241,-0.011835,-0.002659,0.034828,-0.003057,0.014558,0.002066
0.971000,0.306457,-0.000218,0.486138,0.306826,-0.000190,0.486794,0.306826,-0.000190,0.486794,0.000369,0.000028,0.000656,0.000042,-0.000914,0.000110,-0.000082,0.000431,0.000107,0.000000,0.000000,0.000000,-0.000942,0.000325,0.001772,0.045893,-0.005767,0.063414,0.045893,-0.005767,0.063414,0.003937,-0.003716,-0.004877,0.003937,-0.003716,-0.004877,-0.006634,-0.016121,-0.008091,0.039536,0.002731,0.018942,0.004875,-0.006634,-0.016121,-0.008091,0.039536,0.002731,0.018942,0.004875
0.972000,0.306458,-0.000221,0.486138,0.306826,-0.000190,0.486794,0.306826,-0.000190,0.486794,0.000368,0.000031,0.000656,0.000039,-0.000911,0.000120,0.000030,-0.000195,-0.000126,0.000000,0.000000,0.000000,0.000397,0.000027,-0.001382,0.043524,0.006976,0.068124,0.043524,0.006976,0.068124,-0.001432,-0.002812,0.004628,-0.001432,-0.002812,0.004628,0.006776,-0.017025,0.006562,0.040551,0.000031,0.017958,-0.004626,0.006776,-0.017025,0.006562,0.040551,0.000031,0.017958,-0.004626
0.973000,0.306458,-0.000221,0.486138,0.306826,-0.000190,0.486794,0.306826,-0.000190,0.486794,0.000368,0.000031,0.000656,0.000037,-0.000909,0.000116,-0.000115,-0.000341,0.000066,0.000000,0.000000,0.000000,0.000726,-0.000301,0.000078,0.046452,0.009918,0.064241,0.046452,0.009918,0.064241,-0.002753,-0.001822,0.000231,-0.002753,-0.001822,0.000231,0.003280,-0.014397,0.005348,0.038105,-0.000666,0.017242,-0.000228,0.003280,-0.014397,0.005348,0.038105,-0.000666,0.017242,-0.000228
0.974000,0.306457,-0.000219,0.486138,0.306826,-0.000190,0.486794,0.306826,-0.000190,0.486794,0.000369,0.000030,0.000655,0.000039,-0.000906,0.000116,-0.000176,0.000207,0.000243,0.000000,0.000000,0.000000,-0.000168,-0.000851,-0.000080,0.047767,-0.001195,0.060667,0.047767,-0.001195,0.060667,0.000829,-0.000167,0.000703,0.000829,-0.000167,0.000703,0.000347,-0.011444,-0.000464,0.034932,0.000578,0.015550,-0.000703,0.000347,-0.011444,-0.000464,0.034932,0.000578,0.015550,-0.000703
0.975000,0.306458,-0.000221,0.486138,0.306826,-0.000190,0.486794,0.306826,-0.000190,0.486794,0.000368,0.000032,0.000656,0.000045,-0.000911,0.000121,0.000045,-0.000143,-0.000423,0.000000,0.000000,0.000000,-0.000947,0.001705,-0.001103,0.043269,0.006032,0.074075,0.043269,0.006032,0.074075,0.003966,-0.007848,0.003794,0.003966,-0.007848,0.003794,0.005652,-0.023921,0.001842,0.048360,0.005233,0.023460,-0.003795,0.005652,-0.023921,0.001842,0.048360,0.005233,0.023460,-0.003795
0.976000,0.306458,-0.000219,0.486139,0.306826,-0.000190,0.486794,0.306826,-0.000190,0.486794,0.000368,0.000029,0.000655,0.000044,-0.000906,0.000117,0.000039,0.000324,0.000367,0.000000,0.000000,0.000000,-0.000394,-0.001042,0.000471,0.043359,-0.003536,0.058123,0.043359,-0.003536,0.058123,0.001752,0.000410,-0.000946,0.001752,0.000410,-0.000946,-0.002020,-0.010763,-0.003044,0.032589,0.001010,0.013821,0.000944,-0.002020,-0.010763,-0.003044,0.032589,0.001010,0.013821,0.000944
0.977000,0.306458,-0.000220,0.486138,0.306826,-0.000190,0.486794,0.306826,-0.000190,0.486794,0.000368,0.000030,0.000656,0.000040,-0.000909,0.000119,-0.000032,-0.000357,-0.000452,0.000000,0.000000,0.000000,0.000986,0.000975,-0.001169,0.044824,0.010152,0.074651,0.044824,0.010152,0.074651,-0.003784,-0.005653,0.003980,-0.003784,-0.005653,0.003980,0.007102,-0.021668,0.008804,0.046639,-0.001652,0.021646,-0.003976,0.007102,-0.021668,0.008804,0.046639,-0.001652,0.021646,-0.003976
0.978000,0.306458,-0.000220,0.486138,0.306826,-0.000190,0.486794,0.306826,-0.000190,0.486794,0.000368,0.000030,0.000655,0.000038,-0.000909,0.000115,-0.000057,0.000237,-0.000083,0.000000,0.000000,0.000000,0.000639,0.000602,0.001456,0.045335,-0.001753,0.067192,0.045335,-0.001753,0.067192,-0.002403,-0.004532,-0.003911,-0.002403,-0.004532,-0.003911,-0.004438,-0.018182,-0.001615,0.042066,-0.002766,0.019976,0.003914,-0.004438,-0.018182,-0.001615,0.042066,-0.002766,0.019976,0.003914
0.979000,0.306458,-0.000220,0.486139,0.306826,-0.000190,0.486794,0.306826,-0.000190,0.486794,0.000368,0.000030,0.000655,0.000040,-0.000905,0.000118,-0.000016,-0.000156,0.000160,0.000000,0.000000,0.000000,-0.000253,-0.000664,-0.000568,0.044519,0.006153,0.062261,0.044519,0.006153,0.062261,0.001172,-0.000723,0.002177,0.001172,-0.000723,0.002177,0.004073,-0.012986,0.002721,0.035823,0.002464,0.015562,-0.002178,0.004073,-0.012986,0.002721,0.035823,0.002464,0.015562,-0.002178
0.980000,0.306459,-0.000220,0.486139,0.306826,-0.000190,0.486794,0.306826,-0.000190,0.486794,0.000367,0.000030,0.000655,0.000039,-0.000907,0.000115,0.000196,0.000117,0.000220,0.000000,0.000000,0.000000,0.000069,-0.000680,0.001398,0.040160,0.000695,0.061098,0.040160,0.000695,0.061098,-0.000122,-0.000680,-0.003737,-0.000122,-0.000680,-0.003737,-0.003515,-0.013254,-0.002314,0.034672,0.000029,0.014498,0.003737,-0.003515,-0.013254,-0.002314,0.034672,0.000029,0.014498,0.003737
0.981000,0.306458,-0.000218,0.486140,0.306826,-0.000190,0.486794,0.306826,-0.000190,0.486794,0.000368,0.000028,0.000653,0.000040,-0.000902,0.000109,-0.000104,0.000532,0.000495,0.000000,0.000000,0.000000,-0.000301,-0.001422,0.002227,0.046267,-0.007801,0.055433,0.046267,-0.007801,0.055433,0.001365,0.001560,-0.006244,0.001365,0.001560,-0.006244,-0.008624,-0.008344,-0.007896,0.030543,-0.000269,0.013045,0.006242,-0.008624,-0.008344,-0.007896,0.030543,-0.000269,0.013045,0.006242
0.982000,0.306458,-0.000221,0.486139,0.306826,-0.000190,0.486794,0.306826,-0.000190,0.486794,0.000368,0.000031,0.000655,0.000041,-0.000906,0.000119,-0.000191,-0.000242,0.000047,0.000000,0.000000,0.000000,-0.000533,-0.000154,-0.001267,0.048024,0.007919,0.064545,0.048024,0.007919,0.064545,0.002294,-0.002256,0.004278,0.002294,-0.002256,0.004278,0.006715,-0.014682,0.003984,0.038882,0.003955,0.018033,-0.004279,0.006715,-0.014682,0.003984,0.038882,0.003955,0.018033,-0.004279
0.983000,0.306458,-0.000220,0.486138,0.306826,-0.000190,0.486794,0.306826,-0.000190,0.486794,0.000369,0.000030,0.000656,0.000039,-0.000914,0.000111,0.000086,-0.000019,-0.000533,0.000000,0.000000,0.000000,0.000325,0.001932,0.001358,0.042524,0.003360,0.076289,0.042524,0.003360,0.076289,-0.001146,-0.008538,-0.003632,-0.001146,-0.008538,-0.003632,-0.002593,-0.025406,-0.000647,0.050002,-0.000433,0.024188,0.003635,-0.002593,-0.025406,-0.000647,0.050002,-0.000433,0.024188,0.003635
0.984000,0.306458,-0.000221,0.486138,0.306826,-0.000190,0.486794,0.306826,-0.000190,0.486794,0.000368,0.000031,0.000656,0.000039,-0.000910,0.000121,0.000015,-0.000183,0.000272,0.000000,0.000000,0.000000,0.000215,-0.000654,-0.001855,0.043900,0.006749,0.060116,0.043900,0.006749,0.060116,-0.000703,-0.000766,0.006048,-0.000703,-0.000766,0.006048,0.008126,-0.012467,0.006975,0.034774,0.000710,0.015288,-0.006048,0.008126,-0.012467,0.006975,0.034774,0.000710,0.015288,-0.006048
0.985000,0.306458,-0.000221,0.486138,0.306826,-0.000190,0.486794,0.306826,-0.000190,0.486794,0.000369,0.000031,0.000656,0.000041,-0.000912,0.000120,-0.000011,0.000141,-0.000060,0.000000,0.000000,0.000000,0.000584,-0.000117,-0.000918,0.044467,0.000263,0.066818,0.044467,0.000263,0.066818,-0.002173,-0.002386,0.003234,-0.002173,-0.002386,0.003234,0.003325,-0.016054,0.003922,0.039631,-0.002120,0.017616,-0.003232,0.003325,-0.016054,0.003922,0.039631,-0.002120,0.017616,-0.003232
0.986000,0.306458,-0.000221,0.486139,0.306826,-0.000190,0.486794,0.306826,-0.000190,0.486794,0.000368,0.000031,0.000654,0.000040,-0.000906,0.000115,0.000064,-0.000368,0.000223,0.000000,0.000000,0.000000,-0.000050,-0.000634,0.000386,0.042912,0.010489,0.060978,0.042912,0.010489,0.060978,0.000360,-0.000815,-0.000698,0.000360,-0.000815,-0.000698,0.002526,-0.012932,0.002674,0.035103,0.002568,0.015202,0.000698,0.002526,-0.012932,0.002674,0.035103,0.002568,0.015202,0.000698
0.987000,0.306458,-0.000219,0.486139,0.306826,-0.000190,0.486794,0.306826,-0.000190,0.486794,0.000368,0.000029,0.000655,0.000041,-0.000908,0.000115,0.000163,0.000124,-0.000214,0.000000,0.000000,0.000000,-0.000035,0.000928,-0.000503,0.040865,0.000425,0.069779,0.040865,0.000425,0.069779,0.000301,-0.005508,0.001970,0.000301,-0.005508,0.001970,0.002109,-0.020634,0.001331,0.043686,0.000389,0.020238,-0.001969,0.002109,-0.020634,0.001331,0.043686,0.000389,0.020238,-0.001969
0.988000,0.306458,-0.000220,0.486139,0.306826,-0.000190,0.486794,0.306826,-0.000190,0.486794,0.000368,0.000031,0.000655,0.000039,-0.000907,0.000115,0.000002,-0.000088,-0.000214,0.000000,0.000000,0.000000,-0.000022,0.000382,0.000837,0.044128,0.004815,0.069790,0.044128,0.004815,0.069790,0.000245,-0.003866,-0.002053,0.000245,-0.003866,-0.002053,-0.000568,-0.018496,-0.000045,0.042469,0.001261,0.019283,0.002054,-0.000568,-0.018496,-0.000045,0.042469,0.001261,0.019283,0.002054
0.989000,0.306458,-0.000219,0.486140,0.306826,-0.000190,0.486794,0.306826,-0.000190,0.486794,0.000368,0.000029,0.000654,0.000042,-0.000904,0.000111,-0.000062,0.000293,0.000270,0.000000,0.000000,0.000000,-0.000409,-0.000622,0.001508,0.045432,-0.002942,0.059984,0.045432,-0.002942,0.059984,0.001803,-0.000847,-0.004079,0.001803,-0.000847,-0.004079,-0.004970,-0.012273,-0.005099,0.034991,0.001189,0.015677,0.004078,-0.004970,-0.012273,-0.005099,0.034991,0.001189,0.015677,0.004078
0.990000,0.306458,-0.000220,0.486140,0.306826,-0.000190,0.486794,0.306826,-0.000190,0.486794,0.000368,0.000030,0.000654,0.000039,-0.000908,0.000119,-0.000015,-0.000324,0.000463,0.000000,0.000000,0.000000,0.000783,-0.000794,-0.002370,0.044528,0.009486,0.056140,0.044528,0.009486,0.056140,-0.002978,-0.000344,0.007588,-0.002978,-0.000344,0.007588,0.010505,-0.010732,0.010561,0.032556,-0.000991,0.014649,-0.007586,0.010505,-0.010732,0.010561,0.032556,-0.000991,0.014649,-0.007586
0.991000,0.306458,-0.000219,0.486138,0.306826,-0.000190,0.486794,0.306826,-0.000190,0.486794,0.000368,0.000030,0.000655,0.000040,-0.000912,0.000111,0.000184,0.000293,-0.000295,0.000000,0.000000,0.000000,-0.000139,0.000726,0.002197,0.040518,-0.002911,0.071433,0.040518,-0.002911,0.071433,0.000715,-0.004914,-0.006147,0.000715,-0.004914,-0.006147,-0.007030,-0.020600,-0.005777,0.043830,0.000111,0.019714,0.006148,-0.007030,-0.020600,-0.005777,0.043830,0.000111,0.019714,0.006148
0.992000,0.306458,-0.000220,0.486138,0.306826,-0.000190,0.486794,0.306826,-0.000190,0.486794,0.000368,0.000030,0.000656,0.000040,-0.000910,0.000118,0.000016,-0.000196,-0.000268,0.000000,0.000000,0.000000,-0.000331,0.000246,-0.001378,0.043895,0.006954,0.070973,0.043895,0.006954,0.070973,0.001485,-0.003469,0.004607,0.001485,-0.003469,0.004607,0.006748,-0.018497,0.004475,0.042599,0.002943,0.018942,-0.004607,0.006748,-0.018497,0.004475,0.042599,0.002943,0.018942,-0.004607
0.993000,0.306458,-0.000223,0.486139,0.306826,-0.000190,0.486794,0.306826,-0.000190,0.486794,0.000368,0.000033,0.000655,0.000041,-0.000907,0.000120,-0.000054,-0.000661,0.000234,0.000000,0.000000,0.000000,0.000477,-0.000712,-0.001092,0.045223,0.016548,0.060803,0.045223,0.016548,0.060803,-0.001746,-0.000585,0.003759,-0.001746,-0.000585,0.003759,0.008840,-0.012297,0.009282,0.035086,0.001731,0.015444,-0.003757,0.008840,-0.012297,0.009282,0.035086,0.001731,0.015444,-0.003757
0.994000,0.306458,-0.000220,0.486138,0.306826,-0.000190,0.486794,0.306826,-0.000190,0.486794,0.000368,0.000030,0.000656,0.000040,-0.000910,0.000118,0.000064,0.000534,-0.000448,0.000000,0.000000,0.000000,-0.000333,0.001196,0.000395,0.042849,-0.007681,0.074553,0.042849,-0.007681,0.074553,0.001495,-0.006316,-0.000714,0.001495,-0.006316,-0.000714,-0.003058,-0.022603,-0.004043,0.047003,-0.000118,0.021882,0.000715,-0.003058,-0.022603,-0.004043,0.047003,-0.000118,0.021882,0.000715
0.995000,0.306459,-0.000221,0.486139,0.306826,-0.000190,0.486794,0.306826,-0.000190,0.486794,0.000368,0.000031,0.000654,0.000039,-0.000905,0.000119,0.000079,-0.000038,0.000156,0.000000,0.000000,0.000000,-0.000031,-0.000554,-0.000178,0.042547,0.003878,0.062323,0.042547,0.003878,0.062323,0.000282,-0.001053,0.001010,0.000282,-0.001053,0.001010,0.002208,-0.013637,0.001787,0.035929,0.001097,0.015482,-0.001010,0.002208,-0.013637,0.001787,0.035929,0.001097,0.015482,-0.001010
0.996000,0.306459,-0.000221,0.486140,0.306826,-0.000190,0.486794,0.306826,-0.000190,0.486794,0.000367,0.000031,0.000654,0.000041,-0.000904,0.000118,0.000109,-0.000094,0.000128,0.000000,0.000000,0.000000,-0.000652,-0.000640,0.000100,0.041911,0.005003,0.062867,0.041911,0.005003,0.062867,0.002772,-0.000791,0.000174,0.002772,-0.000791,0.000174,0.001717,-0.013638,-0.000201,0.035841,0.003825,0.015132,-0.000176,0.001717,-0.013638,-0.000201,0.035841,0.003825,0.015132,-0.000176
0.997000,0.306459,-0.000221,0.486139,0.306826,-0.000190,0.486794,0.306826,-0.000190,0.486794,0.000367,0.000031,0.000655,0.000040,-0.000906,0.000121,0.000101,-0.000012,-0.000109,0.000000,0.000000,0.000000,-0.000198,0.000401,-0.000680,0.042067,0.003365,0.067663,0.042067,0.003365,0.067663,0.000951,-0.003921,0.002522,0.000951,-0.003921,0.002522,0.003562,-0.018215,0.002214,0.041255,0.001657,0.018719,-0.002522,0.003562,-0.018215,0.002214,0.041255,0.001657,0.018719,-0.002522
0.998000,0.306457,-0.000221,0.486139,0.306826,-0.000190,0.486794,0.306826,-0.000190,0.486794,0.000369,0.000031,0.000655,0.000040,-0.000909,0.000118,-0.000275,-0.000040,-0.000036,0.000000,0.000000,0.000000,0.000026,0.000185,0.000550,0.049783,0.003922,0.066215,0.049783,0.003922,0.066215,0.000055,-0.003283,-0.001178,0.000055,-0.003283,-0.001178,0.000036,-0.015951,0.000418,0.040925,0.000883,0.019577,0.001178,0.000036,-0.015951,0.000418,0.040925,0.000883,0.019577,0.001178
0.999000,0.306459,-0.000219,0.486138,0.306826,-0.000190,0.486794,0.306826,-0.000190,0.486794,0.000367,0.000029,0.000656,0.000045,-0.000910,0.000113,0.000109,0.000375,-0.000082,0.000000,0.000000,0.000000,-0.000140,0.000443,0.000841,0.041910,-0.004558,0.067190,0.041910,-0.004558,0.067190,0.000739,-0.004059,-0.002073,0.000739,-0.004059,-0.002073,-0.003461,-0.018232,-0.003454,0.041151,-0.000216,0.018781,0.002074,-0.003461,-0.018232,-0.003454,0.041151,-0.000216,0.018781,0.002074
1.000000,0.306458,-0.000219,0.486138,0.306826,-0.000190,0.486794,0.306826,-0.000190,0.486794,0.000369,0.000029,0.000656,0.000040,-0.000909,0.000114,-0.000291,0.000172,-0.000260,0.000000,0.000000,0.000000,0.000348,0.000533,0.000241,0.050050,-0.000503,0.070760,0.050050,-0.000503,0.070760,-0.001230,-0.004323,-0.000267,-0.001230,-0.004323,-0.000267,-0.000410,-0.018344,0.000534,0.044145,-0.001334,0.021073,0.000269,-0.000410,-0.018344,0.000534,0.044145,-0.001334,0.021073,0.000269
1.001000,0.306459,-0.000221,0.486140,0.306826,-0.000190,0.486794,0.306826,-0.000190,0.486794,0.000368,0.000032,0.000653,0.000040,-0.000904,0.000116,0.000168,-0.000408,0.000509,0.000000,0.000000,0.000000,-0.000052,-0.001088,0.000102,0.040757,0.011317,0.055161,0.040757,0.011317,0.055161,0.000368,0.000554,0.000160,0.000368,0.000554,0.000160,0.003637,-0.010110,0.003541,0.030711,0.002748,0.012868,-0.000160,0.003637,-0.010110,0.003541,0.030711,0.002748,0.012868,-0.000160
1.002000,0.306458,-0.000220,0.486139,0.306826,-0.000190,0.486794,0.306826,-0.000190,0.486794,0.000368,0.000030,0.000654,0.000040,-0.000906,0.000119,-0.000057,-0.000222,0.000204,0.000000,0.000000,0.000000,0.000202,-0.000633,-0.001662,0.045269,0.007465,0.061376,0.045269,0.007465,0.061376,-0.000644,-0.000817,0.005460,-0.000644,-0.000817,0.005460,0.007757,-0.012695,0.006751,0.035595,0.000920,0.015737,-0.005459,0.007757,-0.012695,0.006751,0.035595,0.000920,0.015737,-0.005459
1.003000,0.306458,-0.000218,0.486136,0.306826,-0.000190,0.486794,0.306826,-0.000190,0.486794,0.000368,0.000029,0.000658,0.000038,-0.000914,0.000111,-0.000008,0.000485,-0.001208,0.000000,0.000000,0.000000,0.000577,0.003012,0.001639,0.044310,-0.006838,0.089972,0.044310,-0.006838,0.089972,-0.002156,-0.011778,-0.004472,-0.002156,-0.011778,-0.004472,-0.006556,-0.032571,-0.003833,0.059931,-0.003586,0.029006,0.004477,-0.006556,-0.032571,-0.003833,0.059931,-0.003586,0.029006,0.004477
1.004000,0.306459,-0.000220,0.486140,0.306826,-0.000190,0.486794,0.306826,-0.000190,0.486794,0.000368,0.000030,0.000653,0.000039,-0.000903,0.000118,0.000134,-0.000111,0.000674,0.000000,0.000000,0.000000,-0.000058,-0.001519,-0.001242,0.041432,0.005221,0.051856,0.041432,0.005221,0.051856,0.000389,0.001847,0.004198,0.000389,0.001847,0.004198,0.005807,-0.007702,0.004398,0.027946,0.001482,0.011429,-0.004199,0.005807,-0.007702,0.004398,0.027946,0.001482,0.011429,-0.004199
1.005000,0.306458,-0.000221,0.486136,0.306826,-0.000190,0.486794,0.306826,-0.000190,0.486794,0.000368,0.000031,0.000657,0.000038,-0.000912,0.000121,-0.000002,-0.000534,-0.000532,0.000000,0.000000,0.000000,0.000185,0.001070,-0.001698,0.044221,0.013822,0.076379,0.044221,0.013822,0.076379,-0.000586,-0.005945,0.005578,-0.000586,-0.005945,0.005578,0.009824,-0.022583,0.008858,0.047668,0.002317,0.021962,-0.005576,0.009824,-0.022583,0.008858,0.047668,0.002317,0.021962,-0.005576
1.006000,0.306457,-0.000221,0.486140,0.306826,-0.000190,0.486794,0.306826,-0.000190,0.486794,0.000369,0.000031,0.000654,0.000040,-0.000904,0.000117,-0.000285,0.000011,0.000646,0.000000,0.000000,0.000000,-0.000540,-0.001417,0.000959,0.049961,0.002874,0.052454,0.049961,0.002874,0.052454,0.002321,0.001540,-0.002412,0.002321,0.001540,-0.002412,-0.001520,-0.006884,-0.002399,0.029629,0.002929,0.013581,0.002409,-0.001520,-0.006884,-0.002399,0.029629,0.002929,0.013581,0.002409
1.007000,0.306458,-0.000221,0.486139,0.306826,-0.000190,0.486794,0.306826,-0.000190,0.486794,0.000368,0.000031,0.000654,0.000040,-0.000905,0.000121,0.000151,-0.000149,0.000126,0.000000,0.000000,0.000000,-0.000158,-0.000485,-0.001231,0.041096,0.006081,0.062911,0.041096,0.006081,0.062911,0.000788,-0.001260,0.004176,0.000788,-0.001260,0.004176,0.006049,-0.014246,0.004380,0.036226,0.002063,0.015436,-0.004176,0.006049,-0.014246,0.004380,0.036226,0.002063,0.015436,-0.004176
1.008000,0.306459,-0.000220,0.486140,0.306826,-0.000190,0.486794,0.306826,-0.000190,0.486794,0.000367,0.000030,0.000654,0.000041,-0.000905,0.000112,0.000220,0.000270,0.000199,0.000000,0.000000,0.000000,-0.000104,-0.000178,0.002115,0.039680,-0.002432,0.061408,0.039680,-0.002432,0.061408,0.000579,-0.002180,-0.005896,0.000579,-0.002180,-0.005896,-0.006633,-0.014923,-0.005350,0.036258,0.000075,0.015924,0.005897,-0.006633,-0.014923,-0.005350,0.036258,0.000075,0.015924,0.005897
1.009000,0.306459,-0.000221,0.486138,0.306826,-0.000190,0.486794,0.306826,-0.000190,0.486794,0.000367,0.000031,0.000656,0.000040,-0.000909,0.000118,0.000127,0.000010,-0.000586,0.000000,0.000000,0.000000,-0.000069,0.001407,-0.000130,0.041550,0.002896,0.077332,0.041550,0.002896,0.077332,0.000438,-0.006949,0.000863,0.000438,-0.006949,0.000863,0.001760,-0.024286,0.001255,0.048780,0.001047,0.022486,-0.000862,0.001760,-0.024286,0.001255,0.048780,0.001047,0.022486,-0.000862
1.010000,0.306458,-0.000222,0.486139,0.306826,-0.000190,0.486794,0.306826,-0.000190,0.486794,0.000368,0.000032,0.000655,0.000038,-0.000906,0.000122,-0.000200,-0.000204,0.000342,0.000000,0.000000,0.000000,0.000413,-0.000815,-0.001054,0.048144,0.007266,0.058610,0.048144,0.007266,0.058610,-0.001498,-0.000274,0.003650,-0.001498,-0.000274,0.003650,0.005887,-0.010864,0.006013,0.034116,0.000027,0.015556,-0.003648,0.005887,-0.010864,0.006013,0.034116,0.000027,0.015556,-0.003648
1.011000,0.306459,-0.000220,0.486138,0.306826,-0.000190,0.486794,0.306826,-0.000190,0.486794,0.000368,0.000030,0.000656,0.000038,-0.000909,0.000116,0.000016,0.000167,-0.000355,0.000000,0.000000,0.000000,0.000257,0.000890,0.000502,0.043802,-0.000322,0.072684,0.043802,-0.000322,0.072684,-0.000875,-0.005397,-0.001040,-0.000875,-0.005397,-0.001040,-0.001129,-0.020965,-0.000205,0.045326,-0.000940,0.021001,0.001042,-0.001129,-0.020965,-0.000205,0.045326,-0.000940,0.021001,0.001042
1.012000,0.306458,-0.000222,0.486139,0.306826,-0.000190,0.486794,0.306826,-0.000190,0.486794,0.000368,0.000032,0.000655,0.000037,-0.000910,0.000124,0.000082,-0.000341,0.000026,0.000000,0.000000,0.000000,0.000427,0.000036,-0.001757,0.042547,0.010035,0.064997,0.042547,0.010035,0.064997,-0.001558,-0.002839,0.005767,-0.001558,-0.002839,0.005767,0.008852,-0.016244,0.008449,0.038976,0.000547,0.017505,-0.005765,0.008852,-0.016244,0.008449,0.038976,0.000547,0.017505,-0.005765
1.013000,0.306458,-0.000222,0.486139,0.306826,-0.000190,0.486794,0.306826,-0.000190,0.486794,0.000368,0.000032,0.000655,0.000039,-0.000908,0.000119,-0.000031,-0.000320,0.000188,0.000000,0.000000,0.000000,-0.000155,-0.000532,0.000050,0.044739,0.009592,0.061747,0.044739,0.009592,0.061747,0.000777,-0.001129,0.000325,0.000777,-0.001129,0.000325,0.003275,-0.013201,0.002810,0.036014,0.002795,0.015968,-0.000326,0.003275,-0.013201,0.002810,0.036014,0.002795,0.015968,-0.000326
1.014000,0.306458,-0.000221,0.486140,0.306826,-0.000190,0.486794,0.306826,-0.000190,0.486794,0.000368,0.000031,0.000654,0.000040,-0.000906,0.000121,-0.000044,0.000100,0.000387,0.000000,0.000000,0.000000,-0.000518,-0.000496,-0.000893,0.045022,0.001067,0.057630,0.045022,0.001067,0.057630,0.002232,-0.001229,0.003163,0.002232,-0.001229,0.003163,0.003501,-0.011995,0.001015,0.034207,0.002453,0.015767,-0.003164,0.003501,-0.011995,0.001015,0.034207,0.002453,0.015767,-0.003164
1.015000,0.306458,-0.000221,0.486138,0.306826,-0.000190,0.486794,0.306826,-0.000190,0.486794,0.000368,0.000031,0.000655,0.000042,-0.000908,0.000115,-0.000006,0.000256,-0.000004,0.000000,0.000000,0.000000,0.000050,-0.000190,0.001201,0.044279,-0.002036,0.065610,0.044279,-0.002036,0.065610,-0.000031,-0.002154,-0.003143,-0.000031,-0.002154,-0.003143,-0.003757,-0.015480,-0.002845,0.038805,-0.000455,0.017236,0.003143,-0.003757,-0.015480,-0.002845,0.038805,-0.000455,0.017236,0.003143
1.016000,0.306459,-0.000220,0.486138,0.306826,-0.000190,0.486794,0.306826,-0.000190,0.486794,0.000367,0.000030,0.000656,0.000043,-0.000910,0.000117,0.000032,0.000301,-0.000194,0.000000,0.000000,0.000000,-0.000599,0.000668,0.000448,0.043462,-0.003039,0.069466,0.043462,-0.003039,0.069466,0.002568,-0.004735,-0.000877,0.002568,-0.004735,-0.000877,-0.001799,-0.019367,-0.003411,0.043099,0.001931,0.019983,0.000876,-0.001799,-0.019367,-0.003411,0.043099,0.001931,0.019983,0.000876
1.017000,0.306458,-0.000220,0.486139,0.306826,-0.000190,0.486794,0.306826,-0.000190,0.486794,0.000368,0.000030,0.000655,0.000040,-0.000906,0.000119,-0.000014,0.000070,0.000062,0.000000,0.000000,0.000000,0.000232,-0.000349,-0.000569,0.044414,0.001616,0.064220,0.044414,0.001616,0.064220,-0.000769,-0.001670,0.002184,-0.000769,-0.001670,0.002184,0.002689,-0.014550,0.002626,0.037682,-0.000431,0.016660,-0.002183,0.002689,-0.014550,0.002626,0.037682,-0.000431,0.016660,-0.002183
1.018000,0.306459,-0.000221,0.486139,0.306826,-0.000190,0.486794,0.306826,-0.000190,0.486794,0.000368,0.000031,0.000654,0.000040,-0.000905,0.000118,0.000040,-0.000202,0.000062,0.000000,0.000000,0.000000,-0.000081,-0.000470,0.001175,0.043311,0.007134,0.064189,0.043311,0.007134,0.064189,0.000484,-0.001306,-0.003056,0.000484,-0.001306,-0.003056,-0.000860,-0.014344,-0.000169,0.037160,0.001989,0.016058,0.003056,-0.000860,-0.014344,-0.000169,0.037160,0.001989,0.016058,0.003056
1.019000,0.306458,-0.000220,0.486137,0.306826,-0.000190,0.486794,0.306826,-0.000190,0.486794,0.000368,0.000030,0.000657,0.000039,-0.000914,0.000120,0.000112,0.000285,-0.000129,0.000000,0.000000,0.000000,0.000182,0.000243,0.000023,0.041913,-0.002669,0.068252,0.041913,-0.002669,0.068252,-0.000572,-0.003470,0.000410,-0.000572,-0.003470,0.000410,-0.000399,-0.017968,-0.000158,0.041064,-0.001133,0.018287,-0.000409,-0.000399,-0.017968,-0.000158,0.041064,-0.001133,0.018287,-0.000409
1.020000,0.306458,-0.000222,0.486136,0.306826,-0.000190,0.486794,0.306826,-0.000190,0.486794,0.000368,0.000032,0.000657,0.000038,-0.000914,0.000120,-0.000097,-0.000308,-0.000391,0.000000,0.000000,0.000000,0.000326,0.001194,-0.000019,0.046144,0.009349,0.073540,0.046144,0.009349,0.073540,-0.001153,-0.006323,0.000536,-0.001153,-0.006323,0.000536,0.003411,-0.021795,0.004246,0.046955,0.000815,0.022495,-0.000533,0.003411,-0.021795,0.004246,0.046955,0.000815,0.022495,-0.000533
1.021000,0.306459,-0.000219,0.486138,0.306826,-0.000190,0.486794,0.306826,-0.000190,0.486794,0.000368,0.000030,0.000656,0.000040,-0.000911,0.000116,0.000007,0.000413,0.000002,0.000000,0.000000,0.000000,-0.000225,0.000239,0.000579,0.043956,-0.005310,0.065558,0.043956,-0.005310,0.065558,0.001057,-0.003450,-0.001272,0.001057,-0.003450,-0.001272,-0.002890,-0.016810,-0.003357,0.040035,-0.000057,0.018459,0.001272,-0.002890,-0.016810,-0.003357,0.040035,-0.000057,0.018459,0.001272
1.022000,0.306458,-0.000219,0.486137,0.306826,-0.000190,0.486794,0.306826,-0.000190,0.486794,0.000368,0.000029,0.000656,0.000040,-0.000909,0.000114,-0.000052,0.000336,-0.000049,0.000000,0.000000,0.000000,-0.000306,-0.000315,0.000697,0.045209,-0.003798,0.066615,0.045209,-0.003798,0.066615,0.001386,-0.001782,-0.001633,0.001386,-0.001782,-0.001633,-0.002787,-0.015274,-0.003354,0.039026,0.000589,0.017148,0.001632,-0.002787,-0.015274,-0.003354,0.039026,0.000589,0.017148,0.001632
1.023000,0.306459,-0.000221,0.486136,0.306826,-0.000190,0.486794,0.306826,-0.000190,0.486794,0.000367,0.000031,0.000658,0.000039,-0.000914,0.000116,0.000064,-0.000261,-0.000637,0.000000,0.000000,0.000000,0.000210,0.001460,0.000596,0.042796,0.008336,0.078528,0.042796,0.008336,0.078528,-0.000686,-0.007124,-0.001326,-0.000686,-0.007124,-0.001326,0.001239,-0.024638,0.002273,0.049679,0.001071,0.023028,0.001329,0.001239,-0.024638,0.002273,0.049679,0.001071,0.023028,0.001329
1.024000,0.306458,-0.000220,0.486138,0.306826,-0.000190,0.486794,0.306826,-0.000190,0.486794,0.000368,0.000030,0.000656,0.000037,-0.000910,0.000119,-0.000071,-0.000081,-0.000033,0.000000,0.000000,0.000000,0.000580,0.000334,-0.001061,0.045558,0.004669,0.066258,0.045558,0.004669,0.066258,-0.002169,-0.003733,0.003658,-0.002169,-0.003733,0.003658,0.005099,-0.017062,0.005650,0.040853,-0.001190,0.019143,-0.003655,0.005099,-0.017062,0.005650,0.040853,-0.001190,0.019143,-0.003655
1.025000,0.306459,-0.000220,0.486139,0.306826,-0.000190,0.486794,0.306826,-0.000190,0.486794,0.000368,0.000030,0.000654,0.000038,-0.000905,0.000115,0.000039,0.000029,0.000453,0.000000,0.000000,0.000000,0.000130,-0.001365,0.000415,0.043338,0.002426,0.056369,0.043338,0.002426,0.056369,-0.000369,0.001381,-0.000786,-0.000369,0.001381,-0.000786,-0.000033,-0.009257,0.000509,0.030787,0.000142,0.012691,0.000786,-0.000033,-0.009257,0.000509,0.030787,0.000142,0.012691,0.000786
1.026000,0.306459,-0.000220,0.486137,0.306826,-0.000190,0.486794,0.306826,-0.000190,0.486794,0.000367,0.000031,0.000656,0.000037,-0.000911,0.000118,0.000061,-0.000192,0.000111,0.000000,0.000000,0.000000,0.000547,-0.000116,-0.000928,0.042876,0.006898,0.063435,0.042876,0.006898,0.063435,-0.002039,-0.002384,0.003257,-0.002039,-0.002384,0.003257,0.005381,-0.015260,0.005998,0.037828,-0.000591,0.016982,-0.003255,0.005381,-0.015260,0.005998,0.037828,-0.000591,0.016982,-0.003255
1.027000,0.306458,-0.000220,0.486138,0.306826,-0.000190,0.486794,0.306826,-0.000190,0.486794,0.000368,0.000031,0.000656,0.000037,-0.000909,0.000120,-0.000094,-0.000128,0.000224,0.000000,0.000000,0.000000,0.000364,-0.000397,-0.001331,0.046075,0.005617,0.061118,0.046075,0.005617,0.061118,-0.001308,-0.001536,0.004474,-0.001308,-0.001536,0.004474,0.006206,-0.013212,0.005924,0.036296,-0.000131,0.016603,-0.004473,0.006206,-0.013212,0.005924,0.036296,-0.000131,0.016603,-0.004473
1.028000,0.306458,-0.000220,0.486137,0.306826,-0.000190,0.486794,0.306826,-0.000190,0.486794,0.000368,0.000030,0.000656,0.000040,-0.000914,0.000113,0.000022,0.000204,-0.000022,0.000000,0.000000,0.000000,-0.000657,0.000293,0.001587,0.043726,-0.001100,0.066062,0.043726,-0.001100,0.066062,0.002786,-0.003620,-0.004309,0.002786,-0.003620,-0.004309,-0.004636,-0.017169,-0.005359,0.040412,0.002561,0.018623,0.004308,-0.004636,-0.017169,-0.005359,0.040412,0.002561,0.018623,0.004308
1.029000,0.306458,-0.000221,0.486137,0.306826,-0.000190,0.486794,0.306826,-0.000190,0.486794,0.000368,0.000031,0.000656,0.000040,-0.000910,0.000120,-0.000113,-0.000035,-0.000328,0.000000,0.000000,0.000000,-0.000439,0.000277,-0.000719,0.046459,0.003785,0.072180,0.046459,0.003785,0.072180,0.001913,-0.003560,0.002639,0.001913,-0.003560,0.002639,0.003809,-0.018566,0.001754,0.043590,0.002707,0.019678,-0.002640,0.003809,-0.018566,0.001754,0.043590,0.002707,0.019678,-0.002640
1.030000,0.306458,-0.000220,0.486138,0.306826,-0.000190,0.486794,0.306826,-0.000190,0.486794,0.000368,0.000030,0.000656,0.000040,-0.000910,0.000118,-0.000054,0.000147,0.000024,0.000000,0.000000,0.000000,-0.000292,-0.000135,0.000823,0.045281,0.000047,0.065151,0.045281,0.000047,0.065151,0.001326,-0.002325,-0.001997,0.001326,-0.002325,-0.001997,-0.001972,-0.015356,-0.002320,0.038887,0.001340,0.017577,0.001996,-0.001972,-0.015356,-0.002320,0.038887,0.001340,0.017577,0.001996
1.031000,0.306457,-0.000221,0.486139,0.306826,-0.000190,0.486794,0.306826,-0.000190,0.486794,0.000370,0.000032,0.000655,0.000038,-0.000908,0.000122,-0.000199,-0.000283,0.000627,0.000000,0.000000,0.000000,0.000265,-0.001616,-0.000738,0.048336,0.008829,0.052942,0.048336,0.008829,0.052942,-0.000906,0.002122,0.002701,-0.000906,0.002122,0.002701,0.005417,-0.006702,0.005432,0.029068,0.000948,0.012701,-0.002701,0.005417,-0.006702,0.005432,0.029068,0.000948,0.012701,-0.002701
1.032000,0.306458,-0.000220,0.486138,0.306826,-0.000190,0.486794,0.306826,-0.000190,0.486794,0.000368,0.000030,0.000655,0.000040,-0.000909,0.000120,0.000102,0.000253,0.000069,0.000000,0.000000,0.000000,-0.000440,-0.000108,0.000122,0.042101,-0.002011,0.064161,0.042101,-0.002011,0.064161,0.001922,-0.002404,0.000112,0.001922,-0.002404,0.000112,-0.000495,-0.015618,-0.001921,0.038089,0.001499,0.016900,-0.000113,-0.000495,-0.015618,-0.001921,0.038089,0.001499,0.016900,-0.000113
1.033000,0.306458,-0.000221,0.486137,0.306826,-0.000190,0.486794,0.306826,-0.000190,0.486794,0.000368,0.000031,0.000657,0.000037,-0.000912,0.000117,0.000082,0.000080,-0.000387,0.000000,0.000000,0.000000,0.000543,0.001042,0.000909,0.042532,0.001469,0.073441,0.042532,0.001469,0.073441,-0.002021,-0.005861,-0.002257,-0.002021,-0.005861,-0.002257,-0.001798,-0.021855,0.000328,0.045983,-0.001708,0.021263,0.002260,-0.001798,-0.021855,0.000328,0.045983,-0.001708,0.021263,0.002260
1.034000,0.306458,-0.000221,0.486138,0.306826,-0.000190,0.486794,0.306826,-0.000190,0.486794,0.000368,0.000031,0.000656,0.000040,-0.000909,0.000120,-0.000081,-0.000288,-0.000108,0.000000,0.000000,0.000000,-0.000317,0.000375,-0.001027,0.045812,0.008878,0.067727,0.045812,0.008878,0.067727,0.001427,-0.003851,0.003559,0.001427,-0.003851,0.003559,0.006290,-0.017591,0.004402,0.041695,0.003291,0.019442,-0.003559,0.006290,-0.017591,0.004402,0.041695,0.003291,0.019442,-0.003559
1.035000,0.306458,-0.000219,0.486136,0.306826,-0.000190,0.486794,0.306826,-0.000190,0.486794,0.000368,0.000029,0.000657,0.000039,-0.000913,0.000112,0.000082,0.000398,-0.000222,0.000000,0.000000,0.000000,0.000027,0.000570,0.001825,0.042496,-0.005045,0.070178,0.042496,-0.005045,0.070178,0.000049,-0.004448,-0.005028,0.000049,-0.004448,-0.005028,-0.006564,-0.019447,-0.005209,0.043026,-0.001005,0.019555,0.005029,-0.006564,-0.019447,-0.005209,0.043026,-0.001005,0.019555,0.005029
1.036000,0.306458,-0.000221,0.486138,0.306826,-0.000190,0.486794,0.306826,-0.000190,0.486794,0.000368,0.000031,0.000656,0.000037,-0.000908,0.000119,0.000090,-0.000116,0.000306,0.000000,0.000000,0.000000,0.000476,-0.000972,-0.000782,0.042343,0.005416,0.059456,0.042343,0.005416,0.059456,-0.001756,0.000191,0.002825,-0.001756,0.000191,0.002825,0.004494,-0.011546,0.005011,0.033306,-0.000620,0.013944,-0.002824,0.004494,-0.011546,0.005011,0.033306,-0.000620,0.013944,-0.002824
1.037000,0.306458,-0.000220,0.486138,0.306826,-0.000190,0.486794,0.306826,-0.000190,0.486794,0.000368,0.000030,0.000656,0.000039,-0.000910,0.000121,0.000024,0.000187,-0.000250,0.000000,0.000000,0.000000,-0.000333,0.000703,-0.000973,0.043660,-0.000700,0.070612,0.043660,-0.000700,0.070612,0.001490,-0.004838,0.003404,0.001490,-0.004838,0.003404,0.003199,-0.019792,0.001135,0.043769,0.001340,0.020230,-0.003404,0.003199,-0.019792,0.001135,0.043769,0.001340,0.020230,-0.003404
1.038000,0.306458,-0.000221,0.486138,0.306826,-0.000190,0.486794,0.306826,-0.000190,0.486794,0.000368,0.000031,0.000656,0.000043,-0.000909,0.000113,0.000016,-0.000149,-0.000167,0.000000,0.000000,0.000000,-0.000267,0.000470,0.001672,0.043817,0.006106,0.068911,0.043817,0.006106,0.068911,0.001237,-0.004135,-0.004564,0.001237,-0.004135,-0.004564,-0.002683,-0.018544,-0.002102,0.042284,0.002529,0.019408,0.004564,-0.002683,-0.018544,-0.002102,0.042284,0.002529,0.019408,0.004564
1.039000,0.306458,-0.000219,0.486138,0.306826,-0.000190,0.486794,0.306826,-0.000190,0.486794,0.000369,0.000030,0.000655,0.000042,-0.000908,0.000116,-0.000281,0.000252,-0.000053,0.000000,0.000000,0.000000,-0.000574,-0.000007,-0.000377,0.049862,-0.002091,0.066617,0.049862,-0.002091,0.066617,0.002463,-0.002702,0.001597,0.002463,-0.002702,0.001597,0.000966,-0.015480,-0.001281,0.040543,0.002022,0.019047,-0.001598,0.000966,-0.015480,-0.001281,0.040543,0.002022,0.019047,-0.001598
1.040000,0.306458,-0.000219,0.486139,0.306826,-0.000190,0.486794,0.306826,-0.000190,0.486794,0.000368,0.000030,0.000655,0.000042,-0.000908,0.000113,-0.000088,0.000075,0.000033,0.000000,0.000000,0.000000,-0.000822,0.000267,0.000970,0.045958,0.001452,0.064869,0.045958,0.001452,0.064869,0.003459,-0.003526,-0.002459,0.003459,-0.003526,-0.002459,-0.002004,-0.016367,-0.003700,0.040042,0.003769,0.018895,0.002457,-0.002004,-0.016367,-0.003700,0.040042,0.003769,0.018895,0.002457
1.041000,0.306458,-0.000220,0.486137,0.306826,-0.000190,0.486794,0.306826,-0.000190,0.486794,0.000368,0.000030,0.000656,0.000038,-0.000910,0.000113,0.000062,-0.000199,-0.000367,0.000000,0.000000,0.000000,0.000985,0.000783,0.000540,0.042917,0.007007,0.072981,0.042917,0.007007,0.072981,-0.003789,-0.005079,-0.001169,-0.003789,-0.005079,-0.001169,0.000988,-0.020874,0.004148,0.045033,-0.002312,0.020522,0.001173,0.000988,-0.020874,0.004148,0.045033,-0.002312,0.020522,0.001173
1.042000,0.306458,-0.000221,0.486138,0.306826,-0.000190,0.486794,0.306826,-0.000190,0.486794,0.000368,0.000031,0.000656,0.000039,-0.000908,0.000121,0.000113,-0.000291,0.000018,0.000000,0.000000,0.000000,0.000195,-0.000035,-0.002354,0.041878,0.008900,0.065197,0.041878,0.008900,0.065197,-0.000624,-0.002619,0.007547,-0.000624,-0.002619,0.007547,0.010284,-0.016187,0.008676,0.038765,0.001240,0.017162,-0.007546,0.010284,-0.016187,0.008676,0.038765,0.001240,0.017162,-0.007546
1.043000,0.306459,-0.000221,0.486141,0.306826,-0.000190,0.486794,0.306826,-0.000190,0.486794,0.000368,0.000031,0.000653,0.000037,-0.000901,0.000114,0.000110,-0.000036,0.000943,0.000000,0.000000,0.000000,0.000591,-0.002581,0.001382,0.041927,0.003802,0.046410,0.041927,0.003802,0.046410,-0.002213,0.005039,-0.003689,-0.002213,0.005039,-0.003689,-0.002516,-0.002766,0.000208,0.022248,-0.001410,0.007861,0.003690,-0.002516,-0.002766,0.000208,0.022248,-0.001410,0.007861,0.003690
1.044000,0.306458,-0.000221,0.486139,0.306826,-0.000190,0.486794,0.306826,-0.000190,0.486794,0.000368,0.000031,0.000654,0.000043,-0.000907,0.000120,-0.000082,-0.000033,0.000086,0.000000,0.000000,0.000000,-0.000305,0.000232,-0.001381,0.045818,0.003780,0.063716,0.045818,0.003780,0.063716,0.001389,-0.003415,0.004620,0.001389,-0.003415,0.004620,0.005789,-0.015924,0.003522,0.039368,0.002180,0.018655,-0.004621,0.005789,-0.015924,0.003522,0.039368,0.002180,0.018655,-0.004621
1.045000,0.306458,-0.000219,0.486138,0.306826,-0.000190,0.486794,0.306826,-0.000190,0.486794,0.000368,0.000029,0.000656,0.000040,-0.000910,0.000116,-0.000069,0.000369,-0.000181,0.000000,0.000000,0.000000,0.000034,0.000440,0.000193,0.045520,-0.004444,0.069208,0.045520,-0.004444,0.069208,0.000022,-0.004049,-0.000116,0.000022,-0.004049,-0.000116,-0.001468,-0.018288,-0.001526,0.042557,-0.000912,0.019708,0.000117,-0.001468,-0.018288,-0.001526,0.042557,-0.000912,0.019708,0.000117
1.046000,0.306458,-0.000220,0.486140,0.306826,-0.000190,0.486794,0.306826,-0.000190,0.486794,0.000368,0.000030,0.000654,0.000038,-0.000905,0.000113,-0.000060,0.000168,0.000312,0.000000,0.000000,0.000000,0.000465,-0.000820,0.001775,0.045369,-0.000355,0.059157,0.045369,-0.000355,0.059157,-0.001709,-0.000255,-0.004875,-0.001709,-0.000255,-0.004875,-0.004973,-0.011437,-0.002334,0.034001,-0.001778,0.014999,0.004876,-0.004973,-0.011437,-0.002334,0.034001,-0.001778,0.014999,0.004876
1.047000,0.306458,-0.000221,0.486138,0.306826,-0.000190,0.486794,0.306826,-0.000190,0.486794,0.000369,0.000031,0.000655,0.000038,-0.000909,0.000120,0.000074,-0.000412,-0.000183,0.000000,0.000000,0.000000,0.000091,0.000092,-0.001798,0.042751,0.011359,0.069206,0.042751,0.011359,0.069206,-0.000209,-0.003004,0.005874,-0.000209,-0.003004,0.005874,0.009365,-0.017667,0.008000,0.041153,0.002174,0.018082,-0.005873,0.009365,-0.017667,0.008000,0.041153,0.002174,0.018082,-0.005873
1.048000,0.306458,-0.000221,0.486140,0.306826,-0.000190,0.486794,0.306826,-0.000190,0.486794,0.000368,0.000032,0.000654,0.000041,-0.000904,0.000117,0.000035,-0.000054,0.000311,0.000000,0.000000,0.000000,0.000298,-0.001052,0.000579,0.043468,0.004250,0.059161,0.043468,0.004250,0.059161,-0.001030,0.000445,-0.001270,-0.001030,0.000445,-0.001270,0.000042,-0.011030,0.001227,0.033058,-0.000135,0.013900,0.001270,0.000042,-0.011030,0.001227,0.033058,-0.000135,0.013900,0.001270
1.049000,0.306458,-0.000221,0.486139,0.306826,-0.000190,0.486794,0.306826,-0.000190,0.486794,0.000368,0.000031,0.000654,0.000041,-0.000906,0.000120,0.000142,0.000185,0.000323,0.000000,0.000000,0.000000,-0.000656,-0.000557,-0.000540,0.041300,-0.000631,0.058987,0.041300,-0.000631,0.058987,0.002789,-0.001046,0.002100,0.002789,-0.001046,0.002100,0.001916,-0.012797,-0.000683,0.034186,0.002655,0.014919,-0.002101,0.001916,-0.012797,-0.000683,0.034186,0.002655,0.014919,-0.002101
1.050000,0.306457,-0.000221,0.486139,0.306826,-0.000190,0.486794,0.306826,-0.000190,0.486794,0.000369,0.000032,0.000654,0.000040,-0.000904,0.000116,-0.000173,-0.000226,0.000278,0.000000,0.000000,0.000000,0.000621,-0.000928,0.000246,0.047719,0.007679,0.059888,0.047719,0.007679,0.059888,-0.002323,0.000071,-0.000273,-0.002323,0.000071,-0.000273,0.002091,-0.010976,0.003962,0.034320,-0.000707,0.015233,0.000275,0.002091,-0.010976,0.003962,0.034320,-0.000707,0.015233,0.000275
1.051000,0.306458,-0.000221,0.486139,0.306826,-0.000190,0.486794,0.306826,-0.000190,0.486794,0.000368,0.000032,0.000655,0.000038,-0.000907,0.000121,0.000019,-0.000150,-0.000205,0.000000,0.000000,0.000000,0.000414,0.000825,-0.000819,0.043788,0.006171,0.069583,0.043788,0.006171,0.069583,-0.001503,-0.005195,0.002941,-0.001503,-0.005195,0.002941,0.004841,-0.019814,0.005159,0.043656,-0.000207,0.020524,-0.002938,0.004841,-0.019814,0.005159,0.043656,-0.000207,0.020524,-0.002938
1.052000,0.306459,-0.000219,0.486138,0.306826,-0.000190,0.486794,0.306826,-0.000190,0.486794,0.000368,0.000029,0.000656,0.000040,-0.000909,0.000115,0.000113,0.000462,-0.000095,0.000000,0.000000,0.000000,-0.000579,0.000075,0.000863,0.041857,-0.006318,0.067500,0.041857,-0.006318,0.067500,0.002473,-0.002953,-0.002129,0.002473,-0.002953,-0.002129,-0.004056,-0.017229,-0.005293,0.040184,0.001147,0.017690,0.002128,-0.004056,-0.017229,-0.005293,0.040184,0.001147,0.017690,0.002128
1.053000,0.306457,-0.000221,0.486140,0.306826,-0.000190,0.486794,0.306826,-0.000190,0.486794,0.000369,0.000031,0.000654,0.000037,-0.000905,0.000116,-0.000183,-0.000385,0.000547,0.000000,0.000000,0.000000,0.001101,-0.001060,0.000027,0.047912,0.010814,0.054451,0.047912,0.010814,0.054451,-0.004257,0.000466,0.000384,-0.004257,0.000466,0.000384,0.003709,-0.008887,0.006813,0.031384,-0.001982,0.014402,-0.000381,0.003709,-0.008887,0.006813,0.031384,-0.001982,0.014402,-0.000381
1.054000,0.306457,-0.000219,0.486141,0.306826,-0.000190,0.486794,0.306826,-0.000190,0.486794,0.000369,0.000029,0.000652,0.000040,-0.000904,0.000116,-0.000050,0.000293,0.000628,0.000000,0.000000,0.000000,-0.000340,-0.001264,0.000353,0.045285,-0.002930,0.052687,0.045285,-0.002930,0.052687,0.001521,0.001079,-0.000597,0.001521,0.001079,-0.000597,-0.001486,-0.008133,-0.002439,0.029601,0.000906,0.013079,0.000596,-0.001486,-0.008133,-0.002439,0.029601,0.000906,0.013079,0.000596
1.055000,0.306458,-0.000221,0.486138,0.306826,-0.000190,0.486794,0.306826,-0.000190,0.486794,0.000369,0.000031,0.000656,0.000038,-0.000908,0.000115,-0.000075,-0.000369,-0.000810,0.000000,0.000000,0.000000,-0.000034,0.001382,0.000187,0.045741,0.010491,0.081757,0.045741,0.010491,0.081757,0.000289,-0.006868,-0.000102,0.000289,-0.006868,-0.000102,0.003124,-0.024921,0.003147,0.051324,0.002498,0.023675,0.000104,0.003124,-0.024921,0.003147,0.051324,0.002498,0.023675,0.000104
1.056000,0.306458,-0.000221,0.486140,0.306826,-0.000190,0.486794,0.306826,-0.000190,0.486794,0.000368,0.000031,0.000654,0.000042,-0.000903,0.000117,0.000093,0.000068,-0.000014,0.000000,0.000000,0.000000,-0.000437,-0.000193,-0.000564,0.042303,0.001725,0.065668,0.042303,0.001725,0.065668,0.001918,-0.002132,0.002159,0.001918,-0.002132,0.002159,0.002697,-0.015777,0.000741,0.038554,0.002279,0.016803,-0.002160,0.002697,-0.015777,0.000741,0.038554,0.002279,0.016803,-0.002160
1.057000,0.306458,-0.000220,0.486138,0.306826,-0.000190,0.486794,0.306826,-0.000190,0.486794,0.000369,0.000030,0.000656,0.000037,-0.000911,0.000118,-0.000081,0.000098,-0.000509,0.000000,0.000000,0.000000,0.000610,0.001731,-0.000753,0.045863,0.001067,0.075794,0.045863,0.001067,0.075794,-0.002289,-0.007924,0.002732,-0.002289,-0.007924,0.002732,0.003069,-0.024130,0.003911,0.049584,-0.002066,0.024236,-0.002728,0.003069,-0.024130,0.003911,0.049584,-0.002066,0.024236,-0.002728
1.058000,0.306457,-0.000220,0.486138,0.306826,-0.000190,0.486794,0.306826,-0.000190,0.486794,0.000369,0.000030,0.000655,0.000040,-0.000906,0.000113,-0.000132,-0.000006,0.000075,0.000000,0.000000,0.000000,-0.000888,-0.000560,0.001111,0.046913,0.003134,0.064019,0.046913,0.003134,0.064019,0.003712,-0.001037,-0.002880,0.003712,-0.001037,-0.002880,-0.001909,-0.013469,-0.003628,0.037272,0.004375,0.016532,0.002877,-0.001909,-0.013469,-0.003628,0.037272,0.004375,0.016532,0.002877
1.059000,0.306458,-0.000221,0.486140,0.306826,-0.000190,0.486794,0.306826,-0.000190,0.486794,0.000368,0.000031,0.000654,0.000043,-0.000904,0.000118,0.000133,-0.000036,0.000135,0.000000,0.000000,0.000000,-0.000437,-0.000519,-0.000970,0.041506,0.003805,0.062719,0.041506,0.003805,0.062719,0.001917,-0.001155,0.003381,0.001917,-0.001155,0.003381,0.004557,-0.014019,0.002280,0.036083,0.002714,0.015400,-0.003383,0.004557,-0.014019,0.002280,0.036083,0.002714,0.015400,-0.003383
1.060000,0.306458,-0.000220,0.486139,0.306826,-0.000190,0.486794,0.306826,-0.000190,0.486794,0.000368,0.000030,0.000655,0.000041,-0.000906,0.000113,0.000074,-0.000024,-0.000122,0.000000,0.000000,0.000000,-0.000289,0.000686,0.001083,0.042681,0.003522,0.067899,0.042681,0.003522,0.067899,0.001320,-0.004777,-0.002796,0.001320,-0.004777,-0.002796,-0.001708,-0.019049,-0.001752,0.042302,0.002066,0.019723,0.002797,-0.001708,-0.019049,-0.001752,0.042302,0.002066,0.019723,0.002797
1.061000,0.306458,-0.000220,0.486140,0.306826,-0.000190,0.486794,0.306826,-0.000190,0.486794,0.000368,0.000030,0.000654,0.000038,-0.000903,0.000121,0.000064,-0.000006,0.000131,0.000000,0.000000,0.000000,0.000503,-0.000575,-0.000910,0.042872,0.003155,0.062764,0.042872,0.003155,0.062764,-0.001860,-0.000984,0.003213,-0.001860,-0.000984,0.003213,0.004189,-0.013654,0.004624,0.036111,-0.001200,0.015522,-0.003211,0.004189,-0.013654,0.004624,0.036111,-0.001200,0.015522,-0.003211
1.062000,0.306458,-0.000220,0.486141,0.306826,-0.000190,0.486794,0.306826,-0.000190,0.486794,0.000368,0.000031,0.000653,0.000037,-0.000902,0.000121,-0.000107,-0.000132,0.000265,0.000000,0.000000,0.000000,0.000539,-0.000795,-0.001163,0.046343,0.005703,0.060014,0.046343,0.005703,0.060014,-0.002006,-0.000318,0.003973,-0.002006,-0.000318,0.003973,0.005731,-0.011614,0.006093,0.034592,-0.000811,0.015345,-0.003971,0.005731,-0.011614,0.006093,0.034592,-0.000811,0.015345,-0.003971
1.063000,0.306458,-0.000221,0.486138,0.306826,-0.000190,0.486794,0.306826,-0.000190,0.486794,0.000368,0.000031,0.000656,0.000037,-0.000908,0.000115,0.000021,0.000040,-0.000698,0.000000,0.000000,0.000000,0.000158,0.001553,0.001511,0.043761,0.002290,0.079532,0.043761,0.002290,0.079532,-0.000480,-0.007382,-0.004072,-0.000480,-0.007382,-0.004072,-0.003360,-0.025056,-0.001776,0.050536,0.000008,0.023577,0.004074,-0.003360,-0.025056,-0.001776,0.050536,0.000008,0.023577,0.004074
1.064000,0.306458,-0.000219,0.486138,0.306826,-0.000190,0.486794,0.306826,-0.000190,0.486794,0.000368,0.000029,0.000656,0.000040,-0.000908,0.000115,-0.000036,0.000419,-0.000486,0.000000,0.000000,0.000000,-0.000750,0.001273,0.000605,0.044911,-0.005443,0.075302,0.044911,-0.005443,0.075302,0.003160,-0.006543,-0.001355,0.003160,-0.006543,-0.001355,-0.003013,-0.022743,-0.004948,0.047848,0.002018,0.022608,0.001354,-0.003013,-0.022743,-0.004948,0.047848,0.002018,0.022608,0.001354
1.065000,0.306458,-0.000220,0.486142,0.306826,-0.000190,0.486794,0.306826,-0.000190,0.486794,0.000368,0.000031,0.000651,0.000036,-0.000897,0.000119,0.000139,-0.000191,0.001162,0.000000,0.000000,0.000000,0.000794,-0.002916,-0.000023,0.041355,0.006874,0.041911,0.041355,0.006874,0.041911,-0.003033,0.006055,0.000544,-0.003033,0.006055,0.000544,0.002659,-0.000462,0.004777,0.019035,-0.001589,0.006330,-0.000543,0.002659,-0.000462,0.004777,0.019035,-0.001589,0.006330,-0.000543
1.066000,0.306459,-0.000219,0.486142,0.306826,-0.000190,0.486794,0.306826,-0.000190,0.486794,0.000368,0.000029,0.000652,0.000040,-0.000900,0.000115,0.000142,0.000282,0.000555,0.000000,0.000000,0.000000,-0.000609,-0.001057,0.000337,0.041266,-0.002720,0.054117,0.041266,-0.002720,0.054117,0.002595,0.000471,-0.000550,0.002595,0.000471,-0.000550,-0.001374,-0.009795,-0.003096,0.030368,0.002023,0.012967,0.000548,-0.001374,-0.009795,-0.003096,0.030368,0.002023,0.012967,0.000548
1.067000,0.306458,-0.000219,0.486139,0.306826,-0.000190,0.486794,0.306826,-0.000190,0.486794,0.000368,0.000030,0.000655,0.000039,-0.000905,0.000116,-0.000132,0.000068,-0.000462,0.000000,0.000000,0.000000,-0.000168,0.001059,-0.000095,0.046827,0.001607,0.074707,0.046827,0.001607,0.074707,0.000827,-0.005891,0.000747,0.000827,-0.005891,0.000747,0.001249,-0.021615,0.000478,0.047162,0.001166,0.022309,-0.000746,0.001249,-0.021615,0.000478,0.047162,0.001166,0.022309,-0.000746
1.068000,0.306457,-0.000220,0.486136,0.306826,-0.000190,0.486794,0.306826,-0.000190,0.486794,0.000369,0.000030,0.000658,0.000039,-0.000913,0.000114,-0.000208,-0.000125,-0.001069,0.000000,0.000000,0.000000,-0.000110,0.002707,0.000363,0.048420,0.005519,0.087166,0.048420,0.005519,0.087166,0.000597,-0.010860,-0.000634,0.000597,-0.010860,-0.000634,0.001067,-0.030161,0.000937,0.058214,0.001762,0.028706,0.000637,0.001067,-0.030161,0.000937,0.058214,0.001762,0.028706,0.000637
1.069000,0.306458,-0.000220,0.486141,0.306826,-0.000190,0.486794,0.306826,-0.000190,0.486794,0.000368,0.000031,0.000653,0.000044,-0.000900,0.000118,0.000037,0.000218,0.000817,0.000000,0.000000,0.000000,-0.000708,-0.002052,-0.000503,0.043446,-0.001302,0.048927,0.043446,-0.001302,0.048927,0.003007,0.003457,0.001982,0.003007,0.003457,0.001982,0.001593,-0.004886,-0.001138,0.025212,0.002730,0.009984,-0.001986,0.001593,-0.004886,-0.001138,0.025212,0.002730,0.009984,-0.001986
1.070000,0.306458,-0.000220,0.486140,0.306826,-0.000190,0.486794,0.306826,-0.000190,0.486794,0.000368,0.000030,0.000654,0.000040,-0.000904,0.000115,-0.000009,0.000067,0.000018,0.000000,0.000000,0.000000,-0.000030,0.000168,0.000328,0.044378,0.001641,0.065038,0.044378,0.001641,0.065038,0.000280,-0.003218,-0.000525,0.000280,-0.003218,-0.000525,-0.000012,-0.016354,-0.000022,0.039611,0.000627,0.018271,0.000525,-0.000012,-0.016354,-0.000022,0.039611,0.000627,0.018271,0.000525
1.071000,0.306458,-0.000220,0.486138,0.306826,-0.000190,0.486794,0.306826,-0.000190,0.486794,0.000369,0.000030,0.000655,0.000041,-0.000908,0.000119,-0.000149,-0.000247,-0.000514,0.000000,0.000000,0.000000,-0.000461,0.001226,-0.001176,0.047228,0.007982,0.075818,0.047228,0.007982,0.075818,0.002007,-0.006400,0.004003,0.002007,-0.006400,0.004003,0.006459,-0.022403,0.004013,0.048245,0.003683,0.023000,-0.004003,0.006459,-0.022403,0.004013,0.048245,0.003683,0.023000,-0.004003
1.072000,0.306459,-0.000220,0.486140,0.306826,-0.000190,0.486794,0.306826,-0.000190,0.486794,0.000368,0.000030,0.000654,0.000039,-0.000904,0.000115,0.000229,0.000074,0.000054,0.000000,0.000000,0.000000,0.000325,-0.000214,0.001012,0.039546,0.001548,0.064342,0.039546,0.001548,0.064342,-0.001143,-0.002071,-0.002576,-0.001143,-0.002071,-0.002576,-0.002093,-0.015733,-0.000493,0.037515,-0.000814,0.016045,0.002577,-0.002093,-0.015733,-0.000493,0.037515,-0.000814,0.016045,0.002577
1.073000,0.306458,-0.000221,0.486138,0.306826,-0.000190,0.486794,0.306826,-0.000190,0.486794,0.000368,0.000031,0.000656,0.000037,-0.000908,0.000119,0.000116,-0.000289,-0.000418,0.000000,0.000000,0.000000,0.000880,0.001208,-0.000341,0.041812,0.008939,0.073925,0.041812,0.008939,0.073925,-0.003374,-0.006349,0.001498,-0.003374,-0.006349,0.001498,0.004247,-0.022603,0.006365,0.046606,-0.001494,0.021644,-0.001494,0.004247,-0.022603,0.006365,0.046606,-0.001494,0.021644,-0.001494
1.074000,0.306458,-0.000222,0.486139,0.306826,-0.000190,0.486794,0.306826,-0.000190,0.486794,0.000368,0.000032,0.000655,0.000036,-0.000905,0.000124,-0.000093,-0.000417,0.000062,0.000000,0.000000,0.000000,0.000776,-0.000309,-0.001841,0.046060,0.011555,0.064209,0.046060,0.011555,0.064209,-0.002961,-0.001789,0.006019,-0.002961,-0.001789,0.006019,0.009570,-0.014415,0.010115,0.038006,-0.000536,0.017125,-0.006016,0.009570,-0.014415,0.010115,0.038006,-0.000536,0.017125,-0.006016
1.075000,0.306458,-0.000221,0.486138,0.306826,-0.000190,0.486794,0.306826,-0.000190,0.486794,0.000368,0.000031,0.000656,0.000037,-0.000909,0.000115,0.000023,-0.000288,-0.000129,0.000000,0.000000,0.000000,0.000913,0.000351,0.000394,0.043734,0.008853,0.068188,0.043734,0.008853,0.068188,-0.003506,-0.003780,-0.000721,-0.003506,-0.003780,-0.000721,0.002002,-0.017981,0.004864,0.041577,-0.001642,0.018975,0.000725,0.002002,-0.017981,0.004864,0.041577,-0.001642,0.018975,0.000725
1.076000,0.306458,-0.000220,0.486139,0.306826,-0.000190,0.486794,0.306826,-0.000190,0.486794,0.000368,0.000031,0.000655,0.000038,-0.000906,0.000119,0.000087,-0.000001,0.000177,0.000000,0.000000,0.000000,-0.000181,-0.000323,-0.000966,0.042409,0.003080,0.061925,0.042409,0.003080,0.061925,0.000876,-0.001749,0.003375,0.000876,-0.001749,0.003375,0.004328,-0.014232,0.002777,0.036419,0.001520,0.016115,-0.003375,0.004328,-0.014232,0.002777,0.036419,0.001520,0.016115,-0.003375
1.077000,0.306458,-0.000219,0.486138,0.306826,-0.000190,0.486794,0.306826,-0.000190,0.486794,0.000368,0.000030,0.000655,0.000040,-0.000907,0.000116,0.000108,0.000391,0.000139,0.000000,0.000000,0.000000,-0.000975,-0.000452,0.000446,0.041992,-0.004873,0.062754,0.041992,-0.004873,0.062754,0.004060,-0.001363,-0.000872,0.004060,-0.001363,-0.000872,-0.002355,-0.014163,-0.005059,0.036370,0.003036,0.015712,0.000869,-0.002355,-0.014163,-0.005059,0.036370,0.003036,0.015712,0.000869
1.078000,0.306458,-0.000219,0.486139,0.306826,-0.000190,0.486794,0.306826,-0.000190,0.486794,0.000368,0.000030,0.000655,0.000042,-0.000904,0.000113,-0.000028,0.000211,0.000024,0.000000,0.000000,0.000000,-0.000886,-0.000572,0.001518,0.044720,-0.001253,0.064994,0.044720,-0.001253,0.064994,0.003714,-0.000996,-0.004101,0.003714,-0.000996,-0.004101,-0.004476,-0.014065,-0.005919,0.037411,0.003456,0.016114,0.004099,-0.004476,-0.014065,-0.005919,0.037411,0.003456,0.016114,0.004099
1.079000,0.306458,-0.000219,0.486137,0.306826,-0.000190,0.486794,0.306826,-0.000190,0.486794,0.000369,0.000030,0.000656,0.000042,-0.000908,0.000118,-0.000147,0.000372,-0.000270,0.000000,0.000000,0.000000,-0.000749,0.000446,-0.000053,0.047176,-0.004465,0.071047,0.047176,-0.004465,0.071047,0.003161,-0.004063,0.000632,0.003161,-0.004063,0.000632,-0.000727,-0.018611,-0.003228,0.043650,0.002222,0.020232,-0.000633,-0.000727,-0.018611,-0.003228,0.043650,0.002222,0.020232,-0.000633
1.080000,0.306458,-0.000219,0.486140,0.306826,-0.000190,0.486794,0.306826,-0.000190,0.486794,0.000368,0.000029,0.000654,0.000040,-0.000903,0.000109,0.000045,0.000408,0.000345,0.000000,0.000000,0.000000,-0.000104,-0.000816,0.002414,0.043258,-0.005284,0.058503,0.043258,-0.005284,0.058503,0.000576,-0.000263,-0.006806,0.000576,-0.000263,-0.006806,-0.008416,-0.011568,-0.006917,0.033430,-0.000527,0.014504,0.006805,-0.008416,-0.011568,-0.006917,0.033430,-0.000527,0.014504,0.006805
1.081000,0.306458,-0.000220,0.486137,0.306826,-0.000190,0.486794,0.306826,-0.000190,0.486794,0.000368,0.000030,0.000657,0.000039,-0.000911,0.000117,0.000079,-0.000026,-0.000395,0.000000,0.000000,0.000000,0.000134,0.001364,-0.000488,0.042589,0.003545,0.073564,0.042589,0.003545,0.073564,-0.000378,-0.006823,0.001932,-0.000378,-0.006823,0.001932,0.003028,-0.022846,0.002797,0.047009,0.000367,0.022249,-0.001930,0.003028,-0.022846,0.002797,0.047009,0.000367,0.022249,-0.001930
1.082000,0.306458,-0.000220,0.486139,0.306826,-0.000190,0.486794,0.306826,-0.000190,0.486794,0.000368,0.000030,0.000655,0.000040,-0.000904,0.000118,-0.000011,-0.000260,0.000123,0.000000,0.000000,0.000000,-0.000115,-0.000713,-0.001246,0.044388,0.008230,0.063024,0.044388,0.008230,0.063024,0.000619,-0.000573,0.004210,0.000619,-0.000573,0.004210,0.006743,-0.013090,0.005223,0.036016,0.002346,0.015452,-0.004211,0.006743,-0.013090,0.005223,0.036016,0.002346,0.015452,-0.004211
1.083000,0.306458,-0.000221,0.486139,0.306826,-0.000190,0.486794,0.306826,-0.000190,0.486794,0.000368,0.000031,0.000655,0.000040,-0.000906,0.000120,0.000021,-0.000173,-0.000113,0.000000,0.000000,0.000000,-0.000076,0.000353,0.000153,0.043733,0.006550,0.067766,0.043733,0.006550,0.067766,0.000462,-0.003778,0.000022,0.000462,-0.003778,0.000022,0.002039,-0.017848,0.001830,0.041374,0.001841,0.018934,-0.000022,0.002039,-0.017848,0.001830,0.041374,0.001841,0.018934,-0.000022
1.084000,0.306458,-0.000222,0.486138,0.306826,-0.000190,0.486794,0.306826,-0.000190,0.486794,0.000368,0.000032,0.000655,0.000036,-0.000908,0.000125,-0.000015,-0.000415,0.000146,0.000000,0.000000,0.000000,0.001244,0.000152,-0.001971,0.044483,0.011486,0.062620,0.044483,0.011486,0.062620,-0.004830,-0.003181,0.006414,-0.004830,-0.003181,0.006414,0.009944,-0.015562,0.011694,0.038446,-0.002420,0.018047,-0.006409,0.009944,-0.015562,0.011694,0.038446,-0.002420,0.018047,-0.006409
1.085000,0.306458,-0.000220,0.486137,0.306826,-0.000190,0.486794,0.306826,-0.000190,0.486794,0.000368,0.000031,0.000657,0.000040,-0.000911,0.000117,-0.000053,-0.000009,-0.000387,0.000000,0.000000,0.000000,-0.000308,0.000741,0.000541,0.045269,0.003232,0.073442,0.045269,0.003232,0.073442,0.001391,-0.004955,-0.001157,0.001391,-0.004955,-0.001157,-0.000156,-0.020530,-0.000737,0.045428,0.002073,0.020932,0.001157,-0.000156,-0.020530,-0.000737,0.045428,0.002073,0.020932,0.001157
1.086000,0.306458,-0.000220,0.486140,0.306826,-0.000190,0.486794,0.306826,-0.000190,0.486794,0.000368,0.000030,0.000653,0.000039,-0.000903,0.000116,0.000006,0.000385,0.000703,0.000000,0.000000,0.000000,0.000031,-0.001351,0.000965,0.044043,-0.004720,0.051268,0.044043,-0.004720,0.051268,0.000032,0.001345,-0.002431,0.000032,0.001345,-0.002431,-0.003869,-0.007623,-0.003261,0.028507,-0.000958,0.012427,0.002431,-0.003869,-0.007623,-0.003261,0.028507,-0.000958,0.012427,0.002431
1.087000,0.306458,-0.000221,0.486138,0.306826,-0.000190,0.486794,0.306826,-0.000190,0.486794,0.000369,0.000031,0.000656,0.000043,-0.000907,0.000118,-0.000101,-0.000134,-0.000080,0.000000,0.000000,0.000000,-0.000217,0.000068,-0.000707,0.046251,0.005804,0.067160,0.046251,0.005804,0.067160,0.001037,-0.002927,0.002595,0.001037,-0.002927,0.002595,0.004384,-0.016426,0.002998,0.040561,0.002256,0.018560,-0.002595,0.004384,-0.016426,0.002998,0.040561,0.002256,0.018560,-0.002595
1.088000,0.306458,-0.000220,0.486138,0.306826,-0.000190,0.486794,0.306826,-0.000190,0.486794,0.000368,0.000030,0.000656,0.000040,-0.000907,0.000113,0.000139,-0.000040,0.000060,0.000000,0.000000,0.000000,0.000094,-0.000192,0.001020,0.041376,0.003835,0.064359,0.041376,0.003835,0.064359,-0.000216,-0.002147,-0.002608,-0.000216,-0.002147,-0.002608,-0.001423,-0.015534,-0.000429,0.037834,0.000594,0.016507,0.002608,-0.001423,-0.015534,-0.000429,0.037834,0.000594,0.016507,0.002608
1.089000,0.306458,-0.000220,0.486136,0.306826,-0.000190,0.486794,0.306826,-0.000190,0.486794,0.000368,0.000030,0.000658,0.000038,-0.000913,0.000118,0.000142,-0.000067,-0.000585,0.000000,0.000000,0.000000,0.000522,0.001779,-0.000951,0.041309,0.004369,0.077453,0.041309,0.004369,0.077453,-0.001936,-0.008078,0.003325,-0.001936,-0.008078,0.003325,0.004674,-0.025489,0.005154,0.049934,-0.001019,0.023576,-0.003322,0.004674,-0.025489,0.005154,0.049934,-0.001019,0.023576,-0.003322
1.090000,0.306458,-0.000221,0.486139,0.306826,-0.000190,0.486794,0.306826,-0.000190,0.486794,0.000369,0.000031,0.000655,0.000040,-0.000909,0.000114,-0.000004,-0.000097,0.000214,0.000000,0.000000,0.000000,-0.000552,-0.000483,0.001235,0.044322,0.005045,0.061222,0.044322,0.005045,0.061222,0.002368,-0.001278,-0.003247,0.002368,-0.001278,-0.003247,-0.001691,-0.013252,-0.002317,0.035862,0.003434,0.015982,0.003246,-0.001691,-0.013252,-0.002317,0.035862,0.003434,0.015982,0.003246
1.091000,0.306458,-0.000221,0.486138,0.306826,-0.000190,0.486794,0.306826,-0.000190,0.486794,0.000369,0.000031,0.000656,0.000037,-0.000909,0.000118,-0.000053,-0.000183,0.000122,0.000000,0.000000,0.000000,0.000532,-0.000085,-0.000857,0.045279,0.006755,0.063122,0.045279,0.006755,0.063122,-0.001978,-0.002471,0.003042,-0.001978,-0.002471,0.003042,0.005122,-0.014883,0.005757,0.038076,-0.000560,0.017547,-0.003040,0.005122,-0.014883,0.005757,0.038076,-0.000560,0.017547,-0.003040
1.092000,0.306458,-0.000221,0.486137,0.306826,-0.000190,0.486794,0.306826,-0.000190,0.486794,0.000368,0.000031,0.000657,0.000038,-0.000912,0.000119,0.000028,-0.000238,-0.000331,0.000000,0.000000,0.000000,0.000099,0.000819,-0.001082,0.043621,0.007872,0.072324,0.043621,0.007872,0.072324,-0.000242,-0.005193,0.003721,-0.000242,-0.005193,0.003721,0.006143,-0.020678,0.005369,0.044926,0.001411,0.020727,-0.003720,0.006143,-0.020678,0.005369,0.044926,0.001411,0.020727,-0.003720
1.093000,0.306457,-0.000221,0.486138,0.306826,-0.000190,0.486794,0.306826,-0.000190,0.486794,0.000369,0.000031,0.000655,0.000038,-0.000910,0.000115,-0.000080,-0.000093,0.000383,0.000000,0.000000,0.000000,0.000085,-0.001124,0.000502,0.045900,0.004943,0.057887,0.045900,0.004943,0.057887,-0.000186,0.000643,-0.001044,-0.000186,0.000643,-0.001044,0.000481,-0.010068,0.001014,0.032570,0.000855,0.014102,0.001044,0.000481,-0.010068,0.001014,0.032570,0.000855,0.014102,0.001044
1.094000,0.306458,-0.000221,0.486137,0.306826,-0.000190,0.486794,0.306826,-0.000190,0.486794,0.000368,0.000031,0.000656,0.000039,-0.000912,0.000120,-0.000061,0.000199,-0.000393,0.000000,0.000000,0.000000,-0.000167,0.001429,-0.000665,0.045440,-0.000909,0.073495,0.045440,-0.000909,0.073495,0.000821,-0.007024,0.002477,0.000821,-0.007024,0.002477,0.002208,-0.022589,0.000887,0.047544,0.000629,0.023044,-0.002476,0.002208,-0.022589,0.000887,0.047544,0.000629,0.023044,-0.002476
1.095000,0.306458,-0.000221,0.486139,0.306826,-0.000190,0.486794,0.306826,-0.000190,0.486794,0.000368,0.000032,0.000655,0.000037,-0.000906,0.000116,-0.000105,-0.000277,0.000124,0.000000,0.000000,0.000000,0.000350,-0.000669,0.000652,0.046301,0.008700,0.063002,0.046301,0.008700,0.063002,-0.001251,-0.000711,-0.001495,-0.001251,-0.000711,-0.001495,0.001182,-0.012929,0.002672,0.036389,0.000582,0.015989,0.001496,0.001182,-0.012929,0.002672,0.036389,0.000582,0.015989,0.001496
1.096000,0.306458,-0.000220,0.486139,0.306826,-0.000190,0.486794,0.306826,-0.000190,0.486794,0.000368,0.000030,0.000655,0.000038,-0.000908,0.000120,-0.000034,0.000439,-0.000109,0.000000,0.000000,0.000000,-0.000025,0.000348,-0.000342,0.044867,-0.005755,0.067700,0.044867,-0.005755,0.067700,0.000252,-0.003766,0.001503,0.000252,-0.003766,0.001503,-0.000250,-0.017643,-0.000972,0.041479,-0.000960,0.019156,-0.001503,-0.000250,-0.017643,-0.000972,0.041479,-0.000960,0.019156,-0.001503
1.098000,0.306458,-0.000221,0.486138,0.306826,-0.000190,0.486794,0.306826,-0.000190,0.486794,0.000369,0.000031,0.000656,0.000040,-0.000907,0.000115,-0.000140,0.000090,0.000075,0.000000,0.000000,0.000000,-0.000457,-0.000698,0.001676,0.047026,0.001303,0.064055,0.047026,0.001303,0.064055,0.001985,-0.000626,-0.004570,0.001985,-0.000626,-0.004570,-0.004160,-0.013054,-0.004195,0.036895,0.002265,0.016148,0.004568,-0.004160,-0.013054,-0.004195,0.036895,0.002265,0.016148,0.004568
1.099000,0.306458,-0.000221,0.486138,0.306826,-0.000190,0.486794,0.306826,-0.000190,0.486794,0.000368,0.000031,0.000656,0.000039,-0.000908,0.000120,0.000127,-0.000089,-0.000270,0.000000,0.000000,0.000000,-0.000068,0.000410,-0.001262,0.041585,0.004882,0.070994,0.041585,0.004882,0.070994,0.000428,-0.003955,0.004266,0.000428,-0.003955,0.004266,0.005771,-0.019344,0.004308,0.042800,0.001451,0.018944,-0.004265,0.005771,-0.019344,0.004308,0.042800,0.001451,0.018944,-0.004265
1.100000,0.306457,-0.000219,0.486138,0.306826,-0.000190,0.486794,0.306826,-0.000190,0.486794,0.000369,0.000029,0.000656,0.000040,-0.000907,0.000113,-0.000390,0.000140,-0.000230,0.000000,0.000000,0.000000,-0.000045,-0.000046,0.001029,0.052091,0.000155,0.070182,0.052091,0.000155,0.070182,0.000339,-0.002584,-0.002637,0.000339,-0.002584,-0.002637,-0.002579,-0.016113,-0.002037,0.042394,0.000376,0.019711,0.002638,-0.002579,-0.016113,-0.002037,0.042394,0.000376,0.019711,0.002638
1.101000,0.306459,-0.000220,0.486140,0.306826,-0.000190,0.486794,0.306826,-0.000190,0.486794,0.000368,0.000030,0.000654,0.000039,-0.000904,0.000117,0.000306,0.000002,0.000878,0.000000,0.000000,0.000000,0.000192,-0.001794,0.000547,0.037994,0.002968,0.047794,0.037994,0.002968,0.047794,-0.000613,0.002671,-0.001172,-0.000613,0.002671,-0.001172,-0.000255,-0.006160,0.000581,0.024764,0.000012,0.009524,0.001172,-0.000255,-0.006160,0.000581,0.024764,0.000012,0.009524,0.001172
1.102000,0.306458,-0.000220,0.486139,0.306826,-0.000190,0.486794,0.306826,-0.000190,0.486794,0.000368,0.000031,0.000655,0.000037,-0.000907,0.000121,-0.000001,-0.000076,-0.000005,0.000000,0.000000,0.000000,0.000568,0.000247,-0.001651,0.044186,0.004577,0.065563,0.044186,0.004577,0.065563,-0.002125,-0.003462,0.005437,-0.002125,-0.003462,0.005437,0.006850,-0.016788,0.006845,0.040078,-0.001167,0.018522,-0.005435,0.006850,-0.016788,0.006845,0.040078,-0.001167,0.018522,-0.005435
1.103000,0.306459,-0.000220,0.486138,0.306826,-0.000190,0.486794,0.306826,-0.000190,0.486794,0.000368,0.000030,0.000656,0.000038,-0.000908,0.000112,0.000113,0.000331,-0.000395,0.000000,0.000000,0.000000,-0.000079,0.000805,0.002357,0.041853,-0.003609,0.073460,0.041853,-0.003609,0.073460,0.000469,-0.005138,-0.006620,0.000469,-0.005138,-0.006620,-0.007717,-0.021242,-0.006165,0.045182,-0.000281,0.020397,0.006621,-0.007717,-0.021242,-0.006165,0.045182,-0.000281,0.020397,0.006621
1.104000,0.306458,-0.000220,0.486137,0.306826,-0.000190,0.486794,0.306826,-0.000190,0.486794,0.000368,0.000031,0.000657,0.000038,-0.000912,0.000119,-0.000153,-0.000083,-0.000592,0.000000,0.000000,0.000000,-0.000035,0.001839,-0.001091,0.047262,0.004719,0.077486,0.047262,0.004719,0.077486,0.000292,-0.008251,0.003749,0.000292,-0.008251,0.003749,0.005206,-0.024761,0.003989,0.050888,0.001283,0.025005,-0.003747,0.005206,-0.024761,0.003989,0.050888,0.001283,0.025005,-0.003747
1.105000,0.306457,-0.000222,0.486138,0.306826,-0.000190,0.486794,0.306826,-0.000190,0.486794,0.000369,0.000032,0.000656,0.000041,-0.000908,0.000117,-0.000144,-0.000176,0.000234,0.000000,0.000000,0.000000,0.000215,-0.000716,0.000445,0.047128,0.006735,0.060892,0.047128,0.006735,0.060892,-0.000697,-0.000577,-0.000867,-0.000697,-0.000577,-0.000867,0.001208,-0.012021,0.002084,0.035366,0.000721,0.015844,0.000868,0.001208,-0.012021,0.002084,0.035366,0.000721,0.015844,0.000868
1.106000,0.306458,-0.000221,0.486139,0.306826,-0.000190,0.486794,0.306826,-0.000190,0.486794,0.000368,0.000031,0.000655,0.000040,-0.000906,0.000118,0.000111,0.000264,0.000269,0.000000,0.000000,0.000000,-0.000318,-0.000715,0.000057,0.041931,-0.002212,0.060088,0.041931,-0.002212,0.060088,0.001431,-0.000573,0.000300,0.001431,-0.000573,0.000300,-0.000368,-0.012567,-0.001506,0.034316,0.000965,0.014676,-0.000301,-0.000368,-0.012567,-0.001506,0.034316,0.000965,0.014676,-0.000301
1.107000,0.306458,-0.000220,0.486138,0.306826,-0.000190,0.486794,0.306826,-0.000190,0.486794,0.000368,0.000030,0.000656,0.000039,-0.000910,0.000115,-0.000048,0.000219,-0.000104,0.000000,0.000000,0.000000,-0.000008,0.000318,0.000309,0.045168,-0.001396,0.067713,0.045168,-0.001396,0.067713,0.000186,-0.003683,-0.000467,0.000186,-0.003683,-0.000467,-0.000885,-0.017517,-0.000900,0.041440,-0.000106,0.019137,0.000468,-0.000885,-0.017517,-0.000900,0.041440,-0.000106,0.019137,0.000468
1.108000,0.306458,-0.000222,0.486138,0.306826,-0.000190,0.486794,0.306826,-0.000190,0.486794,0.000368,0.000032,0.000656,0.000036,-0.000909,0.000123,0.000103,-0.000342,-0.000220,0.000000,0.000000,0.000000,0.000895,0.000531,-0.001731,0.042081,0.010012,0.069986,0.042081,0.010012,0.069986,-0.003439,-0.004320,0.005682,-0.003439,-0.004320,0.005682,0.008760,-0.019326,0.009713,0.042753,-0.001338,0.019327,-0.005679,0.008760,-0.019326,0.009713,0.042753,-0.001338,0.019327,-0.005679
1.109000,0.306459,-0.000220,0.486139,0.306826,-0.000190,0.486794,0.306826,-0.000190,0.486794,0.000367,0.000030,0.000655,0.000039,-0.000905,0.000117,0.000248,0.000006,0.000161,0.000000,0.000000,0.000000,-0.000048,-0.000711,-0.000184,0.039122,0.002858,0.062257,0.039122,0.002858,0.062257,0.000348,-0.000583,0.001018,0.000348,-0.000583,0.001018,0.001902,-0.013670,0.001414,0.034987,0.000948,0.014285,-0.001018,0.001902,-0.013670,0.001414,0.034987,0.000948,0.014285,-0.001018
1.110000,0.306458,-0.000222,0.486138,0.306826,-0.000190,0.486794,0.306826,-0.000190,0.486794,0.000368,0.000032,0.000655,0.000037,-0.000908,0.000119,-0.000077,-0.000397,0.000212,0.000000,0.000000,0.000000,0.000126,-0.000285,-0.000089,0.045739,0.011141,0.061287,0.045739,0.011141,0.061287,-0.000353,-0.001870,0.000744,-0.000353,-0.001870,0.000744,0.004168,-0.013648,0.004409,0.036666,0.001990,0.016879,-0.000743,0.004168,-0.013648,0.004409,0.036666,0.001990,0.016879,-0.000743
1.111000,0.306459,-0.000220,0.486138,0.306826,-0.000190,0.486794,0.306826,-0.000190,0.486794,0.000367,0.000030,0.000656,0.000041,-0.000910,0.000117,0.000167,0.000265,0.000299,0.000000,0.000000,0.000000,-0.001369,-0.000520,0.000203,0.040735,-0.002298,0.059613,0.040735,-0.002298,0.059613,0.005642,-0.001170,-0.000140,0.005642,-0.001170,-0.000140,-0.000835,-0.013199,-0.004826,0.034532,0.005159,0.014977,0.000136,-0.000835,-0.013199,-0.004826,0.034532,0.005159,0.014977,0.000136
1.112000,0.306457,-0.000221,0.486138,0.306826,-0.000190,0.486794,0.306826,-0.000190,0.486794,0.000369,0.000031,0.000656,0.000036,-0.000908,0.000119,-0.000421,-0.000090,0.000125,0.000000,0.000000,0.000000,0.000980,-0.000395,-0.000791,0.052714,0.004864,0.063070,0.052714,0.004864,0.063070,-0.003778,-0.001539,0.002851,-0.003778,-0.001539,0.002851,0.004354,-0.012794,0.006284,0.038072,-0.002756,0.018175,-0.002848,0.004354,-0.012794,0.006284,0.038072,-0.002756,0.018175,-0.002848
1.113000,0.306459,-0.000219,0.486138,0.306826,-0.000190,0.486794,0.306826,-0.000190,0.486794,0.000368,0.000029,0.000655,0.000039,-0.000908,0.000112,0.000168,0.000382,-0.000149,0.000000,0.000000,0.000000,0.000038,0.000435,0.002053,0.040750,-0.004707,0.068521,0.040750,-0.004707,0.068521,0.000004,-0.004028,-0.005712,0.000004,-0.004028,-0.005712,-0.007146,-0.018787,-0.005552,0.041600,-0.000978,0.018622,0.005713,-0.007146,-0.018787,-0.005552,0.041600,-0.000978,0.018622,0.005713
1.114000,0.306459,-0.000220,0.486138,0.306826,-0.000190,0.486794,0.306826,-0.000190,0.486794,0.000367,0.000030,0.000656,0.000041,-0.000912,0.000119,0.000148,0.000122,-0.000291,0.000000,0.000000,0.000000,-0.001048,0.001084,-0.000286,0.041109,0.000593,0.071441,0.041109,0.000593,0.071441,0.004357,-0.005987,0.001332,0.004357,-0.005987,0.001332,0.001523,-0.021584,-0.001938,0.044979,0.004482,0.020913,-0.001334,0.001523,-0.021584,-0.001938,0.044979,0.004482,0.020913,-0.001334
1.115000,0.306459,-0.000219,0.486138,0.306826,-0.000190,0.486794,0.306826,-0.000190,0.486794,0.000368,0.000029,0.000656,0.000039,-0.000909,0.000113,0.000042,0.000292,-0.000244,0.000000,0.000000,0.000000,-0.000067,0.000248,0.001038,0.043271,-0.002906,0.070471,0.043271,-0.002906,0.070471,0.000423,-0.003469,-0.002661,0.000423,-0.003469,-0.002661,-0.003543,-0.018440,-0.003109,0.042285,-0.000184,0.018766,0.002662,-0.003543,-0.018440,-0.003109,0.042285,-0.000184,0.018766,0.002662
1.116000,0.306458,-0.000219,0.486137,0.306826,-0.000190,0.486794,0.306826,-0.000190,0.486794,0.000369,0.000029,0.000657,0.000039,-0.000911,0.000116,-0.000229,0.000298,-0.000297,0.000000,0.000000,0.000000,0.000002,0.000640,0.000528,0.048814,-0.003002,0.071636,0.048814,-0.003002,0.071636,0.000146,-0.004654,-0.001122,0.000146,-0.004654,-0.001122,-0.002032,-0.019132,-0.001856,0.044731,-0.000483,0.021220,0.001123,-0.002032,-0.019132,-0.001856,0.044731,-0.000483,0.021220,0.001123
1.117000,0.306458,-0.000222,0.486139,0.306826,-0.000190,0.486794,0.306826,-0.000190,0.486794,0.000368,0.000032,0.000655,0.000038,-0.000906,0.000123,0.000123,-0.000507,0.000655,0.000000,0.000000,0.000000,0.000176,-0.001574,-0.001802,0.041682,0.013318,0.052370,0.041682,0.013318,0.052370,-0.000552,0.002004,0.005896,-0.000552,0.002004,0.005896,0.009987,-0.007665,0.008894,0.028061,0.002242,0.011369,-0.005896,0.009987,-0.007665,0.008894,0.028061,0.002242,0.011369,-0.005896
1.118000,0.306458,-0.000220,0.486138,0.306826,-0.000190,0.486794,0.306826,-0.000190,0.486794,0.000368,0.000030,0.000656,0.000037,-0.000907,0.000114,0.000049,0.000016,0.000151,0.000000,0.000000,0.000000,0.000337,-0.000637,0.000986,0.043187,0.002698,0.062545,0.043187,0.002698,0.062545,-0.001199,-0.000812,-0.002502,-0.001199,-0.000812,-0.002502,-0.001666,-0.013366,-0.000028,0.035876,-0.000628,0.015394,0.002503,-0.001666,-0.013366,-0.000028,0.035876,-0.000628,0.015394,0.002503
1.119000,0.306458,-0.000220,0.486137,0.306826,-0.000190,0.486794,0.306826,-0.000190,0.486794,0.000368,0.000030,0.000657,0.000040,-0.000912,0.000117,-0.000004,-0.000132,-0.000354,0.000000,0.000000,0.000000,-0.000454,0.000926,-0.000596,0.044253,0.005678,0.072776,0.044253,0.005678,0.072776,0.001974,-0.005514,0.002258,0.001974,-0.005514,0.002258,0.004007,-0.021040,0.002055,0.045540,0.003167,0.021219,-0.002258,0.004007,-0.021040,0.002055,0.045540,0.003167,0.021219,-0.002258
1.120000,0.306458,-0.000220,0.486138,0.306826,-0.000190,0.486794,0.306826,-0.000190,0.486794,0.000368,0.000030,0.000656,0.000038,-0.000909,0.000116,-0.000002,0.000005,-0.000236,0.000000,0.000000,0.000000,0.000139,0.000618,0.001094,0.044196,0.002908,0.070322,0.044196,0.002908,0.070322,-0.000405,-0.004582,-0.002819,-0.000405,-0.004582,-0.002819,-0.001918,-0.019365,-0.000745,0.043446,0.000212,0.020060,0.002821,-0.001918,-0.019365,-0.000745,0.043446,0.000212,0.020060,0.002821
1.121000,0.306458,-0.000220,0.486138,0.306826,-0.000190,0.486794,0.306826,-0.000190,0.486794,0.000368,0.000031,0.000656,0.000038,-0.000909,0.000118,-0.000208,0.000003,-0.000270,0.000000,0.000000,0.000000,0.000092,0.000649,-0.000254,0.048379,0.003000,0.071012,0.048379,0.003000,0.071012,-0.000216,-0.004675,0.001236,-0.000216,-0.004675,0.001236,0.002166,-0.019029,0.002016,0.044401,0.000415,0.021095,-0.001235,0.002166,-0.019029,0.002016,0.044401,0.000415,0.021095,-0.001235
1.122000,0.306458,-0.000220,0.486138,0.306826,-0.000190,0.486794,0.306826,-0.000190,0.486794,0.000368,0.000030,0.000656,0.000040,-0.000909,0.000119,0.000139,0.000080,0.000196,0.000000,0.000000,0.000000,-0.000381,-0.000362,-0.001104,0.041352,0.001399,0.061670,0.041352,0.001399,0.061670,0.001681,-0.001642,0.003789,0.001681,-0.001642,0.003789,0.004227,-0.014208,0.001953,0.036055,0.001971,0.015762,-0.003790,0.004227,-0.014208,0.001953,0.036055,0.001971,0.015762,-0.003790
1.123000,0.306458,-0.000221,0.486137,0.306826,-0.000190,0.486794,0.306826,-0.000190,0.486794,0.000368,0.000031,0.000657,0.000040,-0.000911,0.000116,0.000021,-0.000086,-0.000132,0.000000,0.000000,0.000000,-0.000409,0.000316,0.000688,0.043750,0.004801,0.068337,0.043750,0.004801,0.068337,0.001795,-0.003682,-0.001600,0.001795,-0.003682,-0.001600,-0.000119,-0.017924,-0.000828,0.041550,0.002808,0.018892,0.001600,-0.000119,-0.017924,-0.000828,0.041550,0.002808,0.018892,0.001600
1.124000,0.306458,-0.000221,0.486137,0.306826,-0.000190,0.486794,0.306826,-0.000190,0.486794,0.000368,0.000031,0.000657,0.000040,-0.000912,0.000120,0.000121,0.000039,-0.000017,0.000000,0.000000,0.000000,-0.000321,0.000448,-0.000694,0.041718,0.002297,0.066018,0.041718,0.002297,0.066018,0.001443,-0.004080,0.002563,0.001443,-0.004080,0.002563,0.003276,-0.017922,0.001549,0.040592,0.001924,0.018659,-0.002563,0.003276,-0.017922,0.001549,0.040592,0.001924,0.018659,-0.002563
1.125000,0.306459,-0.000219,0.486138,0.306826,-0.000190,0.486794,0.306826,-0.000190,0.486794,0.000368,0.000029,0.000655,0.000039,-0.000907,0.000114,0.000179,0.000289,0.000508,0.000000,0.000000,0.000000,0.000227,-0.001383,0.000806,0.040527,-0.002847,0.055375,0.040527,-0.002847,0.055375,-0.000753,0.001426,-0.001959,-0.000753,0.001426,-0.001959,-0.002823,-0.009338,-0.001763,0.029913,-0.001350,0.011967,0.001959,-0.002823,-0.009338,-0.001763,0.029913,-0.001350,0.011967,0.001959
1.126000,0.306458,-0.000221,0.486138,0.306826,-0.000190,0.486794,0.306826,-0.000190,0.486794,0.000368,0.000031,0.000656,0.000037,-0.000907,0.000116,-0.000121,-0.000189,-0.000060,0.000000,0.000000,0.000000,0.000612,-0.000272,0.000505,0.046584,0.006871,0.066758,0.046584,0.006871,0.066758,-0.002300,-0.001905,-0.001051,-0.002300,-0.001905,-0.001051,0.001065,-0.015231,0.003133,0.039393,-0.000852,0.017574,0.001053,0.001065,-0.015231,0.003133,0.039393,-0.000852,0.017574,0.001053
1.127000,0.306458,-0.000220,0.486139,0.306826,-0.000190,0.486794,0.306826,-0.000190,0.486794,0.000368,0.000030,0.000655,0.000039,-0.000908,0.000120,-0.000024,-0.000061,0.000010,0.000000,0.000000,0.000000,-0.000243,0.000293,-0.001476,0.044609,0.004245,0.065297,0.044609,0.004245,0.065297,0.001131,-0.003603,0.004908,0.001131,-0.003603,0.004908,0.006219,-0.016781,0.004058,0.040146,0.002020,0.018728,-0.004908,0.006219,-0.016781,0.004058,0.040146,0.002020,0.018728,-0.004908
1.128000,0.306459,-0.000220,0.486138,0.306826,-0.000190,0.486794,0.306826,-0.000190,0.486794,0.000367,0.000030,0.000656,0.000040,-0.000908,0.000113,0.000276,-0.000115,-0.000077,0.000000,0.000000,0.000000,-0.000208,-0.000231,0.001002,0.038528,0.005337,0.067164,0.038528,0.005337,0.067164,0.000989,-0.002033,-0.002554,0.000989,-0.002033,-0.002554,-0.000910,-0.016716,-0.000757,0.038677,0.002115,0.016040,0.002554,-0.000910,-0.016716,-0.000757,0.038677,0.002115,0.016040,0.002554
1.129000,0.306459,-0.000220,0.486139,0.306826,-0.000190,0.486794,0.306826,-0.000190,0.486794,0.000367,0.000031,0.000655,0.000037,-0.000906,0.000116,0.000049,0.000066,0.000098,0.000000,0.000000,0.000000,0.000539,-0.000474,0.000396,0.043100,0.001733,0.063539,0.043100,0.001733,0.063539,-0.002008,-0.001297,-0.000724,-0.002008,-0.001297,-0.000724,-0.000184,-0.014170,0.001487,0.036820,-0.001642,0.015950,0.000726,-0.000184,-0.014170,0.001487,0.036820,-0.001642,0.015950,0.000726
1.130000,0.306458,-0.000220,0.486138,0.306826,-0.000190,0.486794,0.306826,-0.000190,0.486794,0.000368,0.000030,0.000655,0.000042,-0.000908,0.000119,-0.000281,0.000220,-0.000092,0.000000,0.000000,0.000000,-0.001311,0.000430,-0.000407,0.049805,-0.001389,0.067368,0.049805,-0.001389,0.067368,0.005415,-0.004015,0.001695,0.005415,-0.004015,0.001695,0.001280,-0.017031,-0.003074,0.042201,0.005122,0.020413,-0.001698,0.001280,-0.017031,-0.003074,0.042201,0.005122,0.020413,-0.001698
1.131000,0.306458,-0.000220,0.486138,0.306826,-0.000190,0.486794,0.306826,-0.000190,0.486794,0.000368,0.000030,0.000656,0.000041,-0.000910,0.000116,-0.000187,0.000179,-0.000061,0.000000,0.000000,0.000000,-0.000276,0.000287,0.000876,0.047961,-0.000575,0.066845,0.047961,-0.000575,0.066845,0.001266,-0.003590,-0.002165,0.001266,-0.003590,-0.002165,-0.002330,-0.016730,-0.002597,0.041296,0.001149,0.019555,0.002165,-0.002330,-0.016730,-0.002597,0.041296,0.001149,0.019555,0.002165
1.132000,0.306458,-0.000220,0.486138,0.306826,-0.000190,0.486794,0.306826,-0.000190,0.486794,0.000368,0.000030,0.000656,0.000039,-0.000908,0.000120,-0.000004,-0.000182,0.000243,0.000000,0.000000,0.000000,0.000447,-0.000603,-0.001587,0.044253,0.006682,0.060709,0.044253,0.006682,0.060709,-0.001631,-0.000914,0.005242,-0.001631,-0.000914,0.005242,0.007299,-0.012743,0.007041,0.035247,-0.000231,0.015562,-0.005240,0.007299,-0.012743,0.007041,0.035247,-0.000231,0.015562,-0.005240
1.133000,0.306458,-0.000218,0.486136,0.306826,-0.000190,0.486794,0.306826,-0.000190,0.486794,0.000369,0.000029,0.000658,0.000041,-0.000914,0.000110,-0.000110,0.000411,-0.000555,0.000000,0.000000,0.000000,-0.000489,0.001506,0.001981,0.046419,-0.005362,0.076890,0.046419,-0.005362,0.076890,0.002120,-0.007260,-0.005501,0.002120,-0.007260,-0.005501,-0.007134,-0.023716,-0.007113,0.049509,0.001001,0.023781,0.005501,-0.007134,-0.023716,-0.007113,0.049509,0.001001,0.023781,0.005501
1.134000,0.306458,-0.000221,0.486137,0.306826,-0.000190,0.486794,0.306826,-0.000190,0.486794,0.000368,0.000031,0.000657,0.000038,-0.000910,0.000119,-0.000037,-0.000349,0.000084,0.000000,0.000000,0.000000,0.000684,-0.000347,-0.001145,0.044958,0.010079,0.063974,0.044958,0.010079,0.063974,-0.002583,-0.001687,0.003914,-0.002583,-0.001687,0.003914,0.007012,-0.014409,0.007881,0.037651,-0.000466,0.016770,-0.003911,0.007012,-0.014409,0.007881,0.037651,-0.000466,0.016770,-0.003911
1.135000,0.306458,-0.000219,0.486136,0.306826,-0.000190,0.486794,0.306826,-0.000190,0.486794,0.000368,0.000029,0.000658,0.000041,-0.000912,0.000116,0.000039,0.000433,-0.000356,0.000000,0.000000,0.000000,-0.000351,0.000645,0.000481,0.043405,-0.005736,0.072907,0.043405,-0.005736,0.072907,0.001568,-0.004672,-0.000978,0.001568,-0.004672,-0.000978,-0.002727,-0.020368,-0.003651,0.044653,0.000364,0.020210,0.000978,-0.002727,-0.020368,-0.003651,0.044653,0.000364,0.020210,0.000978
1.136000,0.306458,-0.000220,0.486137,0.306826,-0.000190,0.486794,0.306826,-0.000190,0.486794,0.000368,0.000031,0.000657,0.000040,-0.000910,0.000116,-0.000038,-0.000336,0.000175,0.000000,0.000000,0.000000,0.000114,-0.000446,-0.000276,0.044971,0.009783,0.062157,0.044971,0.009783,0.062157,-0.000297,-0.001391,0.001293,-0.000297,-0.001391,0.001293,0.004301,-0.013554,0.004315,0.036499,0.001761,0.016315,-0.001292,0.004301,-0.013554,0.004315,0.036499,0.001761,0.016315,-0.001292
1.137000,0.306458,-0.000220,0.486139,0.306826,-0.000190,0.486794,0.306826,-0.000190,0.486794,0.000368,0.000030,0.000655,0.000040,-0.000906,0.000120,0.000130,-0.000054,0.000686,0.000000,0.000000,0.000000,0.000074,-0.001504,-0.000848,0.041561,0.004125,0.051765,0.041561,0.004125,0.051765,-0.000139,0.001794,0.003023,-0.000139,0.001794,0.003023,0.004296,-0.007707,0.003586,0.027972,0.000724,0.011501,-0.003023,0.004296,-0.007707,0.003586,0.027972,0.000724,0.011501,-0.003023
1.138000,0.306458,-0.000219,0.486139,0.306826,-0.000190,0.486794,0.306826,-0.000190,0.486794,0.000368,0.000029,0.000654,0.000039,-0.000905,0.000111,0.000001,0.000238,0.000628,0.000000,0.000000,0.000000,0.000098,-0.001559,0.001794,0.044159,-0.001838,0.052873,0.044159,-0.001838,0.052873,-0.000233,0.001964,-0.004938,-0.000233,0.001964,-0.004938,-0.005492,-0.007479,-0.003906,0.028661,-0.000614,0.011973,0.004938,-0.005492,-0.007479,-0.003906,0.028661,-0.000614,0.011973,0.004938
1.139000,0.306458,-0.000221,0.486138,0.306826,-0.000190,0.486794,0.306826,-0.000190,0.486794,0.000368,0.000031,0.000656,0.000040,-0.000909,0.000120,-0.000048,-0.000485,-0.000079,0.000000,0.000000,0.000000,0.000018,0.000404,-0.002132,0.045156,0.012789,0.067171,0.045156,0.012789,0.067171,0.000088,-0.003939,0.006879,0.000088,-0.003939,0.006879,0.010808,-0.017610,0.008964,0.041436,0.002771,0.019344,-0.006878,0.010808,-0.017610,0.008964,0.041436,0.002771,0.019344,-0.006878
1.140000,0.306457,-0.000220,0.486138,0.306826,-0.000190,0.486794,0.306826,-0.000190,0.486794,0.000369,0.000030,0.000656,0.000038,-0.000909,0.000115,-0.000260,0.000006,-0.000408,0.000000,0.000000,0.000000,0.000472,0.000826,0.000358,0.049449,0.002863,0.073750,0.049449,0.002863,0.073750,-0.001737,-0.005204,-0.000614,-0.001737,-0.005204,-0.000614,0.000275,-0.020232,0.001742,0.046360,-0.001132,0.022090,0.000616,0.000275,-0.020232,0.001742,0.046360,-0.001132,0.022090,0.000616
1.141000,0.306459,-0.000221,0.486141,0.306826,-0.000190,0.486794,0.306826,-0.000190,0.486794,0.000368,0.000031,0.000653,0.000038,-0.000903,0.000115,0.000210,-0.000233,0.000652,0.000000,0.000000,0.000000,0.000296,-0.001212,0.000900,0.039910,0.007777,0.052234,0.039910,0.007777,0.052234,-0.001033,0.000928,-0.002240,-0.001033,0.000928,-0.002240,0.000153,-0.008969,0.001689,0.028848,0.000605,0.012059,0.002240,0.000153,-0.008969,0.001689,0.028848,0.000605,0.012059,0.002240
1.142000,0.306458,-0.000221,0.486139,0.306826,-0.000190,0.486794,0.306826,-0.000190,0.486794,0.000368,0.000031,0.000655,0.000036,-0.000905,0.000123,-0.000000,-0.000117,0.000078,0.000000,0.000000,0.000000,0.000893,-0.000634,-0.001413,0.044192,0.005408,0.063919,0.044192,0.005408,0.063919,-0.003429,-0.000813,0.004731,-0.003429,-0.000813,0.004731,0.006398,-0.013635,0.007540,0.036654,-0.002297,0.015731,-0.004728,0.006398,-0.013635,0.007540,0.036654,-0.002297,0.015731,-0.004728
1.143000,0.306457,-0.000219,0.486140,0.306826,-0.000190,0.486794,0.306826,-0.000190,0.486794,0.000369,0.000030,0.000654,0.000039,-0.000902,0.000116,-0.000185,0.000264,0.000422,0.000000,0.000000,0.000000,-0.000495,-0.001628,0.001402,0.047956,-0.002329,0.056958,0.047956,-0.002329,0.056958,0.002138,0.002179,-0.003741,0.002138,0.002179,-0.003741,-0.004444,-0.007931,-0.004897,0.030858,0.001652,0.012915,0.003739,-0.004444,-0.007931,-0.004897,0.030858,0.001652,0.012915,0.003739
1.144000,0.306458,-0.000222,0.486139,0.306826,-0.000190,0.486794,0.306826,-0.000190,0.486794,0.000368,0.000032,0.000655,0.000039,-0.000906,0.000125,-0.000060,-0.000731,-0.000372,0.000000,0.000000,0.000000,0.000273,0.000915,-0.002689,0.045418,0.017841,0.072948,0.045418,0.017841,0.072948,-0.000937,-0.005462,0.008565,-0.000937,-0.005462,0.008565,0.014043,-0.020865,0.012523,0.045718,0.002807,0.021429,-0.008563,0.014043,-0.020865,0.012523,0.045718,0.002807,0.021429,-0.008563
1.145000,0.306458,-0.000221,0.486138,0.306826,-0.000190,0.486794,0.306826,-0.000190,0.486794,0.000368,0.000031,0.000656,0.000039,-0.000907,0.000122,0.000010,0.000196,-0.000227,0.000000,0.000000,0.000000,-0.000231,0.000372,-0.000529,0.044012,-0.000847,0.070109,0.044012,-0.000847,0.070109,0.001083,-0.003837,0.002073,0.001083,-0.003837,0.002073,0.001823,-0.018583,0.000436,0.042576,0.000903,0.019259,-0.002073,0.001823,-0.018583,0.000436,0.042576,0.000903,0.019259,-0.002073
1.146000,0.306458,-0.000219,0.486138,0.306826,-0.000190,0.486794,0.306826,-0.000190,0.486794,0.000369,0.000029,0.000656,0.000044,-0.000908,0.000109,-0.000043,0.000877,-0.000172,0.000000,0.000000,0.000000,-0.000738,0.000486,0.003243,0.045094,-0.014656,0.069037,0.045094,-0.014656,0.069037,0.003127,-0.004182,-0.009292,0.003127,-0.004182,-0.009292,-0.013773,-0.018436,-0.013523,0.042556,0.000056,0.019734,0.009290,-0.013773,-0.018436,-0.013523,0.042556,0.000056,0.019734,0.009290
1.147000,0.306458,-0.000221,0.486138,0.306826,-0.000190,0.486794,0.306826,-0.000190,0.486794,0.000369,0.000031,0.000656,0.000039,-0.000908,0.000120,-0.000029,-0.000202,-0.000115,0.000000,0.000000,0.000000,0.000552,0.000324,-0.000861,0.044821,0.007154,0.067900,0.044821,0.007154,0.067900,-0.002054,-0.003695,0.003061,-0.002054,-0.003695,0.003061,0.005263,-0.017640,0.005954,0.041495,-0.000552,0.019094,-0.003058,0.005263,-0.017640,0.005954,0.041495,-0.000552,0.019094,-0.003058
1.148000,0.306458,-0.000221,0.486138,0.306826,-0.000190,0.486794,0.306826,-0.000190,0.486794,0.000369,0.000031,0.000656,0.000040,-0.000908,0.000113,-0.000019,-0.000042,-0.000077,0.000000,0.000000,0.000000,0.000810,0.000216,0.001155,0.044628,0.003930,0.067136,0.044628,0.003930,0.067136,-0.003082,-0.003372,-0.003014,-0.003082,-0.003372,-0.003014,-0.001799,-0.017113,0.001345,0.040789,-0.002251,0.018662,0.003017,-0.001799,-0.017113,0.001345,0.040789,-0.002251,0.018662,0.003017
1.149000,0.306457,-0.000220,0.486139,0.306826,-0.000190,0.486794,0.306826,-0.000190,0.486794,0.000369,0.000030,0.000655,0.000038,-0.000905,0.000119,-0.000041,-0.000078,0.000411,0.000000,0.000000,0.000000,0.000301,-0.001063,-0.001434,0.045069,0.004600,0.057250,0.045069,0.004600,0.057250,-0.001051,0.000475,0.004777,-0.001051,0.000475,0.004777,0.006196,-0.010168,0.005625,0.032330,-0.000089,0.014041,-0.004776,0.006196,-0.010168,0.005625,0.032330,-0.000089,0.014041,-0.004776
1.150000,0.306457,-0.000220,0.486139,0.306826,-0.000190,0.486794,0.306826,-0.000190,0.486794,0.000369,0.000030,0.000655,0.000041,-0.000905,0.000121,-0.000027,0.000077,0.000274,0.000000,0.000000,0.000000,-0.001095,-0.000708,-0.000660,0.044796,0.001450,0.059985,0.044796,0.001450,0.059985,0.004543,-0.000589,0.002465,0.004543,-0.000589,0.002465,0.002919,-0.012111,-0.000990,0.034648,0.004845,0.015285,-0.002468,0.002919,-0.012111,-0.000990,0.034648,0.004845,0.015285,-0.002468
1.151000,0.306458,-0.000220,0.486137,0.306826,-0.000190,0.486794,0.306826,-0.000190,0.486794,0.000368,0.000031,0.000656,0.000037,-0.000910,0.000115,0.000252,-0.000248,-0.000358,0.000000,0.000000,0.000000,0.000567,0.001291,0.000674,0.039121,0.008028,0.072784,0.039121,0.008028,0.072784,-0.002121,-0.006603,-0.001560,-0.002121,-0.006603,-0.001560,0.000908,-0.022918,0.003020,0.045975,-0.000429,0.021230,0.001564,0.000908,-0.022918,0.003020,0.045975,-0.000429,0.021230,0.001564
1.152000,0.306457,-0.000220,0.486139,0.306826,-0.000190,0.486794,0.306826,-0.000190,0.486794,0.000369,0.000030,0.000655,0.000038,-0.000905,0.000120,-0.000152,0.000216,0.000281,0.000000,0.000000,0.000000,-0.000084,-0.000665,-0.000502,0.047309,-0.001313,0.059851,0.047309,-0.001313,0.059851,0.000488,-0.000719,0.001984,0.000488,-0.000719,0.001984,0.001592,-0.011816,0.000644,0.035040,0.000210,0.015934,-0.001985,0.001592,-0.011816,0.000644,0.035040,0.000210,0.015934,-0.001985
1.153000,0.306458,-0.000220,0.486139,0.306826,-0.000190,0.486794,0.306826,-0.000190,0.486794,0.000368,0.000030,0.000655,0.000038,-0.000906,0.000117,0.000098,-0.000026,0.000030,0.000000,0.000000,0.000000,-0.000055,-0.000268,0.000092,0.042239,0.003550,0.064919,0.042239,0.003550,0.064919,0.000373,-0.001912,0.000191,0.000373,-0.001912,0.000191,0.001288,-0.015338,0.001038,0.037974,0.001120,0.016504,-0.000191,0.001288,-0.015338,0.001038,0.037974,0.001120,0.016504,-0.000191
1.154000,0.306458,-0.000221,0.486139,0.306826,-0.000190,0.486794,0.306826,-0.000190,0.486794,0.000369,0.000031,0.000654,0.000040,-0.000903,0.000117,-0.000106,-0.000058,-0.000044,0.000000,0.000000,0.000000,0.000423,-0.000272,0.000397,0.046342,0.004309,0.066316,0.046342,0.004309,0.066316,-0.001534,-0.001895,-0.000721,-0.001534,-0.001895,-0.000721,0.000610,-0.015121,0.001991,0.039143,-0.000626,0.017474,0.000723,0.000610,-0.015121,0.001991,0.039143,-0.000626,0.017474,0.000723
1.155000,0.306458,-0.000221,0.486138,0.306826,-0.000190,0.486794,0.306826,-0.000190,0.486794,0.000368,0.000031,0.000655,0.000044,-0.000908,0.000121,0.000136,0.000080,-0.000157,0.000000,0.000000,0.000000,-0.000619,0.000706,-0.000260,0.041457,0.001497,0.068681,0.041457,0.001497,0.068681,0.002651,-0.004840,0.001261,0.002651,-0.004840,0.001261,0.001729,-0.019538,-0.000486,0.042575,0.002966,0.019597,-0.001262,0.001729,-0.019538,-0.000486,0.042575,0.002966,0.019597,-0.001262
1.156000,0.306458,-0.000219,0.486139,0.306826,-0.000190,0.486794,0.306826,-0.000190,0.486794,0.000368,0.000029,0.000655,0.000040,-0.000906,0.000111,0.000174,0.000274,0.000202,0.000000,0.000000,0.000000,-0.000174,-0.000179,0.002113,0.040668,-0.002525,0.061433,0.040668,-0.002525,0.061433,0.000858,-0.002182,-0.005894,0.000858,-0.002182,-0.005894,-0.006659,-0.014781,-0.005576,0.036398,0.000334,0.016136,0.005894,-0.006659,-0.014781,-0.005576,0.036398,0.000334,0.016136,0.005894
1.157000,0.306457,-0.000219,0.486140,0.306826,-0.000190,0.486794,0.306826,-0.000190,0.486794,0.000369,0.000029,0.000654,0.000040,-0.000902,0.000115,-0.000187,0.000193,0.000389,0.000000,0.000000,0.000000,-0.000512,-0.001470,-0.000247,0.048012,-0.000937,0.057617,0.048012,-0.000937,0.057617,0.002209,0.001705,0.001201,0.002209,0.001705,0.001201,0.000925,-0.008599,-0.001005,0.031650,0.002011,0.013460,-0.001203,0.000925,-0.008599,-0.001005,0.031650,0.002011,0.013460,-0.001203
1.158000,0.306458,-0.000220,0.486139,0.306826,-0.000190,0.486794,0.306826,-0.000190,0.486794,0.000368,0.000030,0.000654,0.000039,-0.000904,0.000121,0.000010,-0.000329,-0.000131,0.000000,0.000000,0.000000,0.000494,0.000463,-0.002002,0.043994,0.009631,0.068048,0.043994,0.009631,0.068048,-0.001820,-0.004103,0.006490,-0.001820,-0.004103,0.006490,0.009452,-0.018221,0.009014,0.041866,0.000200,0.019341,-0.006488,0.009452,-0.018221,0.009014,0.041866,0.000200,0.019341,-0.006488
1.159000,0.306457,-0.000219,0.486139,0.306826,-0.000190,0.486794,0.306826,-0.000190,0.486794,0.000369,0.000030,0.000654,0.000040,-0.000905,0.000118,-0.000143,0.000281,0.000091,0.000000,0.000000,0.000000,-0.000302,-0.000103,0.000265,0.047114,-0.002664,0.063620,0.047114,-0.002664,0.063620,0.001369,-0.002404,-0.000324,0.001369,-0.002404,-0.000324,-0.001130,-0.014686,-0.002049,0.038479,0.000810,0.017908,0.000324,-0.001130,-0.014686,-0.002049,0.038479,0.000810,0.017908,0.000324
1.160000,0.306458,-0.000220,0.486139,0.306826,-0.000190,0.486794,0.306826,-0.000190,0.486794,0.000368,0.000030,0.000655,0.000038,-0.000906,0.000118,0.000054,-0.000164,-0.000118,0.000000,0.000000,0.000000,0.000193,0.000343,-0.000536,0.043132,0.006303,0.067867,0.043132,0.006303,0.067867,-0.000618,-0.003749,0.002081,-0.000618,-0.003749,0.002081,0.004022,-0.017943,0.003968,0.041316,0.000706,0.018789,-0.002079,0.004022,-0.017943,0.003968,0.041316,0.000706,0.018789,-0.002079
1.161000,0.306457,-0.000220,0.486140,0.306826,-0.000190,0.486794,0.306826,-0.000190,0.486794,0.000369,0.000030,0.000654,0.000039,-0.000901,0.000117,-0.000042,-0.000363,0.000336,0.000000,0.000000,0.000000,0.000385,-0.001486,-0.000578,0.045079,0.010277,0.058679,0.045079,0.010277,0.058679,-0.001383,0.001754,0.002203,-0.001383,0.001754,0.002203,0.005362,-0.009326,0.005888,0.031726,0.000776,0.012888,-0.002202,0.005362,-0.009326,0.005888,0.031726,0.000776,0.012888,-0.002202
1.162000,0.306458,-0.000220,0.486137,0.306826,-0.000190,0.486794,0.306826,-0.000190,0.486794,0.000368,0.000030,0.000657,0.000038,-0.000910,0.000118,0.000064,-0.000072,-0.000624,0.000000,0.000000,0.000000,0.000257,0.001838,-0.000541,0.042937,0.004432,0.078131,0.042937,0.004432,0.078131,-0.000876,-0.008243,0.002095,-0.000876,-0.008243,0.002095,0.003464,-0.025613,0.003555,0.050628,0.000056,0.024143,-0.002093,0.003464,-0.025613,0.003555,0.050628,0.000056,0.024143,-0.002093
1.163000,0.306458,-0.000221,0.486138,0.306826,-0.000190,0.486794,0.306826,-0.000190,0.486794,0.000368,0.000032,0.000656,0.000040,-0.000907,0.000116,0.000164,-0.000299,-0.000132,0.000000,0.000000,0.000000,-0.000728,0.000432,0.001096,0.040893,0.009140,0.068213,0.040893,0.009140,0.068213,0.003074,-0.004018,-0.002824,0.003074,-0.004018,-0.002824,-0.000014,-0.018659,-0.001189,0.041460,0.005001,0.018614,0.002823,-0.000014,-0.018659,-0.001189,0.041460,0.005001,0.018614,0.002823
1.164000,0.306458,-0.000220,0.486137,0.306826,-0.000190,0.486794,0.306826,-0.000190,0.486794,0.000368,0.000030,0.000657,0.000038,-0.000910,0.000117,-0.000012,0.000185,-0.000372,0.000000,0.000000,0.000000,0.000395,0.001081,-0.000113,0.044453,-0.000701,0.073091,0.044453,-0.000701,0.073091,-0.001431,-0.005974,0.000807,-0.001431,-0.005974,0.000807,0.000602,-0.021566,0.001370,0.046177,-0.001578,0.021750,-0.000805,0.000602,-0.021566,0.001370,0.046177,-0.001578,0.021750,-0.000805
1.165000,0.306458,-0.000221,0.486137,0.306826,-0.000190,0.486794,0.306826,-0.000190,0.486794,0.000368,0.000032,0.000656,0.000038,-0.000909,0.000123,0.000042,-0.000230,-0.000227,0.000000,0.000000,0.000000,0.000045,0.000483,-0.001245,0.043359,0.007766,0.070189,0.043359,0.007766,0.070189,-0.000026,-0.004178,0.004226,-0.000026,-0.004178,0.004226,0.006615,-0.019049,0.005540,0.042870,0.001603,0.019470,-0.004224,0.006615,-0.019049,0.005540,0.042870,0.001603,0.019470,-0.004224
1.166000,0.306458,-0.000220,0.486137,0.306826,-0.000190,0.486794,0.306826,-0.000190,0.486794,0.000369,0.000030,0.000657,0.000038,-0.000908,0.000113,-0.000071,0.000492,-0.000220,0.000000,0.000000,0.000000,0.000012,0.000052,0.002709,0.045659,-0.006847,0.070062,0.045659,-0.006847,0.070062,0.000104,-0.002880,-0.007676,0.000104,-0.002880,-0.007676,-0.009764,-0.017359,-0.007704,0.041810,-0.001326,0.018642,0.007676,-0.009764,-0.017359,-0.007704,0.041810,-0.001326,0.018642,0.007676
1.167000,0.306458,-0.000221,0.486139,0.306826,-0.000190,0.486794,0.306826,-0.000190,0.486794,0.000369,0.000031,0.000655,0.000038,-0.000904,0.000121,-0.000061,-0.000014,0.000554,0.000000,0.000000,0.000000,0.000006,-0.001458,-0.001037,0.045464,0.003365,0.054371,0.045464,0.003365,0.054371,0.000128,0.001663,0.003597,0.000128,0.001663,0.003597,0.004639,-0.008038,0.003558,0.029834,0.000831,0.012682,-0.003598,0.004639,-0.008038,0.003558,0.029834,0.000831,0.012682,-0.003598
1.168000,0.306458,-0.000220,0.486138,0.306826,-0.000190,0.486794,0.306826,-0.000190,0.486794,0.000369,0.000031,0.000656,0.000040,-0.000908,0.000115,-0.000063,-0.000102,-0.000113,0.000000,0.000000,0.000000,-0.000435,0.000472,0.000767,0.045502,0.005093,0.067865,0.045502,0.005093,0.067865,0.001898,-0.004141,-0.001842,0.001898,-0.004141,-0.001842,-0.000271,-0.017971,-0.000976,0.042012,0.002973,0.019678,0.001841,-0.000271,-0.017971,-0.000976,0.042012,0.002973,0.019678,0.001841
1.169000,0.306458,-0.000220,0.486139,0.306826,-0.000190,0.486794,0.306826,-0.000190,0.486794,0.000368,0.000031,0.000655,0.000041,-0.000906,0.000115,-0.000042,0.000070,-0.000075,0.000000,0.000000,0.000000,-0.000888,0.000315,0.000905,0.045049,0.001655,0.067012,0.045049,0.001655,0.067012,0.003716,-0.003664,-0.002254,0.003716,-0.003664,-0.002254,-0.001737,-0.017300,-0.003671,0.041073,0.004068,0.019029,0.002252,-0.001737,-0.017300,-0.003671,0.041073,0.004068,0.019029,0.002252
1.170000,0.306458,-0.000220,0.486141,0.306826,-0.000190,0.486794,0.306826,-0.000190,0.486794,0.000368,0.000031,0.000653,0.000039,-0.000902,0.000122,0.000199,0.000129,0.000782,0.000000,0.000000,0.000000,0.000242,-0.001554,-0.000455,0.040179,0.000468,0.049684,0.040179,0.000468,0.049684,-0.000811,0.001955,0.001852,-0.000811,0.001955,0.001852,0.002004,-0.007120,0.002046,0.026653,-0.000715,0.010866,-0.001852,0.002004,-0.007120,0.002046,0.026653,-0.000715,0.010866,-0.001852
1.171000,0.306457,-0.000219,0.486137,0.306826,-0.000190,0.486794,0.306826,-0.000190,0.486794,0.000369,0.000029,0.000657,0.000040,-0.000910,0.000110,-0.000216,0.000086,-0.000595,0.000000,0.000000,0.000000,0.000164,0.001522,0.001901,0.048593,0.001194,0.077568,0.048593,0.001194,0.077568,-0.000494,-0.007297,-0.005264,-0.000494,-0.007297,-0.005264,-0.004888,-0.023629,-0.002965,0.050146,-0.000234,0.024337,0.005267,-0.004888,-0.023629,-0.002965,0.050146,-0.000234,0.024337,0.005267
1.172000,0.306458,-0.000220,0.486139,0.306826,-0.000190,0.486794,0.306826,-0.000190,0.486794,0.000368,0.000030,0.000655,0.000039,-0.000906,0.000121,0.000049,-0.000039,0.000150,0.000000,0.000000,0.000000,0.000154,-0.000337,-0.001750,0.043232,0.003814,0.062519,0.043232,0.003814,0.062519,-0.000457,-0.001709,0.005734,-0.000457,-0.001709,0.005734,0.006912,-0.014247,0.005626,0.036765,0.000339,0.016301,-0.005733,0.006912,-0.014247,0.005626,0.036765,0.000339,0.016301,-0.005733
1.173000,0.306457,-0.000221,0.486138,0.306826,-0.000190,0.486794,0.306826,-0.000190,0.486794,0.000369,0.000031,0.000655,0.000038,-0.000905,0.000119,0.000011,-0.000191,-0.000142,0.000000,0.000000,0.000000,0.000279,0.000095,-0.000574,0.044039,0.006932,0.068370,0.044039,0.006932,0.068370,-0.000961,-0.003001,0.002200,-0.000961,-0.003001,0.002200,0.004334,-0.017210,0.004501,0.040922,0.000495,0.018276,-0.002199,0.004334,-0.017210,0.004501,0.040922,0.000495,0.018276,-0.002199
1.174000,0.306457,-0.000219,0.486140,0.306826,-0.000190,0.486794,0.306826,-0.000190,0.486794,0.000369,0.000029,0.000654,0.000042,-0.000903,0.000114,-0.000142,0.000275,0.000084,0.000000,0.000000,0.000000,-0.001062,-0.000348,0.001797,0.047095,-0.002558,0.063749,0.047095,-0.002558,0.063749,0.004414,-0.001666,-0.004936,0.004414,-0.001666,-0.004936,-0.005710,-0.013989,-0.007427,0.037797,0.003883,0.017174,0.004933,-0.005710,-0.013989,-0.007427,0.037797,0.003883,0.017174,0.004933
1.175000,0.306458,-0.000219,0.486137,0.306826,-0.000190,0.486794,0.306826,-0.000190,0.486794,0.000368,0.000030,0.000657,0.000041,-0.000910,0.000122,0.000226,0.000276,-0.000464,0.000000,0.000000,0.000000,-0.000268,0.001293,-0.000531,0.039647,-0.002557,0.074933,0.039647,-0.002557,0.074933,0.001234,-0.006609,0.002082,0.001234,-0.006609,0.002082,0.001307,-0.023501,-0.000221,0.047062,0.000695,0.021535,-0.002081,0.001307,-0.023501,-0.000221,0.047062,0.000695,0.021535,-0.002081
1.176000,0.306458,-0.000220,0.486138,0.306826,-0.000190,0.486794,0.306826,-0.000190,0.486794,0.000369,0.000030,0.000656,0.000040,-0.000908,0.000121,-0.000070,-0.000220,0.000011,0.000000,0.000000,0.000000,0.000407,-0.000014,-0.000157,0.045648,0.007441,0.065366,0.045648,0.007441,0.065366,-0.001467,-0.002681,0.000954,-0.001467,-0.002681,0.000954,0.003244,-0.015724,0.004144,0.039392,0.000098,0.018031,-0.000952,0.003244,-0.015724,0.004144,0.039392,0.000098,0.018031,-0.000952
1.177000,0.306458,-0.000219,0.486139,0.306826,-0.000190,0.486794,0.306826,-0.000190,0.486794,0.000368,0.000030,0.000654,0.000039,-0.000905,0.000118,-0.000025,0.000024,0.000249,0.000000,0.000000,0.000000,0.000270,-0.000329,-0.000531,0.044707,0.002494,0.060441,0.044707,0.002494,0.060441,-0.000925,-0.001728,0.002066,-0.000925,-0.001728,0.002066,0.002840,-0.013404,0.002937,0.035993,-0.000402,0.016447,-0.002065,0.002840,-0.013404,0.002937,0.035993,-0.000402,0.016447,-0.002065
1.178000,0.306458,-0.000221,0.486140,0.306826,-0.000190,0.486794,0.306826,-0.000190,0.486794,0.000368,0.000031,0.000654,0.000039,-0.000905,0.000119,0.000066,-0.000354,0.000473,0.000000,0.000000,0.000000,0.000180,-0.000869,-0.001323,0.042867,0.010154,0.055948,0.042867,0.010154,0.055948,-0.000565,-0.000107,0.004448,-0.000565,-0.000107,0.004448,0.007569,-0.010690,0.006853,0.032015,0.001566,0.014044,-0.004448,0.007569,-0.010690,0.006853,0.032015,0.001566,0.014044,-0.004448
1.179000,0.306459,-0.000220,0.486139,0.306826,-0.000190,0.486794,0.306826,-0.000190,0.486794,0.000368,0.000030,0.000655,0.000040,-0.000908,0.000115,0.000265,-0.000236,-0.000005,0.000000,0.000000,0.000000,0.000121,0.000297,-0.000136,0.038827,0.007724,0.065628,0.038827,0.007724,0.065628,-0.000322,-0.003615,0.000870,-0.000322,-0.003615,0.000870,0.003245,-0.017781,0.003363,0.039572,0.001302,0.017551,-0.000868,0.003245,-0.017781,0.003363,0.039572,0.001302,0.017551,-0.000868
1.180000,0.306458,-0.000219,0.486137,0.306826,-0.000190,0.486794,0.306826,-0.000190,0.486794,0.000368,0.000030,0.000657,0.000039,-0.000910,0.000118,-0.000064,0.000159,-0.000402,0.000000,0.000000,0.000000,0.000330,0.000847,-0.000682,0.045482,-0.000231,0.073694,0.045482,-0.000231,0.073694,-0.001166,-0.005271,0.002516,-0.001166,-0.005271,0.002516,0.002455,-0.020891,0.002542,0.045891,-0.001217,0.021318,-0.002514,0.002455,-0.020891,0.002542,0.045891,-0.001217,0.021318,-0.002514
1.181000,0.306458,-0.000219,0.486139,0.306826,-0.000190,0.486794,0.306826,-0.000190,0.486794,0.000368,0.000029,0.000655,0.000039,-0.000907,0.000111,0.000063,0.000330,0.000280,0.000000,0.000000,0.000000,-0.000029,-0.000404,0.001900,0.042917,-0.003698,0.059881,0.042917,-0.003698,0.059881,0.000274,-0.001509,-0.005254,0.000274,-0.001509,-0.005254,-0.006378,-0.013288,-0.005093,0.035282,-0.000497,0.015801,0.005254,-0.006378,-0.013288,-0.005093,0.035282,-0.000497,0.015801,0.005254
1.182000,0.306458,-0.000221,0.486138,0.306826,-0.000190,0.486794,0.306826,-0.000190,0.486794,0.000368,0.000031,0.000656,0.000041,-0.000908,0.000117,0.000008,-0.000332,-0.000099,0.000000,0.000000,0.000000,0.000440,0.000143,-0.000781,0.044025,0.009784,0.067553,0.044025,0.009784,0.067553,-0.001598,-0.003153,0.002811,-0.001598,-0.003153,0.002811,0.005819,-0.017114,0.006309,0.040686,0.000458,0.018353,-0.002809,0.005819,-0.017114,0.006309,0.040686,0.000458,0.018353,-0.002809
1.183000,0.306457,-0.000219,0.486139,0.306826,-0.000190,0.486794,0.306826,-0.000190,0.486794,0.000369,0.000029,0.000655,0.000042,-0.000905,0.000112,-0.000179,0.000632,0.000304,0.000000,0.000000,0.000000,-0.000798,-0.001111,0.002002,0.047829,-0.009744,0.059386,0.047829,-0.009744,0.059386,0.003361,0.000619,-0.005559,0.003361,0.000619,-0.005559,-0.008536,-0.010257,-0.009459,0.033550,0.001318,0.014661,0.005556,-0.008536,-0.010257,-0.009459,0.033550,0.001318,0.014661,0.005556
1.184000,0.306458,-0.000219,0.486138,0.306826,-0.000190,0.486794,0.306826,-0.000190,0.486794,0.000368,0.000030,0.000655,0.000038,-0.000908,0.000114,0.000234,0.000042,-0.000031,0.000000,0.000000,0.000000,0.000540,0.000373,0.000064,0.039446,0.002121,0.066160,0.039446,0.002121,0.066160,-0.002011,-0.003842,0.000264,-0.002011,-0.003842,0.000264,0.000922,-0.018076,0.002312,0.040131,-0.001564,0.017956,-0.000261,0.000922,-0.018076,0.002312,0.040131,-0.001564,0.017956,-0.000261
1.185000,0.306458,-0.000221,0.486137,0.306826,-0.000190,0.486794,0.306826,-0.000190,0.486794,0.000368,0.000031,0.000656,0.000038,-0.000910,0.000119,0.000072,-0.000496,-0.000327,0.000000,0.000000,0.000000,0.000142,0.000898,-0.001718,0.042711,0.013024,0.072176,0.042711,0.013024,0.072176,-0.000414,-0.005424,0.005629,-0.000414,-0.005424,0.005629,0.009630,-0.021004,0.008513,0.044969,0.002320,0.020753,-0.005628,0.009630,-0.021004,0.008513,0.044969,0.002320,0.020753,-0.005628
1.186000,0.306458,-0.000221,0.486140,0.306826,-0.000190,0.486794,0.306826,-0.000190,0.486794,0.000368,0.000032,0.000654,0.000038,-0.000904,0.000119,0.000081,-0.000530,0.000067,0.000000,0.000000,0.000000,0.000095,0.000187,-0.001049,0.042521,0.013752,0.064030,0.042521,0.013752,0.064030,-0.000227,-0.003273,0.003621,-0.000227,-0.003273,0.003621,0.007845,-0.016386,0.007198,0.038950,0.002662,0.017847,-0.003620,0.007845,-0.016386,0.007198,0.038950,0.002662,0.017847,-0.003620
1.187000,0.306458,-0.000220,0.486138,0.306826,-0.000190,0.486794,0.306826,-0.000190,0.486794,0.000369,0.000030,0.000655,0.000041,-0.000908,0.000120,-0.000171,0.000195,-0.000115,0.000000,0.000000,0.000000,-0.000995,0.000489,-0.000181,0.047649,-0.000914,0.067829,0.047649,-0.000914,0.067829,0.004145,-0.004191,0.001023,0.004145,-0.004191,0.001023,0.000753,-0.017679,-0.002495,0.042319,0.003953,0.020176,-0.001025,0.000753,-0.017679,-0.002495,0.042319,0.003953,0.020176,-0.001025
1.188000,0.306458,-0.000220,0.486137,0.306826,-0.000190,0.486794,0.306826,-0.000190,0.486794,0.000368,0.000030,0.000657,0.000037,-0.000910,0.000120,0.000057,0.000215,-0.000445,0.000000,0.000000,0.000000,0.000836,0.000693,0.000887,0.043029,-0.001273,0.074571,0.043029,-0.001273,0.074571,-0.003196,-0.004810,-0.002178,-0.003196,-0.004810,-0.002178,-0.002559,-0.021075,0.000327,0.045530,-0.003460,0.020417,0.002182,-0.002559,-0.021075,0.000327,0.045530,-0.003460,0.020417,0.002182
1.189000,0.306458,-0.000221,0.486140,0.306826,-0.000190,0.486794,0.306826,-0.000190,0.486794,0.000369,0.000031,0.000654,0.000040,-0.000902,0.000118,-0.000127,-0.000048,0.000793,0.000000,0.000000,0.000000,-0.000501,-0.002270,0.000663,0.046771,0.004064,0.049513,0.046771,0.004064,0.049513,0.002162,0.004102,-0.001517,0.002162,0.004102,-0.001517,-0.000260,-0.003910,-0.001264,0.025269,0.003018,0.010089,0.001515,-0.000260,-0.003910,-0.001264,0.025269,0.003018,0.010089,0.001515
1.190000,0.306458,-0.000221,0.486136,0.306826,-0.000190,0.486794,0.306826,-0.000190,0.486794,0.000368,0.000031,0.000658,0.000040,-0.000914,0.000122,0.000065,-0.000263,-0.000773,0.000000,0.000000,0.000000,-0.000177,0.002250,-0.001917,0.042862,0.008370,0.081217,0.042862,0.008370,0.081217,0.000867,-0.009492,0.006241,0.000867,-0.009492,0.006241,0.008816,-0.027820,0.006526,0.053323,0.002622,0.025647,-0.006239,0.008816,-0.027820,0.006526,0.053323,0.002622,0.025647,-0.006239
1.191000,0.306457,-0.000220,0.486140,0.306826,-0.000190,0.486794,0.306826,-0.000190,0.486794,0.000369,0.000030,0.000654,0.000040,-0.000903,0.000113,-0.000240,0.000195,0.000459,0.000000,0.000000,0.000000,-0.000117,-0.001376,0.002607,0.049108,-0.000907,0.056234,0.049108,-0.000907,0.056234,0.000626,0.001419,-0.007369,0.000626,0.001419,-0.007369,-0.007637,-0.008294,-0.005928,0.031426,0.000443,0.013854,0.007368,-0.007637,-0.008294,-0.005928,0.031426,0.000443,0.013854,0.007368
1.192000,0.306458,-0.000221,0.486140,0.306826,-0.000190,0.486794,0.306826,-0.000190,0.486794,0.000368,0.000032,0.000654,0.000039,-0.000905,0.000122,0.000023,-0.000494,0.000413,0.000000,0.000000,0.000000,0.000177,-0.000918,-0.002131,0.043767,0.013043,0.057154,0.043767,0.013043,0.057154,-0.000552,0.000040,0.006882,-0.000552,0.000040,0.006882,0.010888,-0.010775,0.009502,0.032551,0.002184,0.014193,-0.006881,0.010888,-0.010775,0.009502,0.032551,0.002184,0.014193,-0.006881
1.193000,0.306458,-0.000220,0.486137,0.306826,-0.000190,0.486794,0.306826,-0.000190,0.486794,0.000368,0.000030,0.000656,0.000038,-0.000910,0.000118,0.000102,0.000216,-0.000372,0.000000,0.000000,0.000000,0.000303,0.001151,-0.000313,0.042129,-0.001328,0.073074,0.042129,-0.001328,0.073074,-0.001058,-0.006184,0.001411,-0.001058,-0.006184,0.001411,0.001013,-0.022127,0.001328,0.046081,-0.001338,0.021470,-0.001408,0.001013,-0.022127,0.001328,0.046081,-0.001338,0.021470,-0.001408
1.194000,0.306459,-0.000222,0.486139,0.306826,-0.000190,0.486794,0.306826,-0.000190,0.486794,0.000368,0.000032,0.000655,0.000036,-0.000903,0.000122,0.001920,-0.000216,0.000937,0.000000,0.000000,0.000000,0.000896,-0.009956,0.000177,0.005720,0.007500,0.046747,0.005720,0.007500,0.046747,-0.003441,0.027159,-0.000044,-0.003441,0.027159,-0.000044,0.002253,0.013695,0.004849,-0.004354,-0.001876,-0.021848,0.000040,0.002253,0.013695,0.004849,-0.004354,-0.001876,-0.021848,0.000040
1.195000,0.306458,-0.000223,0.486138,0.306826,-0.000190,0.486794,0.306826,-0.000190,0.486794,0.000368,0.000033,0.000656,0.000040,-0.000909,0.000125,0.001561,-0.000468,0.000329,0.000000,0.000000,0.000000,0.000312,-0.006048,-0.002003,0.012916,0.012650,0.059029,0.012916,0.012650,0.059029,-0.001089,0.015416,0.006508,-0.001089,0.015416,0.006508,0.010387,-0.000701,0.009486,0.014101,0.001556,-0.007512,-0.006512,0.010387,-0.000701,0.009486,0.014101,0.001556,-0.007512,-0.006512
1.196000,0.306458,-0.000222,0.486140,0.306826,-0.000190,0.486794,0.306826,-0.000190,0.486794,0.000368,0.000032,0.000654,0.000040,-0.000903,0.000120,0.001095,-0.000174,0.001160,0.000000,0.000000,0.000000,-0.000389,-0.006685,0.000787,0.022268,0.006670,0.042164,0.022268,0.006670,0.042164,0.001715,0.017344,-0.001881,0.001715,0.017344,-0.001881,0.000169,0.007826,-0.000364,0.005416,0.003113,-0.008956,0.001875,0.000169,0.007826,-0.000364,0.005416,0.003113,-0.008956,0.001875
1.197000,0.306457,-0.000221,0.486137,0.306826,-0.000190,0.486794,0.306826,-0.000190,0.486794,0.000369,0.000031,0.000657,0.000038,-0.000909,0.000117,0.000708,0.000176,-0.000413,0.000000,0.000000,0.000000,0.000182,-0.002483,0.000666,0.030103,-0.000436,0.073925,0.030103,-0.000436,0.073925,-0.000576,0.004723,-0.001528,-0.000576,0.004723,-0.001528,-0.001655,-0.013325,-0.000799,0.034032,-0.000669,0.008106,0.001528,-0.001655,-0.013325,-0.000799,0.034032,-0.000669,0.008106,0.001528
1.198000,0.306458,-0.000219,0.486138,0.306826,-0.000190,0.486794,0.306826,-0.000190,0.486794,0.000369,0.000030,0.000656,0.000039,-0.000907,0.000117,0.000526,0.000499,0.000186,0.000000,0.000000,0.000000,-0.000340,-0.003090,0.000239,0.033720,-0.007016,0.061851,0.033720,-0.007016,0.061851,0.001516,0.006550,-0.000248,0.001516,0.006550,-0.000248,-0.002391,-0.007242,-0.003515,0.026971,0.000038,0.005979,0.000245,-0.002391,-0.007242,-0.003515,0.026971,0.000038,0.005979,0.000245
1.199000,0.306458,-0.000219,0.486137,0.306826,-0.000190,0.486794,0.306826,-0.000190,0.486794,0.000368,0.000029,0.000656,0.000040,-0.000910,0.000114,0.000437,0.000333,-0.000046,0.000000,0.000000,0.000000,-0.000226,-0.001506,0.001617,0.035485,-0.003761,0.066571,0.035485,-0.003761,0.066571,0.001064,0.001790,-0.004396,0.001064,0.001790,-0.004396,-0.005540,-0.013177,-0.005065,0.034185,0.000276,0.011524,0.004394,-0.005540,-0.013177,-0.005065,0.034185,0.000276,0.011524,0.004394
1.200000,0.306458,-0.000221,0.486141,0.306826,-0.000190,0.486794,0.306826,-0.000190,0.486794,0.000368,0.000031,0.000653,0.000039,-0.000901,0.000126,0.000249,-0.000210,0.000903,0.000000,0.000000,0.000000,0.000070,-0.003361,-0.001395,0.039230,0.007330,0.047214,0.039230,0.007330,0.047214,-0.000127,0.007379,0.004688,-0.000127,0.007379,0.004688,0.006943,-0.001086,0.005795,0.019940,0.001407,0.005025,-0.004690,0.006943,-0.001086,0.005795,0.019940,0.001407,0.005025,-0.004690
1.201000,0.306458,-0.000221,0.486136,0.306826,-0.000190,0.486794,0.306826,-0.000190,0.486794,0.000368,0.000031,0.000657,0.000037,-0.000911,0.000125,0.000395,-0.000047,-0.000693,0.000000,0.000000,0.000000,0.000489,0.000404,-0.000456,0.036256,0.004084,0.079596,0.036256,0.004084,0.079596,-0.001808,-0.003946,0.001869,-0.001808,-0.003946,0.001869,0.003128,-0.022790,0.003940,0.046166,-0.000951,0.018569,-0.001866,0.003128,-0.022790,0.003940,0.046166,-0.000951,0.018569,-0.001866
1.202000,0.306457,-0.000219,0.486137,0.306826,-0.000190,0.486794,0.306826,-0.000190,0.486794,0.000369,0.000029,0.000657,0.000040,-0.000909,0.000115,0.000058,0.000488,-0.000135,0.000000,0.000000,0.000000,-0.000732,-0.000674,0.001614,0.043097,-0.006835,0.068374,0.043097,-0.006835,0.068374,0.003086,-0.000705,-0.004382,0.003086,-0.000705,-0.004382,-0.006468,-0.015059,-0.007487,0.038507,0.001653,0.015779,0.004380,-0.006468,-0.015059,-0.007487,0.038507,0.001653,0.015779,0.004380
1.203000,0.306458,-0.000221,0.486137,0.306826,-0.000190,0.486794,0.306826,-0.000190,0.486794,0.000368,0.000031,0.000657,0.000040,-0.000912,0.000119,0.000196,-0.000076,-0.000204,0.000000,0.000000,0.000000,-0.000331,0.000506,-0.000111,0.040273,0.004619,0.069785,0.040273,0.004619,0.069785,0.001481,-0.004254,0.000810,0.001481,-0.004254,0.000810,0.002234,-0.019473,0.001037,0.042359,0.002453,0.018860,-0.000810,0.002234,-0.019473,0.001037,0.042359,0.002453,0.018860,-0.000810
1.204000,0.306458,-0.000220,0.486138,0.306826,-0.000190,0.486794,0.306826,-0.000190,0.486794,0.000369,0.000030,0.000656,0.000040,-0.000907,0.000117,0.000158,0.000180,0.000082,0.000000,0.000000,0.000000,-0.000378,-0.000751,0.000556,0.041079,-0.000557,0.063952,0.041079,-0.000557,0.063952,0.001670,-0.000467,-0.001200,0.001670,-0.000467,-0.001200,-0.001361,-0.013775,-0.002197,0.035924,0.001554,0.014729,0.001199,-0.001361,-0.013775,-0.002197,0.035924,0.001554,0.014729,0.001199
1.205000,0.306458,-0.000220,0.486140,0.306826,-0.000190,0.486794,0.306826,-0.000190,0.486794,0.000368,0.000030,0.000654,0.000040,-0.000903,0.000118,0.000100,0.000120,0.000492,0.000000,0.000000,0.000000,-0.000253,-0.001658,-0.000613,0.042173,0.000585,0.055568,0.042173,0.000585,0.055568,0.001171,0.002264,0.002310,0.001171,0.002264,0.002310,0.002499,-0.008308,0.001006,0.029376,0.001291,0.011493,-0.002312,0.002499,-0.008308,0.001006,0.029376,0.001291,0.011493,-0.002312
1.206000,0.306458,-0.000220,0.486136,0.306826,-0.000190,0.486794,0.306826,-0.000190,0.486794,0.000368,0.000030,0.000658,0.000041,-0.000913,0.000114,0.000001,0.000030,-0.000578,0.000000,0.000000,0.000000,-0.000404,0.001565,0.000575,0.044193,0.002377,0.077311,0.044193,0.002377,0.077311,0.001780,-0.007434,-0.001268,0.001780,-0.007434,-0.001268,-0.000530,-0.024360,-0.001369,0.049595,0.002283,0.023525,0.001269,-0.000530,-0.024360,-0.001369,0.049595,0.002283,0.023525,0.001269
1.207000,0.306458,-0.000220,0.486136,0.306826,-0.000190,0.486794,0.306826,-0.000190,0.486794,0.000368,0.000030,0.000657,0.000041,-0.000913,0.000116,0.000213,0.000020,-0.000270,0.000000,0.000000,0.000000,-0.000270,0.000782,0.000383,0.039895,0.002639,0.071148,0.039895,0.002639,0.071148,0.001242,-0.005084,-0.000685,0.001242,-0.005084,-0.000685,0.000132,-0.020779,-0.000492,0.043784,0.001799,0.019730,0.000686,0.000132,-0.020779,-0.000492,0.043784,0.001799,0.019730,0.000686
1.208000,0.306458,-0.000222,0.486138,0.306826,-0.000190,0.486794,0.306826,-0.000190,0.486794,0.000368,0.000032,0.000656,0.000041,-0.000908,0.000119,0.000046,-0.000578,0.000425,0.000000,0.000000,0.000000,0.000674,-0.001167,-0.001009,0.043262,0.014791,0.057064,0.043262,0.014791,0.057064,-0.002531,0.000778,0.003500,-0.002531,0.000778,0.003500,0.008043,-0.010088,0.009082,0.031707,0.000576,0.013340,-0.003499,0.008043,-0.010088,0.009082,0.031707,0.000576,0.013340,-0.003499
1.209000,0.306458,-0.000221,0.486138,0.306826,-0.000190,0.486794,0.306826,-0.000190,0.486794,0.000368,0.000031,0.000656,0.000040,-0.000908,0.000114,0.000069,-0.000124,0.000093,0.000000,0.000000,0.000000,0.000228,0.000003,0.000769,0.042830,0.005583,0.063700,0.042830,0.005583,0.063700,-0.000752,-0.002733,-0.001853,-0.000752,-0.002733,-0.001853,-0.000132,-0.015696,0.001051,0.038296,0.000426,0.017342,0.001854,-0.000132,-0.015696,0.001051,0.038296,0.000426,0.017342,0.001854
1.210000,0.306457,-0.000222,0.486137,0.306826,-0.000190,0.486794,0.306826,-0.000190,0.486794,0.000369,0.000032,0.000657,0.000037,-0.000909,0.000123,-0.000216,-0.000524,-0.000100,0.000000,0.000000,0.000000,0.000767,-0.000247,-0.002543,0.048594,0.013702,0.067669,0.048594,0.013702,0.067669,-0.002919,-0.001988,0.008119,-0.002919,-0.001988,0.008119,0.012330,-0.015286,0.012268,0.040161,-0.000045,0.018162,-0.008116,0.012330,-0.015286,0.012268,0.040161,-0.000045,0.018162,-0.008116
1.211000,0.306459,-0.000219,0.486139,0.306826,-0.000190,0.486794,0.306826,-0.000190,0.486794,0.000368,0.000030,0.000655,0.000040,-0.000907,0.000112,0.000277,0.000472,0.000667,0.000000,0.000000,0.000000,-0.000499,-0.001140,0.001928,0.038584,-0.006478,0.052121,0.038584,-0.006478,0.052121,0.002156,0.000701,-0.005338,0.002156,0.000701,-0.005338,-0.007313,-0.009365,-0.007386,0.028852,0.000800,0.011996,0.005336,-0.007313,-0.009365,-0.007386,0.028852,0.000800,0.011996,0.005336
1.212000,0.306457,-0.000220,0.486139,0.306826,-0.000190,0.486794,0.306826,-0.000190,0.486794,0.000369,0.000030,0.000655,0.000040,-0.000904,0.000119,-0.000189,0.000315,0.000437,0.000000,0.000000,0.000000,-0.000334,-0.001561,-0.000444,0.048038,-0.003273,0.056726,0.048038,-0.003273,0.056726,0.001496,0.001968,0.001807,0.001496,0.001968,0.001807,0.000815,-0.008059,-0.000832,0.030970,0.000805,0.013125,-0.001809,0.000815,-0.008059,-0.000832,0.030970,0.000805,0.013125,-0.001809
1.213000,0.306458,-0.000220,0.486138,0.306826,-0.000190,0.486794,0.306826,-0.000190,0.486794,0.000368,0.000031,0.000656,0.000040,-0.000909,0.000120,0.000010,0.000150,-0.000099,0.000000,0.000000,0.000000,-0.000066,0.000399,-0.000369,0.044013,0.000069,0.067562,0.044013,0.000069,0.067562,0.000420,-0.003924,0.001588,0.000420,-0.003924,0.001588,0.001619,-0.017888,0.000861,0.041461,0.000434,0.019122,-0.001587,0.001619,-0.017888,0.000861,0.041461,0.000434,0.019122,-0.001587
1.214000,0.306458,-0.000220,0.486138,0.306826,-0.000190,0.486794,0.306826,-0.000190,0.486794,0.000368,0.000030,0.000656,0.000041,-0.000909,0.000112,0.000007,0.000007,-0.000066,0.000000,0.000000,0.000000,-0.000483,0.000264,0.001721,0.044064,0.002891,0.066896,0.044064,0.002891,0.066896,0.002095,-0.003517,-0.004714,0.002095,-0.003517,-0.004714,-0.003818,-0.017270,-0.003859,0.040746,0.002710,0.018665,0.004713,-0.003818,-0.017270,-0.003859,0.040746,0.002710,0.018665,0.004713
1.215000,0.306458,-0.000220,0.486138,0.306826,-0.000190,0.486794,0.306826,-0.000190,0.486794,0.000369,0.000030,0.000655,0.000039,-0.000907,0.000117,-0.000080,0.000318,0.000127,0.000000,0.000000,0.000000,0.000355,-0.000384,-0.000026,0.045833,-0.003377,0.062991,0.045833,-0.003377,0.062991,-0.001263,-0.001569,0.000547,-0.001263,-0.001569,0.000547,-0.000478,-0.013854,0.000198,0.037183,-0.001974,0.016749,-0.000546,-0.000478,-0.013854,0.000198,0.037183,-0.001974,0.016749,-0.000546
1.216000,0.306458,-0.000220,0.486139,0.306826,-0.000190,0.486794,0.306826,-0.000190,0.486794,0.000368,0.000030,0.000655,0.000039,-0.000907,0.000114,-0.000003,0.000041,0.000106,0.000000,0.000000,0.000000,0.000238,-0.000495,0.001155,0.044278,0.002223,0.063411,0.044278,0.002223,0.063411,-0.000796,-0.001235,-0.003009,-0.000796,-0.001235,-0.003009,-0.002318,-0.013887,-0.000825,0.036848,-0.000324,0.016123,0.003010,-0.002318,-0.013887,-0.000825,0.036848,-0.000324,0.016123,0.003010
1.217000,0.306458,-0.000221,0.486138,0.306826,-0.000190,0.486794,0.306826,-0.000190,0.486794,0.000368,0.000031,0.000656,0.000038,-0.000908,0.000116,0.000083,-0.000404,-0.000100,0.000000,0.000000,0.000000,0.000381,0.000225,-0.000516,0.042521,0.011200,0.067578,0.042521,0.011200,0.067578,-0.001371,-0.003401,0.002014,-0.001371,-0.003401,0.002014,0.005456,-0.017601,0.006045,0.040753,0.000983,0.018286,-0.002012,0.005456,-0.017601,0.006045,0.040753,0.000983,0.018286,-0.002012
1.218000,0.306458,-0.000222,0.486138,0.306826,-0.000190,0.486794,0.306826,-0.000190,0.486794,0.000368,0.000032,0.000656,0.000039,-0.000909,0.000121,0.000191,-0.000312,-0.000216,0.000000,0.000000,0.000000,0.000050,0.000468,-0.001565,0.040319,0.009421,0.069949,0.040319,0.009421,0.069949,-0.000044,-0.004133,0.005179,-0.000044,-0.004133,0.005179,0.008075,-0.019396,0.006762,0.042320,0.001933,0.018764,-0.005178,0.008075,-0.019396,0.006762,0.042320,0.001933,0.018764,-0.005178
1.219000,0.306458,-0.000220,0.486138,0.306826,-0.000190,0.486794,0.306826,-0.000190,0.486794,0.000368,0.000030,0.000656,0.000041,-0.000909,0.000119,0.000128,0.000354,-0.000144,0.000000,0.000000,0.000000,-0.000821,0.000312,0.001112,0.041582,-0.004065,0.068503,0.041582,-0.004065,0.068503,0.003447,-0.003663,-0.002861,0.003447,-0.003663,-0.002861,-0.004097,-0.018289,-0.005767,0.041331,0.002596,0.018430,0.002859,-0.004097,-0.018289,-0.005767,0.041331,0.002596,0.018430,0.002859
1.220000,0.306457,-0.000220,0.486139,0.306826,-0.000190,0.486794,0.306826,-0.000190,0.486794,0.000369,0.000030,0.000655,0.000039,-0.000908,0.000120,-0.000157,0.000372,0.000009,0.000000,0.000000,0.000000,0.000097,0.000396,-0.000243,0.047402,-0.004449,0.065343,0.047402,-0.004449,0.065343,-0.000229,-0.003911,0.001208,-0.000229,-0.003911,0.001208,-0.000145,-0.016677,-0.000416,0.040837,-0.001165,0.019628,-0.001207,-0.000145,-0.016677,-0.000416,0.040837,-0.001165,0.019628,-0.001207
1.221000,0.306458,-0.000220,0.486141,0.306826,-0.000190,0.486794,0.306826,-0.000190,0.486794,0.000368,0.000030,0.000653,0.000038,-0.000903,0.000116,-0.000049,0.000067,0.000507,0.000000,0.000000,0.000000,0.000459,-0.001214,0.000903,0.045173,0.001704,0.055178,0.045173,0.001704,0.055178,-0.001684,0.000934,-0.002245,-0.001684,0.000934,-0.002245,-0.001713,-0.009060,0.000174,0.030909,-0.001323,0.013420,0.002246,-0.001713,-0.009060,0.000174,0.030909,-0.001323,0.013420,0.002246
1.222000,0.306458,-0.000220,0.486137,0.306826,-0.000190,0.486794,0.306826,-0.000190,0.486794,0.000368,0.000030,0.000657,0.000040,-0.000910,0.000122,-0.000074,-0.000187,-0.000623,0.000000,0.000000,0.000000,-0.000292,0.001036,-0.001194,0.045699,0.006786,0.078146,0.045699,0.006786,0.078146,0.001326,-0.005837,0.004070,0.001326,-0.005837,0.004070,0.006159,-0.022788,0.004153,0.048584,0.002750,0.022319,-0.004070,0.006159,-0.022788,0.004153,0.048584,0.002750,0.022319,-0.004070
1.223000,0.306458,-0.000221,0.486138,0.306826,-0.000190,0.486794,0.306826,-0.000190,0.486794,0.000368,0.000031,0.000656,0.000038,-0.000909,0.000124,-0.000006,-0.000064,0.000069,0.000000,0.000000,0.000000,0.000403,0.000051,-0.000540,0.044328,0.004347,0.064198,0.044328,0.004347,0.064198,-0.001459,-0.002879,0.002115,-0.001459,-0.002879,0.002115,0.003457,-0.015766,0.003953,0.038870,-0.000546,0.017849,-0.002113,0.003457,-0.015766,0.003953,0.038870,-0.000546,0.017849,-0.002113
1.224000,0.306458,-0.000220,0.486136,0.306826,-0.000190,0.486794,0.306826,-0.000190,0.486794,0.000368,0.000031,0.000658,0.000040,-0.000913,0.000117,-0.000012,-0.000135,-0.000630,0.000000,0.000000,0.000000,-0.000171,0.001467,0.000387,0.044446,0.005753,0.078373,0.044446,0.005753,0.078373,0.000842,-0.007141,-0.000692,0.000842,-0.007141,-0.000692,0.001080,-0.024354,0.000798,0.049835,0.002055,0.023379,0.000694,0.001080,-0.024354,0.000798,0.049835,0.002055,0.023379,0.000694
1.225000,0.306458,-0.000221,0.486139,0.306826,-0.000190,0.486794,0.306826,-0.000190,0.486794,0.000368,0.000031,0.000655,0.000040,-0.000905,0.000121,0.000183,-0.000133,0.000604,0.000000,0.000000,0.000000,-0.000319,-0.001580,-0.000963,0.040475,0.005773,0.053398,0.040475,0.005773,0.053398,0.001438,0.002022,0.003373,0.001438,0.002022,0.003373,0.005151,-0.008145,0.003252,0.028375,0.002648,0.011187,-0.003375,0.005151,-0.008145,0.003252,0.028375,0.002648,0.011187,-0.003375
1.226000,0.306458,-0.000220,0.486137,0.306826,-0.000190,0.486794,0.306826,-0.000190,0.486794,0.000369,0.000030,0.000657,0.000037,-0.000911,0.000117,-0.000132,0.000438,-0.000208,0.000000,0.000000,0.000000,0.000670,0.000628,0.001929,0.046878,-0.005794,0.069830,0.046878,-0.005794,0.069830,-0.002532,-0.004616,-0.005319,-0.002532,-0.004616,-0.005319,-0.007084,-0.018838,-0.003831,0.043594,-0.003743,0.020616,0.005322,-0.007084,-0.018838,-0.003831,0.043594,-0.003743,0.020616,0.005322
1.227000,0.306458,-0.000220,0.486137,0.306826,-0.000190,0.486794,0.306826,-0.000190,0.486794,0.000369,0.000030,0.000657,0.000041,-0.000911,0.000118,-0.000088,-0.000054,-0.000139,0.000000,0.000000,0.000000,-0.000830,0.000419,-0.000654,0.045999,0.004089,0.068438,0.045999,0.004089,0.068438,0.003484,-0.003988,0.002436,0.003484,-0.003988,0.002436,0.003699,-0.017916,0.000596,0.042192,0.004343,0.019680,-0.002438,0.003699,-0.017916,0.000596,0.042192,0.004343,0.019680,-0.002438
1.228000,0.306458,-0.000221,0.486138,0.306826,-0.000190,0.486794,0.306826,-0.000190,0.486794,0.000368,0.000031,0.000656,0.000036,-0.000908,0.000124,0.000062,-0.000242,0.000191,0.000000,0.000000,0.000000,0.001182,-0.000516,-0.002035,0.042939,0.007968,0.061758,0.042939,0.007968,0.061758,-0.004582,-0.001177,0.006601,-0.004582,-0.001177,0.006601,0.009052,-0.013530,0.010508,0.035837,-0.002914,0.015642,-0.006597,0.009052,-0.013530,0.010508,0.035837,-0.002914,0.015642,-0.006597
1.229000,0.306458,-0.000220,0.486139,0.306826,-0.000190,0.486794,0.306826,-0.000190,0.486794,0.000368,0.000030,0.000655,0.000038,-0.000907,0.000115,-0.000043,0.000170,0.000298,0.000000,0.000000,0.000000,0.000092,-0.000900,0.001626,0.045086,-0.000367,0.059565,0.045086,-0.000367,0.059565,-0.000215,-0.000020,-0.004416,-0.000215,-0.000020,-0.004416,-0.004519,-0.011370,-0.003072,0.033921,-0.000286,0.014740,0.004416,-0.004519,-0.011370,-0.003072,0.033921,-0.000286,0.014740,0.004416
1.230000,0.306457,-0.000220,0.486141,0.306826,-0.000190,0.486794,0.306826,-0.000190,0.486794,0.000369,0.000030,0.000653,0.000040,-0.000901,0.000115,-0.000214,0.000021,0.000568,0.000000,0.000000,0.000000,-0.000380,-0.001806,0.000372,0.048527,0.002589,0.053948,0.048527,0.002589,0.053948,0.001680,0.002717,-0.000655,0.001680,0.002717,-0.000655,0.000148,-0.006385,-0.000797,0.028973,0.002225,0.012234,0.000653,0.000148,-0.006385,-0.000797,0.028973,0.002225,0.012234,0.000653
1.231000,0.306458,-0.000220,0.486138,0.306826,-0.000190,0.486794,0.306826,-0.000190,0.486794,0.000368,0.000030,0.000656,0.000039,-0.000908,0.000113,0.000106,-0.000107,-0.000403,0.000000,0.000000,0.000000,-0.000015,0.000879,0.000675,0.042066,0.005158,0.073683,0.042066,0.005158,0.073683,0.000215,-0.005361,-0.001570,0.000215,-0.005361,-0.001570,0.000020,-0.021501,0.000428,0.045536,0.001303,0.020686,0.001572,0.000020,-0.021501,0.000428,0.045536,0.001303,0.020686,0.001572
1.232000,0.306457,-0.000220,0.486137,0.306826,-0.000190,0.486794,0.306826,-0.000190,0.486794,0.000369,0.000030,0.000657,0.000039,-0.000912,0.000119,-0.000184,-0.000071,-0.000880,0.000000,0.000000,0.000000,-0.000011,0.002266,-0.001517,0.047936,0.004436,0.083323,0.047936,0.004436,0.083323,0.000199,-0.009535,0.005027,0.000199,-0.009535,0.005027,0.006397,-0.027731,0.004865,0.055013,0.001128,0.026943,-0.005025,0.006397,-0.027731,0.004865,0.055013,0.001128,0.026943,-0.005025
1.233000,0.306458,-0.000221,0.486140,0.306826,-0.000190,0.486794,0.306826,-0.000190,0.486794,0.000368,0.000031,0.000654,0.000037,-0.000905,0.000121,0.000102,-0.000045,0.000723,0.000000,0.000000,0.000000,0.000655,-0.001459,-0.000914,0.042157,0.003981,0.050950,0.042157,0.003981,0.050950,-0.002473,0.001664,0.003225,-0.002473,0.001664,0.003225,0.004453,-0.007497,0.005333,0.027796,-0.001640,0.011686,-0.003223,0.004453,-0.007497,0.005333,0.027796,-0.001640,0.011686,-0.003223
1.234000,0.306458,-0.000221,0.486136,0.306826,-0.000190,0.486794,0.306826,-0.000190,0.486794,0.000369,0.000032,0.000658,0.000036,-0.000912,0.000116,0.000000,-0.000424,-0.000762,0.000000,0.000000,0.000000,0.000630,0.001251,0.000408,0.044225,0.011636,0.081042,0.044225,0.011636,0.081042,-0.002374,-0.006490,-0.000759,-0.002374,-0.006490,-0.000759,0.002817,-0.024557,0.004941,0.050415,0.000076,0.022916,0.000763,0.002817,-0.024557,0.004941,0.050415,0.000076,0.022916,0.000763
1.235000,0.306459,-0.000218,0.486140,0.306826,-0.000190,0.486794,0.306826,-0.000190,0.486794,0.000368,0.000028,0.000654,0.000039,-0.000904,0.000114,0.000325,0.000674,0.000870,0.000000,0.000000,0.000000,-0.000627,-0.001864,0.000901,0.037613,-0.010626,0.047999,0.037613,-0.010626,0.047999,0.002667,0.002882,-0.002247,0.002667,0.002882,-0.002247,-0.005493,-0.006072,-0.006913,0.024602,0.000434,0.009249,0.002244,-0.005493,-0.006072,-0.006913,0.024602,0.000434,0.009249,0.002244
1.236000,0.306457,-0.000220,0.486139,0.306826,-0.000190,0.486794,0.306826,-0.000190,0.486794,0.000369,0.000030,0.000655,0.000040,-0.000904,0.000119,-0.000280,0.000005,0.000288,0.000000,0.000000,0.000000,-0.000464,-0.001243,-0.000111,0.049893,0.002874,0.059724,0.049893,0.002874,0.059724,0.002016,0.001017,0.000810,0.002016,0.001017,0.000810,0.001702,-0.009644,0.000093,0.033574,0.002620,0.014729,-0.000812,0.001702,-0.009644,0.000093,0.033574,0.002620,0.014729,-0.000812
1.237000,0.306458,-0.000220,0.486139,0.306826,-0.000190,0.486794,0.306826,-0.000190,0.486794,0.000368,0.000030,0.000655,0.000039,-0.000907,0.000117,0.000020,0.000106,0.000064,0.000000,0.000000,0.000000,-0.000262,0.000059,0.000508,0.043825,0.000884,0.064239,0.043825,0.000884,0.064239,0.001207,-0.002895,-0.001053,0.001207,-0.002895,-0.001053,-0.000773,-0.015870,-0.001297,0.038840,0.001395,0.017761,0.001053,-0.000773,-0.015870,-0.001297,0.038840,0.001395,0.017761,0.001053
1.238000,0.306458,-0.000219,0.486138,0.306826,-0.000190,0.486794,0.306826,-0.000190,0.486794,0.000368,0.000029,0.000656,0.000041,-0.000909,0.000115,0.000049,0.000380,-0.000149,0.000000,0.000000,0.000000,-0.000773,0.000833,0.000305,0.043233,-0.004719,0.068553,0.043233,-0.004719,0.068553,0.003257,-0.005226,-0.000455,0.003257,-0.005226,-0.000455,-0.001891,-0.019614,-0.004146,0.043130,0.002266,0.020346,0.000453,-0.001891,-0.019614,-0.004146,0.043130,0.002266,0.020346,0.000453
1.239000,0.306457,-0.000220,0.486137,0.306826,-0.000190,0.486794,0.306826,-0.000190,0.486794,0.000369,0.000030,0.000657,0.000038,-0.000909,0.000113,-0.000061,-0.000236,-0.000604,0.000000,0.000000,0.000000,0.000478,0.001432,0.000827,0.045496,0.007734,0.077746,0.045496,0.007734,0.077746,-0.001761,-0.007024,-0.002030,-0.001761,-0.007024,-0.002030,0.000350,-0.023885,0.002340,0.049558,-0.000130,0.023428,0.002033,0.000350,-0.023885,0.002340,0.049558,-0.000130,0.023428,0.002033
1.240000,0.306458,-0.000219,0.486137,0.306826,-0.000190,0.486794,0.306826,-0.000190,0.486794,0.000368,0.000029,0.000656,0.000041,-0.000908,0.000115,0.000081,0.000058,-0.000119,0.000000,0.000000,0.000000,-0.000721,0.000160,-0.000227,0.042587,0.001770,0.068004,0.042587,0.001770,0.068004,0.003050,-0.003206,0.001141,0.003050,-0.003206,0.001141,0.001693,-0.017525,-0.000765,0.040768,0.003422,0.018142,-0.001142,0.001693,-0.017525,-0.000765,0.040768,0.003422,0.018142,-0.001142
1.241000,0.306458,-0.000220,0.486140,0.306826,-0.000190,0.486794,0.306826,-0.000190,0.486794,0.000368,0.000030,0.000654,0.000039,-0.000904,0.000119,0.000230,-0.000431,0.000732,0.000000,0.000000,0.000000,0.000814,-0.001419,-0.001052,0.039531,0.011628,0.050760,0.039531,0.011628,0.050760,-0.003100,0.001545,0.003634,-0.003100,0.001545,0.003634,0.007205,-0.007961,0.008549,0.027487,-0.000659,0.011235,-0.003632,0.007205,-0.007961,0.008549,0.027487,-0.000659,0.011235,-0.003632
1.242000,0.306458,-0.000219,0.486137,0.306826,-0.000190,0.486794,0.306826,-0.000190,0.486794,0.000368,0.000030,0.000657,0.000039,-0.000910,0.000114,-0.000073,0.000004,-0.000344,0.000000,0.000000,0.000000,0.000306,0.000817,0.000650,0.045669,0.002881,0.072536,0.045669,0.002881,0.072536,-0.001070,-0.005181,-0.001494,-0.001070,-0.005181,-0.001494,-0.000601,-0.020417,0.000654,0.045278,-0.000461,0.021164,0.001496,-0.000601,-0.020417,0.000654,0.045278,-0.000461,0.021164,0.001496
1.243000,0.306458,-0.000218,0.486139,0.306826,-0.000190,0.486794,0.306826,-0.000190,0.486794,0.000368,0.000028,0.000655,0.000043,-0.000906,0.000116,-0.000062,0.000666,0.000204,0.000000,0.000000,0.000000,-0.001268,-0.000569,0.000597,0.045456,-0.010536,0.061440,0.045456,-0.010536,0.061440,0.005243,-0.001013,-0.001325,0.005243,-0.001013,-0.001325,-0.004544,-0.012881,-0.008056,0.035844,0.003029,0.015975,0.001321,-0.004544,-0.012881,-0.008056,0.035844,0.003029,0.015975,0.001321
1.244000,0.306458,-0.000221,0.486139,0.306826,-0.000190,0.486794,0.306826,-0.000190,0.486794,0.000368,0.000031,0.000654,0.000039,-0.000904,0.000119,0.000092,-0.000300,0.000463,0.000000,0.000000,0.000000,0.000404,-0.001266,0.000325,0.042336,0.009066,0.056158,0.042336,0.009066,0.056158,-0.001461,0.001086,-0.000497,-0.001461,0.001086,-0.000497,0.002290,-0.009643,0.003642,0.030854,0.000447,0.012757,0.000498,0.002290,-0.009643,0.003642,0.030854,0.000447,0.012757,0.000498
1.245000,0.306458,-0.000221,0.486137,0.306826,-0.000190,0.486794,0.306826,-0.000190,0.486794,0.000368,0.000031,0.000656,0.000037,-0.000910,0.000119,0.000098,-0.000197,-0.000360,0.000000,0.000000,0.000000,0.000933,0.001156,-0.000431,0.042190,0.007042,0.072824,0.042190,0.007042,0.072824,-0.003584,-0.006198,0.001771,-0.003584,-0.006198,0.001771,0.003939,-0.022056,0.006090,0.045984,-0.002103,0.021476,-0.001767,0.003939,-0.022056,0.006090,0.045984,-0.002103,0.021476,-0.001767
1.246000,0.306458,-0.000220,0.486136,0.306826,-0.000190,0.486794,0.306826,-0.000190,0.486794,0.000368,0.000030,0.000657,0.000040,-0.000911,0.000115,-0.000113,0.000218,-0.000574,0.000000,0.000000,0.000000,-0.000435,0.001091,0.001040,0.046472,-0.001355,0.077204,0.046472,-0.001355,0.077204,0.001901,-0.006005,-0.002660,0.001901,-0.006005,-0.002660,-0.003066,-0.022548,-0.003650,0.048408,0.001621,0.022565,0.002660,-0.003066,-0.022548,-0.003650,0.048408,0.001621,0.022565,0.002660
1.247000,0.306458,-0.000221,0.486139,0.306826,-0.000190,0.486794,0.306826,-0.000190,0.486794,0.000368,0.000031,0.000655,0.000038,-0.000907,0.000120,-0.000068,-0.000297,0.000293,0.000000,0.000000,0.000000,0.000325,-0.000707,-0.001854,0.045567,0.009005,0.059671,0.045567,0.009005,0.059671,-0.001147,-0.000600,0.006042,-0.001147,-0.000600,0.006042,0.008812,-0.011909,0.008018,0.034611,0.000740,0.015433,-0.006041,0.008812,-0.011909,0.008018,0.034611,0.000740,0.015433,-0.006041
1.248000,0.306457,-0.000220,0.486136,0.306826,-0.000190,0.486794,0.306826,-0.000190,0.486794,0.000369,0.000030,0.000658,0.000037,-0.000913,0.000121,-0.000136,0.000023,-0.000787,0.000000,0.000000,0.000000,0.000454,0.001611,-0.001188,0.046972,0.002590,0.081555,0.046972,0.002590,0.081555,-0.001667,-0.007573,0.004048,-0.001667,-0.007573,0.004048,0.004853,-0.025375,0.004897,0.052094,-0.001125,0.024624,-0.004045,0.004853,-0.025375,0.004897,0.052094,-0.001125,0.024624,-0.004045
1.249000,0.306457,-0.000221,0.486137,0.306826,-0.000190,0.486794,0.306826,-0.000190,0.486794,0.000369,0.000032,0.000657,0.000037,-0.000909,0.000120,-0.000057,-0.000283,-0.000239,0.000000,0.000000,0.000000,0.000508,0.000663,0.000807,0.045426,0.008817,0.070445,0.045426,0.008817,0.070445,-0.001886,-0.004716,-0.001941,-0.001886,-0.004716,-0.001941,0.000772,-0.019350,0.002844,0.043796,-0.000027,0.020464,0.001943,0.000772,-0.019350,0.002844,0.043796,-0.000027,0.020464,0.001943
1.250000,0.306458,-0.000219,0.486139,0.306826,-0.000190,0.486794,0.306826,-0.000190,0.486794,0.000369,0.000029,0.000655,0.000037,-0.000906,0.000116,0.000020,0.000413,0.000537,0.000000,0.000000,0.000000,0.000114,-0.001229,0.000380,0.043833,-0.005355,0.054762,0.043833,-0.005355,0.054762,-0.000307,0.000970,-0.000676,-0.000307,0.000970,-0.000676,-0.002308,-0.009101,-0.001986,0.030505,-0.001433,0.013066,0.000676,-0.002308,-0.009101,-0.001986,0.030505,-0.001433,0.013066,0.000676
1.251000,0.306458,-0.000222,0.486138,0.306826,-0.000190,0.486794,0.306826,-0.000190,0.486794,0.000368,0.000032,0.000656,0.000037,-0.000909,0.000118,0.000112,-0.000526,-0.000246,0.000000,0.000000,0.000000,0.000301,0.000851,-0.000239,0.041920,0.013712,0.070523,0.041920,0.013712,0.070523,-0.001055,-0.005282,0.001190,-0.001055,-0.005282,0.001190,0.005401,-0.020477,0.006054,0.043947,0.001829,0.020299,-0.001188,0.005401,-0.020477,0.006054,0.043947,0.001829,0.020299,-0.001188
1.252000,0.306457,-0.000220,0.486139,0.306826,-0.000190,0.486794,0.306826,-0.000190,0.486794,0.000369,0.000030,0.000654,0.000038,-0.000904,0.000114,-0.000124,0.000230,0.000639,0.000000,0.000000,0.000000,-0.000260,-0.001752,0.001269,0.046717,-0.001568,0.052647,0.046717,-0.001568,0.052647,0.001194,0.002546,-0.003348,0.001194,0.002546,-0.003348,-0.003818,-0.006435,-0.003705,0.028299,0.000868,0.011910,0.003346,-0.003818,-0.006435,-0.003705,0.028299,0.000868,0.011910,0.003346
1.253000,0.306458,-0.000220,0.486137,0.306826,-0.000190,0.486794,0.306826,-0.000190,0.486794,0.000369,0.000030,0.000656,0.000038,-0.000910,0.000118,0.000066,0.000153,-0.000398,0.000000,0.000000,0.000000,-0.000174,0.001389,-0.001121,0.042912,-0.000093,0.073594,0.042912,-0.000093,0.073594,0.000850,-0.006896,0.003836,0.000850,-0.006896,0.003836,0.003817,-0.022878,0.002091,0.047137,0.000828,0.022392,-0.003835,0.003817,-0.022878,0.002091,0.047137,0.000828,0.022392,-0.003835
1.254000,0.306457,-0.000221,0.486138,0.306826,-0.000190,0.486794,0.306826,-0.000190,0.486794,0.000369,0.000031,0.000656,0.000040,-0.000907,0.000115,-0.000077,-0.000310,0.000097,0.000000,0.000000,0.000000,-0.000318,-0.000424,0.000488,0.045790,0.009280,0.063640,0.045790,0.009280,0.063640,0.001434,-0.001449,-0.001006,0.001434,-0.001449,-0.001006,0.001848,-0.013939,0.001304,0.037362,0.003388,0.016675,0.001005,0.001848,-0.013939,0.001304,0.037362,0.003388,0.016675,0.001005
1.255000,0.306458,-0.000219,0.486140,0.306826,-0.000190,0.486794,0.306826,-0.000190,0.486794,0.000369,0.000029,0.000654,0.000042,-0.000905,0.000118,0.000082,0.000475,0.000419,0.000000,0.000000,0.000000,-0.001240,-0.000424,0.000114,0.042589,-0.006625,0.057049,0.042589,-0.006625,0.057049,0.005129,-0.001443,0.000128,0.005129,-0.001443,0.000128,-0.001892,-0.012405,-0.005678,0.033834,0.003736,0.015416,-0.000132,-0.001892,-0.012405,-0.005678,0.033834,0.003736,0.015416,-0.000132
1.256000,0.306458,-0.000221,0.486140,0.306826,-0.000190,0.486794,0.306826,-0.000190,0.486794,0.000368,0.000031,0.000653,0.000039,-0.000901,0.000123,0.000043,-0.000166,0.000209,0.000000,0.000000,0.000000,0.000199,-0.000936,-0.001776,0.043361,0.006396,0.061159,0.043361,0.006396,0.061159,-0.000639,0.000107,0.005820,-0.000639,0.000107,0.005820,0.007789,-0.011996,0.006654,0.034324,0.000699,0.014393,-0.005819,0.007789,-0.011996,0.006654,0.034324,0.000699,0.014393,-0.005819
1.257000,0.306457,-0.000220,0.486138,0.306826,-0.000190,0.486794,0.306826,-0.000190,0.486794,0.000369,0.000030,0.000656,0.000039,-0.000908,0.000116,-0.000164,0.000284,-0.000407,0.000000,0.000000,0.000000,-0.000057,0.000727,0.001021,0.047557,-0.002696,0.073766,0.047557,-0.002696,0.073766,0.000385,-0.004906,-0.002596,0.000385,-0.004906,-0.002596,-0.003412,-0.020229,-0.002967,0.045826,-0.000178,0.021394,0.002597,-0.003412,-0.020229,-0.002967,0.045826,-0.000178,0.021394,0.002597
1.258000,0.306456,-0.000219,0.486140,0.306826,-0.000190,0.486794,0.306826,-0.000190,0.486794,0.000370,0.000029,0.000654,0.000039,-0.000903,0.000115,-0.000273,0.000189,0.000340,0.000000,0.000000,0.000000,-0.000039,-0.001041,0.000409,0.049820,-0.000862,0.058611,0.049820,-0.000862,0.058611,0.000312,0.000416,-0.000767,0.000312,0.000416,-0.000767,-0.001021,-0.009916,-0.001028,0.033642,0.000132,0.015217,0.000767,-0.001021,-0.009916,-0.001028,0.033642,0.000132,0.015217,0.000767
1.259000,0.306458,-0.000220,0.486138,0.306826,-0.000190,0.486794,0.306826,-0.000190,0.486794,0.000368,0.000030,0.000656,0.000039,-0.000909,0.000114,0.000295,-0.000098,-0.000201,0.000000,0.000000,0.000000,0.000166,0.000832,0.000388,0.038271,0.004923,0.069612,0.038271,0.004923,0.069612,-0.000508,-0.005222,-0.000709,-0.000508,-0.005222,-0.000709,0.000808,-0.020694,0.001471,0.042988,0.000530,0.019391,0.000711,0.000808,-0.020694,0.001471,0.042988,0.000530,0.019391,0.000711
1.260000,0.306458,-0.000220,0.486137,0.306826,-0.000190,0.486794,0.306826,-0.000190,0.486794,0.000368,0.000031,0.000657,0.000038,-0.000907,0.000124,-0.000167,-0.000392,-0.000339,0.000000,0.000000,0.000000,0.000313,0.000791,-0.002168,0.047554,0.010898,0.072429,0.047554,0.010898,0.072429,-0.001100,-0.005096,0.007002,-0.001100,-0.005096,0.007002,0.010353,-0.020012,0.009279,0.045384,0.001186,0.021468,-0.007000,0.010353,-0.020012,0.009279,0.045384,0.001186,0.021468,-0.007000
1.261000,0.306458,-0.000221,0.486138,0.306826,-0.000190,0.486794,0.306826,-0.000190,0.486794,0.000368,0.000031,0.000656,0.000039,-0.000907,0.000118,0.000010,-0.000105,0.000058,0.000000,0.000000,0.000000,0.000006,-0.000266,0.000662,0.044014,0.005178,0.064437,0.044014,0.005178,0.064437,0.000130,-0.001923,-0.001516,0.000130,-0.001923,-0.001516,0.000081,-0.014930,0.000533,0.037985,0.001222,0.016846,0.001516,0.000081,-0.014930,0.000533,0.037985,0.001222,0.016846,0.001516
1.262000,0.306458,-0.000221,0.486137,0.306826,-0.000190,0.486794,0.306826,-0.000190,0.486794,0.000368,0.000031,0.000657,0.000035,-0.000910,0.000123,0.000227,-0.000345,-0.000282,0.000000,0.000000,0.000000,0.001108,0.000698,-0.001888,0.039614,0.010008,0.071337,0.039614,0.010008,0.071337,-0.004288,-0.004826,0.006155,-0.004288,-0.004826,0.006155,0.009231,-0.020624,0.010646,0.043579,-0.002190,0.019432,-0.006151,0.009231,-0.020624,0.010646,0.043579,-0.002190,0.019432,-0.006151
1.263000,0.306458,-0.000219,0.486138,0.306826,-0.000190,0.486794,0.306826,-0.000190,0.486794,0.000368,0.000029,0.000656,0.000039,-0.000909,0.000113,-0.000090,0.000439,-0.000083,0.000000,0.000000,0.000000,-0.000556,0.000655,0.001546,0.046025,-0.005884,0.067225,0.046025,-0.005884,0.067225,0.002381,-0.004693,-0.004184,0.002381,-0.004693,-0.004184,-0.005977,-0.018247,-0.006537,0.042330,0.001150,0.020283,0.004183,-0.005977,-0.018247,-0.006537,0.042330,0.001150,0.020283,0.004183
1.264000,0.306457,-0.000219,0.486140,0.306826,-0.000190,0.486794,0.306826,-0.000190,0.486794,0.000369,0.000030,0.000654,0.000038,-0.000902,0.000112,-0.000116,0.000283,0.000601,0.000000,0.000000,0.000000,0.000024,-0.001598,0.002178,0.046626,-0.002687,0.053352,0.046626,-0.002687,0.053352,0.000058,0.002085,-0.006085,0.000058,0.002085,-0.006085,-0.006899,-0.007125,-0.005199,0.029082,-0.000501,0.012413,0.006084,-0.006899,-0.007125,-0.005199,0.029082,-0.000501,0.012413,0.006084
1.265000,0.306457,-0.000220,0.486139,0.306826,-0.000190,0.486794,0.306826,-0.000190,0.486794,0.000369,0.000030,0.000655,0.000039,-0.000907,0.000120,-0.000035,-0.000236,0.000178,0.000000,0.000000,0.000000,0.000271,-0.000145,-0.001056,0.044974,0.007699,0.061950,0.044974,0.007699,0.061950,-0.000930,-0.002288,0.003646,-0.000930,-0.002288,0.003646,0.006015,-0.014386,0.005748,0.037299,0.000686,0.017196,-0.003644,0.006015,-0.014386,0.005748,0.037299,0.000686,0.017196,-0.003644
1.266000,0.306457,-0.000221,0.486138,0.306826,-0.000190,0.486794,0.306826,-0.000190,0.486794,0.000369,0.000031,0.000656,0.000040,-0.000907,0.000117,0.000097,-0.000167,-0.000270,0.000000,0.000000,0.000000,-0.000515,0.000509,0.000419,0.042311,0.006415,0.070982,0.042311,0.006415,0.070982,0.002221,-0.004250,-0.000791,0.002221,-0.004250,-0.000791,0.001184,-0.019523,-0.000034,0.043181,0.003572,0.019388,0.000790,0.001184,-0.019523,-0.000034,0.043181,0.003572,0.019388,0.000790
1.267000,0.306458,-0.000221,0.486137,0.306826,-0.000190,0.486794,0.306826,-0.000190,0.486794,0.000368,0.000031,0.000657,0.000039,-0.000908,0.000118,-0.000007,-0.000069,-0.000443,0.000000,0.000000,0.000000,0.000951,0.000896,-0.000680,0.044305,0.004479,0.074541,0.044305,0.004479,0.074541,-0.003647,-0.005409,0.002511,-0.003647,-0.005409,0.002511,0.003894,-0.021469,0.005826,0.046278,-0.002706,0.021283,-0.002506,0.003894,-0.021469,0.005826,0.046278,-0.002706,0.021283,-0.002506
1.268000,0.306457,-0.000220,0.486137,0.306826,-0.000190,0.486794,0.306826,-0.000190,0.486794,0.000369,0.000030,0.000657,0.000039,-0.000909,0.000115,-0.000090,0.000175,-0.000125,0.000000,0.000000,0.000000,-0.000220,0.000041,0.000350,0.046039,-0.000529,0.068156,0.046039,-0.000529,0.068156,0.001038,-0.002847,-0.000593,0.001038,-0.002847,-0.000593,-0.000745,-0.016684,-0.001311,0.040925,0.000928,0.018523,0.000593,-0.000745,-0.016684,-0.001311,0.040925,0.000928,0.018523,0.000593
1.269000,0.306458,-0.000220,0.486140,0.306826,-0.000190,0.486794,0.306826,-0.000190,0.486794,0.000368,0.000030,0.000654,0.000040,-0.000903,0.000114,0.000217,0.000084,0.000770,0.000000,0.000000,0.000000,-0.000744,-0.001973,0.001053,0.039829,0.001350,0.050020,0.039829,0.001350,0.050020,0.003139,0.003209,-0.002704,0.003139,0.003209,-0.002704,-0.002280,-0.006021,-0.003679,0.025511,0.003426,0.009565,0.002701,-0.002280,-0.006021,-0.003679,0.025511,0.003426,0.009565,0.002701
1.270000,0.306458,-0.000220,0.486137,0.306826,-0.000190,0.486794,0.306826,-0.000190,0.486794,0.000368,0.000030,0.000657,0.000039,-0.000913,0.000119,0.000003,0.000046,-0.000463,0.000000,0.000000,0.000000,-0.000102,0.001750,-0.000626,0.044157,0.002131,0.074975,0.044157,0.002131,0.074975,0.000564,-0.007989,0.002353,0.000564,-0.007989,0.002353,0.003016,-0.024204,0.001969,0.049042,0.001012,0.023868,-0.002351,0.003016,-0.024204,0.001969,0.049042,0.001012,0.023868,-0.002351
1.271000,0.306457,-0.000221,0.486140,0.306826,-0.000190,0.486794,0.306826,-0.000190,0.486794,0.000369,0.000031,0.000654,0.000040,-0.000903,0.000118,-0.000140,-0.000401,0.000518,0.000000,0.000000,0.000000,0.000154,-0.001424,-0.000449,0.047102,0.011135,0.055039,0.047102,0.011135,0.055039,-0.000459,0.001564,0.001818,-0.000459,0.001564,0.001818,0.005241,-0.008092,0.005241,0.030458,0.001881,0.013184,-0.001818,0.005241,-0.008092,0.005241,0.030458,0.001881,0.013184,-0.001818
1.272000,0.306457,-0.000221,0.486140,0.306826,-0.000190,0.486794,0.306826,-0.000190,0.486794,0.000369,0.000031,0.000654,0.000041,-0.000903,0.000116,-0.000015,-0.000099,-0.000095,0.000000,0.000000,0.000000,-0.000560,0.000020,0.000668,0.044564,0.005094,0.067327,0.044564,0.005094,0.067327,0.002402,-0.002769,-0.001542,0.002402,-0.002769,-0.001542,0.000029,-0.016577,-0.001120,0.040265,0.003476,0.018061,0.001541,0.000029,-0.016577,-0.001120,0.040265,0.003476,0.018061,0.001541
1.273000,0.306458,-0.000220,0.486139,0.306826,-0.000190,0.486794,0.306826,-0.000190,0.486794,0.000368,0.000030,0.000655,0.000040,-0.000908,0.000121,0.000208,0.000008,0.000120,0.000000,0.000000,0.000000,-0.000328,0.000428,-0.001778,0.040003,0.002874,0.063090,0.040003,0.002874,0.063090,0.001473,-0.004009,0.005818,0.001473,-0.004009,0.005818,0.006708,-0.017216,0.004011,0.038918,0.002072,0.017971,-0.005818,0.006708,-0.017216,0.004011,0.038918,0.002072,0.017971,-0.005818
1.274000,0.306457,-0.000221,0.486139,0.306826,-0.000190,0.486794,0.306826,-0.000190,0.486794,0.000369,0.000031,0.000654,0.000040,-0.000904,0.000115,-0.000008,-0.000268,0.000159,0.000000,0.000000,0.000000,-0.000264,-0.000686,0.000626,0.044421,0.008466,0.062255,0.044421,0.008466,0.062255,0.001216,-0.000653,-0.001420,0.001216,-0.000653,-0.001420,0.001185,-0.012929,0.000901,0.035736,0.002999,0.015469,0.001419,0.001185,-0.012929,0.000901,0.035736,0.002999,0.015469,0.001419
1.275000,0.306458,-0.000220,0.486138,0.306826,-0.000190,0.486794,0.306826,-0.000190,0.486794,0.000368,0.000030,0.000656,0.000042,-0.000909,0.000118,0.000044,0.000244,-0.000519,0.000000,0.000000,0.000000,-0.000368,0.001450,-0.000507,0.043303,-0.001912,0.075960,0.043303,-0.001912,0.075960,0.001639,-0.007077,0.001991,0.001639,-0.007077,0.001991,0.001415,-0.023725,-0.000361,0.048485,0.001236,0.022863,-0.001991,0.001415,-0.023725,-0.000361,0.048485,0.001236,0.022863,-0.001991
1.276000,0.306457,-0.000222,0.486139,0.306826,-0.000190,0.486794,0.306826,-0.000190,0.486794,0.000369,0.000033,0.000655,0.000041,-0.000905,0.000124,-0.000191,-0.000378,0.000215,0.000000,0.000000,0.000000,0.000847,-0.001034,-0.000856,0.048095,0.010830,0.061196,0.048095,0.010830,0.061196,-0.003222,0.000387,0.003065,-0.003222,0.000387,0.003065,0.006396,-0.011004,0.007981,0.034669,-0.000947,0.015112,-0.003063,0.006396,-0.011004,0.007981,0.034669,-0.000947,0.015112,-0.003063
1.277000,0.306457,-0.000220,0.486139,0.306826,-0.000190,0.486794,0.306826,-0.000190,0.486794,0.000369,0.000031,0.000655,0.000038,-0.000905,0.000117,-0.000006,0.000160,0.000186,0.000000,0.000000,0.000000,0.000768,-0.000359,0.000635,0.044394,-0.000152,0.061725,0.044394,-0.000152,0.061725,-0.002920,-0.001636,-0.001438,-0.002920,-0.001636,-0.001438,-0.001475,-0.013754,0.001016,0.036469,-0.002949,0.016402,0.001441,-0.001475,-0.013754,0.001016,0.036469,-0.002949,0.016402,0.001441
1.278000,0.306458,-0.000220,0.486139,0.306826,-0.000190,0.486794,0.306826,-0.000190,0.486794,0.000369,0.000030,0.000655,0.000042,-0.000906,0.000122,0.000046,0.000466,0.000145,0.000000,0.000000,0.000000,-0.000941,-0.000477,0.000129,0.043308,-0.006341,0.062593,0.043308,-0.006341,0.062593,0.003929,-0.001287,0.000101,0.003929,-0.001287,0.000101,-0.001833,-0.013836,-0.004757,0.036387,0.002596,0.015898,-0.000104,-0.001833,-0.013836,-0.004757,0.036387,0.002596,0.015898,-0.000104
1.279000,0.306457,-0.000219,0.486137,0.306826,-0.000190,0.486794,0.306826,-0.000190,0.486794,0.000369,0.000030,0.000657,0.000039,-0.000911,0.000113,-0.000063,0.000223,-0.000381,0.000000,0.000000,0.000000,0.000210,0.001305,0.001659,0.045507,-0.001499,0.073286,0.045507,-0.001499,0.073286,-0.000685,-0.006647,-0.004524,-0.000685,-0.006647,-0.004524,-0.004973,-0.022138,-0.003183,0.047079,-0.000992,0.022661,0.004526,-0.004973,-0.022138,-0.003183,0.047079,-0.000992,0.022661,0.004526
1.280000,0.306458,-0.000221,0.486137,0.306826,-0.000190,0.486794,0.306826,-0.000190,0.486794,0.000368,0.000031,0.000657,0.000040,-0.000910,0.000115,0.000065,-0.000123,-0.000210,0.000000,0.000000,0.000000,0.000756,0.000361,0.000065,0.042910,0.005541,0.069845,0.042910,0.005541,0.069845,-0.002864,-0.003812,0.000264,-0.002864,-0.003812,0.000264,0.001972,-0.018646,0.004029,0.042284,-0.001698,0.018979,-0.000261,0.001972,-0.018646,0.004029,0.042284,-0.001698,0.018979,-0.000261
1.281000,0.306457,-0.000220,0.486139,0.306826,-0.000190,0.486794,0.306826,-0.000190,0.486794,0.000369,0.000030,0.000655,0.000039,-0.000905,0.000116,-0.000070,-0.000252,0.000493,0.000000,0.000000,0.000000,0.000503,-0.001523,-0.000988,0.045651,0.008067,0.055609,0.045651,0.008067,0.055609,-0.001855,0.001855,0.003429,-0.001855,0.001855,0.003429,0.005911,-0.008198,0.006369,0.030251,-0.000162,0.012639,-0.003428,0.005911,-0.008198,0.006369,0.030251,-0.000162,0.012639,-0.003428
1.282000,0.306458,-0.000218,0.486137,0.306826,-0.000190,0.486794,0.306826,-0.000190,0.486794,0.000368,0.000028,0.000657,0.000041,-0.000910,0.000110,0.000067,0.000522,-0.000304,0.000000,0.000000,0.000000,-0.000722,0.000748,0.001544,0.042870,-0.007602,0.071732,0.042870,-0.007602,0.071732,0.003049,-0.004975,-0.004192,0.003049,-0.004975,-0.004192,-0.006512,-0.020393,-0.007574,0.044333,0.001457,0.020296,0.004191,-0.006512,-0.020393,-0.007574,0.044333,0.001457,0.020296,0.004191
1.283000,0.306458,-0.000221,0.486137,0.306826,-0.000190,0.486794,0.306826,-0.000190,0.486794,0.000368,0.000031,0.000657,0.000038,-0.000910,0.000122,0.000044,-0.000330,-0.000203,0.000000,0.000000,0.000000,0.000116,0.000498,-0.002110,0.043327,0.009726,0.069707,0.043327,0.009726,0.069707,-0.000310,-0.004225,0.006820,-0.000310,-0.004225,0.006820,0.009810,-0.018953,0.008208,0.042685,0.001729,0.019468,-0.006818,0.009810,-0.018953,0.008208,0.042685,0.001729,0.019468,-0.006818
1.284000,0.306458,-0.000221,0.486138,0.306826,-0.000190,0.486794,0.306826,-0.000190,0.486794,0.000368,0.000031,0.000656,0.000042,-0.000907,0.000120,0.000151,-0.000431,0.000148,0.000000,0.000000,0.000000,0.000538,-0.000462,-0.000408,0.041151,0.011766,0.062600,0.041151,0.011766,0.062600,-0.001986,-0.001338,0.001701,-0.001986,-0.001338,0.001701,0.005316,-0.014222,0.006442,0.036165,0.000488,0.015498,-0.001699,0.005316,-0.014222,0.006442,0.036165,0.000488,0.015498,-0.001699
1.285000,0.306458,-0.000221,0.486138,0.306826,-0.000190,0.486794,0.306826,-0.000190,0.486794,0.000368,0.000031,0.000656,0.000040,-0.000908,0.000121,0.000136,-0.000119,-0.000092,0.000000,0.000000,0.000000,-0.000306,0.000486,-0.001271,0.041475,0.005464,0.067411,0.041475,0.005464,0.067411,0.001384,-0.004182,0.004296,0.001384,-0.004182,0.004296,0.005980,-0.018489,0.003842,0.041320,0.002529,0.018833,-0.004296,0.005980,-0.018489,0.003842,0.041320,0.002529,0.018833,-0.004296
1.286000,0.306457,-0.000221,0.486139,0.306826,-0.000190,0.486794,0.306826,-0.000190,0.486794,0.000369,0.000031,0.000655,0.000039,-0.000904,0.000119,-0.000272,0.000120,-0.000026,0.000000,0.000000,0.000000,-0.000203,-0.000563,0.000277,0.049713,0.000684,0.066017,0.049713,0.000684,0.066017,0.000971,-0.001025,-0.000355,0.000971,-0.001025,-0.000355,-0.000135,-0.013642,-0.000701,0.038564,0.001116,0.017286,0.000355,-0.000135,-0.013642,-0.000701,0.038564,0.001116,0.017286,0.000355
1.287000,0.306458,-0.000221,0.486140,0.306826,-0.000190,0.486794,0.306826,-0.000190,0.486794,0.000368,0.000031,0.000654,0.000037,-0.000904,0.000120,0.000130,-0.000089,0.000403,0.000000,0.000000,0.000000,0.000527,-0.000457,-0.000512,0.041613,0.004857,0.057319,0.041613,0.004857,0.057319,-0.001962,-0.001339,0.002014,-0.001962,-0.001339,0.002014,0.003511,-0.012534,0.004401,0.033734,-0.000942,0.015133,-0.002012,0.003511,-0.012534,0.004401,0.033734,-0.000942,0.015133,-0.002012
1.288000,0.306458,-0.000221,0.486138,0.306826,-0.000190,0.486794,0.306826,-0.000190,0.486794,0.000368,0.000031,0.000655,0.000040,-0.000904,0.000120,-0.000104,0.000059,-0.000109,0.000000,0.000000,0.000000,-0.000549,0.000108,0.000118,0.046248,0.001912,0.067719,0.046248,0.001912,0.067719,0.002354,-0.003035,0.000125,0.002354,-0.003035,0.000125,0.000721,-0.016705,-0.000943,0.040932,0.002757,0.018716,-0.000126,0.000721,-0.016705,-0.000943,0.040932,0.002757,0.018716,-0.000126
1.289000,0.306458,-0.000220,0.486139,0.306826,-0.000190,0.486794,0.306826,-0.000190,0.486794,0.000369,0.000030,0.000654,0.000038,-0.000903,0.000116,0.000002,-0.000079,0.000190,0.000000,0.000000,0.000000,0.000536,-0.000485,0.001349,0.044187,0.004592,0.061637,0.044187,0.004592,0.061637,-0.001990,-0.001254,-0.003582,-0.001990,-0.001254,-0.003582,-0.002165,-0.013378,0.000385,0.036018,-0.001019,0.015968,0.003584,-0.002165,-0.013378,0.000385,0.036018,-0.001019,0.015968,0.003584
1.290000,0.306458,-0.000218,0.486138,0.306826,-0.000190,0.486794,0.306826,-0.000190,0.486794,0.000369,0.000029,0.000656,0.000042,-0.000909,0.000114,0.000051,0.000598,-0.000498,0.000000,0.000000,0.000000,-0.001333,0.001585,0.000972,0.043223,-0.009113,0.075578,0.043223,-0.009113,0.075578,0.005500,-0.007481,-0.002460,0.005500,-0.007481,-0.002460,-0.005243,-0.024024,-0.008577,0.048698,0.003588,0.023213,0.002458,-0.005243,-0.024024,-0.008577,0.048698,0.003588,0.023213,0.002458
1.291000,0.306457,-0.000219,0.486137,0.306826,-0.000190,0.486794,0.306826,-0.000190,0.486794,0.000369,0.000029,0.000657,0.000043,-0.000910,0.000114,-0.000265,0.000240,-0.000277,0.000000,0.000000,0.000000,-0.001348,0.000771,0.000409,0.049627,-0.001896,0.071209,0.049627,-0.001896,0.071209,0.005566,-0.005044,-0.000770,0.005566,-0.005044,-0.000770,-0.001341,-0.019264,-0.005086,0.045020,0.005169,0.021741,0.000767,-0.001341,-0.019264,-0.005086,0.045020,0.005169,0.021741,0.000767
1.292000,0.306458,-0.000221,0.486139,0.306826,-0.000190,0.486794,0.306826,-0.000190,0.486794,0.000369,0.000031,0.000655,0.000038,-0.000906,0.000116,0.000158,-0.000320,0.000215,0.000000,0.000000,0.000000,0.000791,-0.000551,0.000485,0.041066,0.009523,0.061209,0.041066,0.009523,0.061209,-0.003012,-0.001063,-0.000992,-0.003012,-0.001063,-0.000992,0.001935,-0.013534,0.004538,0.035224,-0.001007,0.015083,0.000995,0.001935,-0.013534,0.004538,0.035224,-0.001007,0.015083,0.000995
1.293000,0.306457,-0.000221,0.486138,0.306826,-0.000190,0.486794,0.306826,-0.000190,0.486794,0.000369,0.000031,0.000656,0.000040,-0.000907,0.000123,0.000034,0.000021,-0.000120,0.000000,0.000000,0.000000,-0.000118,0.000189,-0.000673,0.043582,0.002656,0.067959,0.043582,0.002656,0.067959,0.000634,-0.003287,0.002510,0.000634,-0.003287,0.002510,0.003334,-0.017439,0.002202,0.040956,0.001190,0.018429,-0.002510,0.003334,-0.017439,0.002202,0.040956,0.001190,0.018429,-0.002510
1.294000,0.306457,-0.000220,0.486139,0.306826,-0.000190,0.486794,0.306826,-0.000190,0.486794,0.000369,0.000030,0.000655,0.000039,-0.000906,0.000117,-0.000112,0.000160,0.000070,0.000000,0.000000,0.000000,0.000172,-0.000193,0.001116,0.046565,-0.000222,0.064115,0.046565,-0.000222,0.064115,-0.000532,-0.002138,-0.002880,-0.000532,-0.002138,-0.002880,-0.002938,-0.014655,-0.001714,0.038377,-0.000575,0.017569,0.002881,-0.002938,-0.014655,-0.001714,0.038377,-0.000575,0.017569,0.002881
1.295000,0.306457,-0.000219,0.486138,0.306826,-0.000190,0.486794,0.306826,-0.000190,0.486794,0.000369,0.000029,0.000656,0.000038,-0.000908,0.000119,-0.000047,0.000018,-0.000148,0.000000,0.000000,0.000000,0.000949,0.000698,-0.001616,0.045245,0.002544,0.068529,0.045245,0.002544,0.068529,-0.003641,-0.004820,0.005326,-0.003641,-0.004820,0.005326,0.006116,-0.018894,0.007180,0.042973,-0.003111,0.020365,-0.005322,0.006116,-0.018894,0.007180,0.042973,-0.003111,0.020365,-0.005322
1.296000,0.306457,-0.000220,0.486139,0.306826,-0.000190,0.486794,0.306826,-0.000190,0.486794,0.000369,0.000031,0.000655,0.000038,-0.000905,0.000120,0.000147,-0.000334,0.000209,0.000000,0.000000,0.000000,0.000448,-0.000600,-0.001298,0.041301,0.009743,0.061302,0.041301,0.009743,0.061302,-0.001640,-0.000916,0.004373,-0.001640,-0.000916,0.004373,0.007368,-0.013379,0.007427,0.035150,0.000404,0.014995,-0.004372,0.007368,-0.013379,0.007427,0.035150,0.000404,0.014995,-0.004372
1.297000,0.306458,-0.000220,0.486139,0.306826,-0.000190,0.486794,0.306826,-0.000190,0.486794,0.000369,0.000030,0.000655,0.000040,-0.000905,0.000114,0.000013,-0.000211,0.000310,0.000000,0.000000,0.000000,-0.000160,-0.000956,0.000402,0.043980,0.007214,0.059294,0.043980,0.007214,0.059294,0.000803,0.000152,-0.000748,0.000803,0.000152,-0.000748,0.001473,-0.011285,0.001261,0.033478,0.002322,0.014312,0.000747,0.001473,-0.011285,0.001261,0.033478,0.002322,0.014312,0.000747
1.298000,0.306457,-0.000220,0.486138,0.306826,-0.000190,0.486794,0.306826,-0.000190,0.486794,0.000369,0.000030,0.000655,0.000037,-0.000906,0.000120,-0.000063,0.000111,-0.000056,0.000000,0.000000,0.000000,0.000793,-0.000081,-0.000680,0.045543,0.000818,0.066653,0.045543,0.000818,0.066653,-0.003024,-0.002473,0.002522,-0.003024,-0.002473,0.002522,0.002783,-0.015925,0.004203,0.039779,-0.002854,0.017915,-0.002519,0.002783,-0.015925,0.004203,0.039779,-0.002854,0.017915,-0.002519
1.299000,0.306458,-0.000220,0.486136,0.306826,-0.000190,0.486794,0.306826,-0.000190,0.486794,0.000369,0.000030,0.000657,0.000039,-0.000912,0.000112,0.000143,0.000195,-0.000812,0.000000,0.000000,0.000000,0.000294,0.002174,0.002308,0.041379,-0.000924,0.081990,0.041379,-0.000924,0.081990,-0.001020,-0.009257,-0.006477,-0.001020,-0.009257,-0.006477,-0.006750,-0.028048,-0.004134,0.053265,-0.001204,0.025166,0.006480,-0.006750,-0.028048,-0.004134,0.053265,-0.001204,0.025166,0.006480
1.300000,0.306458,-0.000218,0.486139,0.306826,-0.000190,0.486794,0.306826,-0.000190,0.486794,0.000368,0.000028,0.000655,0.000040,-0.000906,0.000114,0.000101,0.000521,0.000611,0.000000,0.000000,0.000000,-0.000660,-0.001190,0.001407,0.042168,-0.007585,0.053235,0.042168,-0.007585,0.053235,0.002800,0.000853,-0.003763,0.002800,0.000853,-0.003763,-0.006078,-0.009005,-0.007090,0.029686,0.001209,0.012696,0.003761,-0.006078,-0.009005,-0.007090,0.029686,0.001209,0.012696,0.003761
1.301000,0.306457,-0.000219,0.486137,0.306826,-0.000190,0.486794,0.306826,-0.000190,0.486794,0.000369,0.000029,0.000657,0.000040,-0.000910,0.000114,-0.000159,0.000134,-0.000425,0.000000,0.000000,0.000000,-0.000643,0.000970,0.000144,0.047482,0.000218,0.074158,0.047482,0.000218,0.074158,0.002733,-0.005638,0.000025,0.002733,-0.005638,0.000025,0.000102,-0.021093,-0.001832,0.046733,0.002780,0.022145,-0.000026,0.000102,-0.021093,-0.001832,0.046733,0.002780,0.022145,-0.000026
1.302000,0.306457,-0.000221,0.486138,0.306826,-0.000190,0.486794,0.306826,-0.000190,0.486794,0.000370,0.000031,0.000655,0.000037,-0.000905,0.000119,-0.000241,-0.000259,0.000107,0.000000,0.000000,0.000000,0.000628,-0.000798,-0.001027,0.049179,0.008265,0.063386,0.049179,0.008265,0.063386,-0.002366,-0.000322,0.003558,-0.002366,-0.000322,0.003558,0.006102,-0.012216,0.006888,0.036550,-0.000631,0.016241,-0.003556,0.006102,-0.012216,0.006888,0.036550,-0.000631,0.016241,-0.003556
1.303000,0.306457,-0.000220,0.486138,0.306826,-0.000190,0.486794,0.306826,-0.000190,0.486794,0.000369,0.000030,0.000656,0.000036,-0.000907,0.000119,0.000096,0.000047,-0.000035,0.000000,0.000000,0.000000,0.000656,0.000118,-0.000366,0.042355,0.002081,0.066268,0.042355,0.002081,0.066268,-0.002480,-0.003073,0.001571,-0.002480,-0.003073,0.001571,0.002218,-0.016896,0.003556,0.039787,-0.002043,0.017810,-0.001569,0.002218,-0.016896,0.003556,0.039787,-0.002043,0.017810,-0.001569
1.304000,0.306457,-0.000220,0.486139,0.306826,-0.000190,0.486794,0.306826,-0.000190,0.486794,0.000369,0.000030,0.000655,0.000039,-0.000906,0.000114,0.000085,0.000203,0.000218,0.000000,0.000000,0.000000,-0.000653,-0.000240,0.002255,0.042553,-0.001072,0.061116,0.042553,-0.001072,0.061116,0.002768,-0.001997,-0.006309,0.002768,-0.001997,-0.006309,-0.006628,-0.014209,-0.006749,0.036304,0.002550,0.016319,0.006307,-0.006628,-0.014209,-0.006749,0.036304,0.002550,0.016319,0.006307
1.305000,0.306458,-0.000218,0.486137,0.306826,-0.000190,0.486794,0.306826,-0.000190,0.486794,0.000368,0.000028,0.000657,0.000041,-0.000910,0.000116,0.000121,0.000195,-0.000267,0.000000,0.000000,0.000000,-0.000594,0.000716,-0.001102,0.041787,-0.001073,0.071011,0.041787,-0.001073,0.071011,0.002540,-0.004878,0.003770,0.002540,-0.004878,0.003770,0.003450,-0.020239,0.000529,0.043755,0.002310,0.019910,-0.003771,0.003450,-0.020239,0.000529,0.043755,0.002310,0.019910,-0.003771
1.306000,0.306458,-0.000219,0.486137,0.306826,-0.000190,0.486794,0.306826,-0.000190,0.486794,0.000368,0.000030,0.000657,0.000040,-0.000912,0.000116,0.000187,-0.000204,-0.000107,0.000000,0.000000,0.000000,-0.000284,0.000715,0.000495,0.040406,0.007032,0.067808,0.040406,0.007032,0.067808,0.001297,-0.004880,-0.001022,0.001297,-0.004880,-0.001022,0.001142,-0.019472,0.000657,0.042068,0.002779,0.019339,0.001023,0.001142,-0.019472,0.000657,0.042068,0.002779,0.019339,0.001023
1.307000,0.306457,-0.000218,0.486138,0.306826,-0.000190,0.486794,0.306826,-0.000190,0.486794,0.000369,0.000029,0.000656,0.000044,-0.000908,0.000118,-0.000067,0.000224,0.000028,0.000000,0.000000,0.000000,-0.001642,-0.000318,-0.000202,0.045596,-0.001612,0.065018,0.045596,-0.001612,0.065018,0.006746,-0.001770,0.001079,0.006746,-0.001770,0.001079,0.000594,-0.014711,-0.004524,0.038307,0.006406,0.017075,-0.001083,0.000594,-0.014711,-0.004524,0.038307,0.006406,0.017075,-0.001083
1.308000,0.306457,-0.000220,0.486138,0.306826,-0.000190,0.486794,0.306826,-0.000190,0.486794,0.000369,0.000030,0.000656,0.000040,-0.000908,0.000120,-0.000180,-0.000331,0.000169,0.000000,0.000000,0.000000,0.000594,-0.000532,-0.001618,0.047880,0.009622,0.062216,0.047880,0.009622,0.062216,-0.002215,-0.001129,0.005335,-0.002215,-0.001129,0.005335,0.008294,-0.012865,0.008476,0.036639,-0.000196,0.016673,-0.005333,0.008294,-0.012865,0.008476,0.036639,-0.000196,0.016673,-0.005333
1.309000,0.306458,-0.000221,0.486137,0.306826,-0.000190,0.486794,0.306826,-0.000190,0.486794,0.000368,0.000031,0.000657,0.000037,-0.000912,0.000117,0.000207,-0.000442,-0.000137,0.000000,0.000000,0.000000,0.001252,0.000759,0.000356,0.040007,0.011980,0.068415,0.040007,0.011980,0.068415,-0.004860,-0.005014,-0.000600,-0.004860,-0.005014,-0.000600,0.003080,-0.019855,0.006922,0.042438,-0.002338,0.019444,0.000605,0.003080,-0.019855,0.006922,0.042438,-0.002338,0.019444,0.000605
1.310000,0.306458,-0.000220,0.486138,0.306826,-0.000190,0.486794,0.306826,-0.000190,0.486794,0.000368,0.000030,0.000655,0.000038,-0.000909,0.000117,0.000136,0.000140,0.000386,0.000000,0.000000,0.000000,0.000182,-0.000700,-0.000403,0.041416,0.000168,0.057818,0.041416,0.000168,0.057818,-0.000575,-0.000624,0.001677,-0.000575,-0.000624,0.001677,0.001738,-0.012001,0.001659,0.033230,-0.000542,0.014420,-0.001676,0.001738,-0.012001,0.001659,0.033230,-0.000542,0.014420,-0.001676
1.311000,0.306458,-0.000220,0.486138,0.306826,-0.000190,0.486794,0.306826,-0.000190,0.486794,0.000368,0.000030,0.000656,0.000038,-0.000909,0.000116,0.000143,-0.000077,-0.000199,0.000000,0.000000,0.000000,0.000122,0.000502,-0.000317,0.041312,0.004550,0.069593,0.041312,0.004550,0.069593,-0.000336,-0.004235,0.001416,-0.000336,-0.004235,0.001416,0.002819,-0.019236,0.002729,0.042383,0.000621,0.019043,-0.001415,0.002819,-0.019236,0.002729,0.042383,0.000621,0.019043,-0.001415
1.312000,0.306457,-0.000221,0.486136,0.306826,-0.000190,0.486794,0.306826,-0.000190,0.486794,0.000369,0.000031,0.000658,0.000037,-0.000912,0.000116,-0.000437,-0.000305,-0.000474,0.000000,0.000000,0.000000,0.000339,0.000665,0.000788,0.053075,0.009177,0.075234,0.053075,0.009177,0.075234,-0.001208,-0.004731,-0.001900,-0.001208,-0.004731,-0.001900,0.000925,-0.019660,0.002513,0.047052,0.000727,0.022510,0.001902,0.000925,-0.019660,0.002513,0.047052,0.000727,0.022510,0.001902
1.313000,0.306458,-0.000220,0.486139,0.306826,-0.000190,0.486794,0.306826,-0.000190,0.486794,0.000369,0.000030,0.000655,0.000040,-0.000906,0.000120,0.000070,0.000188,0.000367,0.000000,0.000000,0.000000,-0.000630,-0.001001,-0.000827,0.042822,-0.000744,0.058172,0.042822,-0.000744,0.058172,0.002681,0.000284,0.002961,0.002681,0.000284,0.002961,0.002743,-0.010985,-0.000034,0.032667,0.002521,0.013838,-0.002963,0.002743,-0.010985,-0.000034,0.032667,0.002521,0.013838,-0.002963
1.314000,0.306458,-0.000219,0.486138,0.306826,-0.000190,0.486794,0.306826,-0.000190,0.486794,0.000368,0.000030,0.000656,0.000039,-0.000908,0.000113,0.000267,0.000168,-0.000076,0.000000,0.000000,0.000000,-0.000215,0.000210,0.001178,0.038811,-0.000400,0.067104,0.038811,-0.000400,0.067104,0.001018,-0.003353,-0.003082,0.001018,-0.003353,-0.003082,-0.003196,-0.017973,-0.003014,0.040005,0.000938,0.017414,0.003083,-0.003196,-0.017973,-0.003014,0.040005,0.000938,0.017414,0.003083
1.315000,0.306457,-0.000218,0.486137,0.306826,-0.000190,0.486794,0.306826,-0.000190,0.486794,0.000369,0.000029,0.000657,0.000043,-0.000911,0.000114,-0.000235,0.000201,-0.000277,0.000000,0.000000,0.000000,-0.000979,0.000614,-0.000313,0.048975,-0.001155,0.071242,0.048975,-0.001155,0.071242,0.004091,-0.004577,0.001395,0.004091,-0.004577,0.001395,0.001051,-0.018908,-0.002273,0.044486,0.003848,0.021141,-0.001396,0.001051,-0.018908,-0.002273,0.044486,0.003848,0.021141,-0.001396
1.316000,0.306457,-0.000219,0.486137,0.306826,-0.000190,0.486794,0.306826,-0.000190,0.486794,0.000369,0.000029,0.000657,0.000040,-0.000911,0.000114,-0.000107,0.000173,-0.000164,0.000000,0.000000,0.000000,-0.000021,0.000172,-0.000045,0.046378,-0.000583,0.068996,0.046378,-0.000583,0.068996,0.000248,-0.003250,0.000593,0.000248,-0.003250,0.000593,0.000424,-0.017292,0.000068,0.041767,0.000125,0.019071,-0.000592,0.000424,-0.017292,0.000068,0.041767,0.000125,0.019071,-0.000592
1.317000,0.306458,-0.000221,0.486138,0.306826,-0.000190,0.486794,0.306826,-0.000190,0.486794,0.000369,0.000031,0.000655,0.000038,-0.000907,0.000118,-0.000064,-0.000497,0.000566,0.000000,0.000000,0.000000,0.000603,-0.001318,-0.000218,0.045511,0.013022,0.054204,0.045511,0.013022,0.054204,-0.002259,0.001233,0.001127,-0.002259,0.001233,0.001127,0.005128,-0.008412,0.006639,0.030191,0.000479,0.013107,-0.001126,0.005128,-0.008412,0.006639,0.030191,0.000479,0.013107,-0.001126
1.318000,0.306458,-0.000220,0.486139,0.306826,-0.000190,0.486794,0.306826,-0.000190,0.486794,0.000368,0.000030,0.000655,0.000040,-0.000906,0.000120,0.000058,0.000050,0.000419,0.000000,0.000000,0.000000,-0.000059,-0.001354,-0.000588,0.043046,0.002031,0.057133,0.043046,0.002031,0.057133,0.000395,0.001344,0.002242,0.000395,0.001344,0.002242,0.002874,-0.009573,0.001977,0.031147,0.000819,0.012734,-0.002243,0.002874,-0.009573,0.001977,0.031147,0.000819,0.012734,-0.002243
1.319000,0.306457,-0.000220,0.486138,0.306826,-0.000190,0.486794,0.306826,-0.000190,0.486794,0.000369,0.000030,0.000655,0.000040,-0.000907,0.000114,-0.000133,0.000084,-0.000025,0.000000,0.000000,0.000000,0.000199,0.000129,0.001066,0.046959,0.001305,0.066045,0.046959,0.001305,0.066045,-0.000636,-0.003108,-0.002742,-0.000636,-0.003108,-0.002742,-0.002332,-0.016157,-0.001048,0.040308,-0.000357,0.018792,0.002744,-0.002332,-0.016157,-0.001048,0.040308,-0.000357,0.018792,0.002744
1.320000,0.306458,-0.000220,0.486137,0.306826,-0.000190,0.486794,0.306826,-0.000190,0.486794,0.000368,0.000030,0.000657,0.000040,-0.000910,0.000117,0.000182,-0.000165,-0.000316,0.000000,0.000000,0.000000,-0.000105,0.000725,-0.000558,0.040543,0.006330,0.072003,0.040543,0.006330,0.072003,0.000580,-0.004905,0.002140,0.000580,-0.004905,0.002140,0.004089,-0.020763,0.003170,0.044091,0.001910,0.019763,-0.002139,0.004089,-0.020763,0.003170,0.044091,0.001910,0.019763,-0.002139
1.321000,0.306458,-0.000220,0.486135,0.306826,-0.000190,0.486794,0.306826,-0.000190,0.486794,0.000368,0.000030,0.000658,0.000038,-0.000915,0.000121,0.000085,0.000203,-0.000665,0.000000,0.000000,0.000000,0.000608,0.001834,-0.000087,0.042479,-0.001069,0.079131,0.042479,-0.001069,0.079131,-0.002283,-0.008246,0.000744,-0.002283,-0.008246,0.000744,0.000426,-0.025993,0.001810,0.051046,-0.002507,0.024138,-0.000740,0.000426,-0.025993,0.001810,0.051046,-0.002507,0.024138,-0.000740
1.322000,0.306458,-0.000218,0.486139,0.306826,-0.000190,0.486794,0.306826,-0.000190,0.486794,0.000369,0.000028,0.000655,0.000040,-0.000904,0.000113,-0.000006,0.000497,0.000615,0.000000,0.000000,0.000000,-0.000383,-0.001798,0.001237,0.044357,-0.007100,0.053151,0.044357,-0.007100,0.053151,0.001693,0.002684,-0.003258,0.001693,0.002684,-0.003258,-0.005424,-0.006813,-0.005792,0.028095,0.000203,0.011318,0.003256,-0.005424,-0.006813,-0.005792,0.028095,0.000203,0.011318,0.003256
1.323000,0.306457,-0.000221,0.486137,0.306826,-0.000190,0.486794,0.306826,-0.000190,0.486794,0.000369,0.000031,0.000657,0.000042,-0.000909,0.000121,-0.000162,-0.000293,-0.000328,0.000000,0.000000,0.000000,0.000092,0.000946,-0.001027,0.047547,0.008955,0.072212,0.047547,0.008955,0.072212,-0.000202,-0.005566,0.003563,-0.000202,-0.005566,0.003563,0.006318,-0.020416,0.005583,0.045751,0.001680,0.021917,-0.003561,0.006318,-0.020416,0.005583,0.045751,0.001680,0.021917,-0.003561
1.324000,0.306458,-0.000221,0.486138,0.306826,-0.000190,0.486794,0.306826,-0.000190,0.486794,0.000368,0.000031,0.000656,0.000038,-0.000909,0.000117,0.000170,-0.000364,0.000157,0.000000,0.000000,0.000000,0.000725,-0.000163,-0.000398,0.040769,0.010367,0.062457,0.040769,0.010367,0.062457,-0.002749,-0.002236,0.001662,-0.002749,-0.002236,0.001662,0.004847,-0.015135,0.006500,0.036947,-0.000570,0.016304,-0.001659,0.004847,-0.015135,0.006500,0.036947,-0.000570,0.016304,-0.001659
1.325000,0.306457,-0.000220,0.486139,0.306826,-0.000190,0.486794,0.306826,-0.000190,0.486794,0.000369,0.000030,0.000655,0.000039,-0.000902,0.000119,-0.000121,-0.000032,0.000427,0.000000,0.000000,0.000000,0.000022,-0.001824,-0.001027,0.046703,0.003637,0.056916,0.046703,0.003637,0.056916,0.000066,0.002766,0.003555,0.000066,0.002766,0.003555,0.004680,-0.007524,0.003661,0.030090,0.000826,0.012063,-0.003556,0.004680,-0.007524,0.003661,0.030090,0.000826,0.012063,-0.003556
1.326000,0.306458,-0.000218,0.486138,0.306826,-0.000190,0.486794,0.306826,-0.000190,0.486794,0.000368,0.000029,0.000655,0.000041,-0.000907,0.000115,0.000154,0.000468,-0.000037,0.000000,0.000000,0.000000,-0.000976,0.000499,0.001642,0.041125,-0.006515,0.066287,0.041125,-0.006515,0.066287,0.004069,-0.004219,-0.004468,0.004069,-0.004219,-0.004468,-0.006455,-0.018235,-0.008138,0.040783,0.002705,0.018695,0.004466,-0.006455,-0.018235,-0.008138,0.040783,0.002705,0.018695,0.004466
1.327000,0.306458,-0.000219,0.486137,0.306826,-0.000190,0.486794,0.306826,-0.000190,0.486794,0.000368,0.000030,0.000657,0.000037,-0.000912,0.000116,0.000081,-0.000047,-0.000240,0.000000,0.000000,0.000000,0.000801,0.001398,-0.000103,0.042565,0.003900,0.070471,0.042565,0.003900,0.070471,-0.003057,-0.006930,0.000772,-0.003057,-0.006930,0.000772,0.001976,-0.022008,0.003991,0.045653,-0.002236,0.022079,-0.000767,0.001976,-0.022008,0.003991,0.045653,-0.002236,0.022079,-0.000767
1.328000,0.306458,-0.000218,0.486137,0.306826,-0.000190,0.486794,0.306826,-0.000190,0.486794,0.000368,0.000029,0.000657,0.000041,-0.000912,0.000118,-0.000046,0.000328,-0.000228,0.000000,0.000000,0.000000,-0.000918,0.000661,0.000146,0.045117,-0.003710,0.070271,0.045117,-0.003710,0.070271,0.003837,-0.004718,0.000034,0.003837,-0.004718,0.000034,-0.001093,-0.019344,-0.003884,0.043674,0.003058,0.020385,-0.000036,-0.001093,-0.019344,-0.003884,0.043674,0.003058,0.020385,-0.000036
1.329000,0.306458,-0.000220,0.486136,0.306826,-0.000190,0.486794,0.306826,-0.000190,0.486794,0.000369,0.000031,0.000657,0.000039,-0.000911,0.000117,-0.000138,-0.000724,-0.000224,0.000000,0.000000,0.000000,0.000637,0.000203,-0.000896,0.046996,0.017539,0.070205,0.046996,0.017539,0.070205,-0.002394,-0.003344,0.003156,-0.002394,-0.003344,0.003156,0.008542,-0.017666,0.009638,0.042511,0.001293,0.019402,-0.003154,0.008542,-0.017666,0.009638,0.042511,0.001293,0.019402,-0.003154
1.330000,0.306458,-0.000219,0.486138,0.306826,-0.000190,0.486794,0.306826,-0.000190,0.486794,0.000368,0.000029,0.000656,0.000040,-0.000909,0.000120,0.000001,-0.000030,0.000356,0.000000,0.000000,0.000000,0.000167,-0.000741,-0.000948,0.044175,0.003499,0.058469,0.044175,0.003499,0.058469,-0.000507,-0.000503,0.003322,-0.000507,-0.000503,0.003322,0.004404,-0.011657,0.003856,0.033770,0.000225,0.014938,-0.003322,0.004404,-0.011657,0.003856,0.033770,0.000225,0.014938,-0.003322
1.331000,0.306458,-0.000221,0.486139,0.306826,-0.000190,0.486794,0.306826,-0.000190,0.486794,0.000368,0.000032,0.000655,0.000041,-0.000907,0.000116,-0.000034,-0.000231,0.000428,0.000000,0.000000,0.000000,0.000573,-0.001288,0.000876,0.044906,0.007779,0.056954,0.044906,0.007779,0.056954,-0.002127,0.001144,-0.002163,-0.002127,0.001144,-0.002163,0.000231,-0.009435,0.002520,0.031502,-0.000489,0.013310,0.002165,0.000231,-0.009435,0.002520,0.031502,-0.000489,0.013310,0.002165
1.332000,0.306457,-0.000221,0.486138,0.306826,-0.000190,0.486794,0.306826,-0.000190,0.486794,0.000369,0.000031,0.000656,0.000040,-0.000906,0.000119,-0.000351,0.000089,0.000130,0.000000,0.000000,0.000000,-0.000236,-0.000951,-0.000197,0.051348,0.001307,0.062973,0.051348,0.001307,0.062973,0.001103,0.000136,0.001067,0.001103,0.000136,0.001067,0.001479,-0.011297,0.000414,0.036175,0.001377,0.016202,-0.001068,0.001479,-0.011297,0.000414,0.036175,0.001377,0.016202,-0.001068
1.333000,0.306457,-0.000222,0.486138,0.306826,-0.000190,0.486794,0.306826,-0.000190,0.486794,0.000369,0.000032,0.000656,0.000039,-0.000908,0.000121,-0.000099,-0.000518,-0.000304,0.000000,0.000000,0.000000,-0.000185,0.000809,-0.001491,0.046310,0.013555,0.071704,0.046310,0.013555,0.071704,0.000895,-0.005154,0.004957,0.000895,-0.005154,0.004957,0.009122,-0.020038,0.007285,0.044939,0.003742,0.021199,-0.004957,0.009122,-0.020038,0.007285,0.044939,0.003742,0.021199,-0.004957
1.334000,0.306457,-0.000221,0.486137,0.306826,-0.000190,0.486794,0.306826,-0.000190,0.486794,0.000369,0.000031,0.000657,0.000042,-0.000908,0.000118,0.000034,0.000200,-0.000161,0.000000,0.000000,0.000000,0.000061,0.000065,0.000385,0.043582,-0.000864,0.068873,0.043582,-0.000864,0.068873,-0.000079,-0.002920,-0.000681,-0.000079,-0.002920,-0.000681,-0.000936,-0.017353,-0.000691,0.041021,-0.000259,0.018142,0.000682,-0.000936,-0.017353,-0.000691,0.041021,-0.000259,0.018142,0.000682
1.335000,0.306458,-0.000221,0.486139,0.306826,-0.000190,0.486794,0.306826,-0.000190,0.486794,0.000369,0.000031,0.000655,0.000042,-0.000906,0.000124,0.000116,0.000022,0.000397,0.000000,0.000000,0.000000,-0.000795,-0.000833,-0.000508,0.041907,0.002695,0.057567,0.041907,0.002695,0.057567,0.003347,-0.000220,0.002022,0.003347,-0.000220,0.002022,0.002857,-0.011444,-0.000053,0.032768,0.003912,0.014096,-0.002024,0.002857,-0.011444,-0.000053,0.032768,0.003912,0.014096,-0.002024
1.336000,0.306458,-0.000221,0.486139,0.306826,-0.000190,0.486794,0.306826,-0.000190,0.486794,0.000368,0.000031,0.000654,0.000040,-0.000903,0.000119,0.000184,0.000033,0.000310,0.000000,0.000000,0.000000,-0.000135,-0.001064,0.000901,0.040534,0.002466,0.059252,0.040534,0.002466,0.059252,0.000700,0.000483,-0.002229,0.000700,0.000483,-0.002229,-0.001464,-0.011468,-0.001255,0.032686,0.001221,0.013252,0.002228,-0.001464,-0.011468,-0.001255,0.032686,0.001221,0.013252,0.002228
1.337000,0.306457,-0.000219,0.486137,0.306826,-0.000190,0.486794,0.306826,-0.000190,0.486794,0.000369,0.000030,0.000656,0.000041,-0.000910,0.000115,-0.000020,0.000374,-0.000292,0.000000,0.000000,0.000000,-0.000484,0.001150,0.000805,0.044647,-0.004519,0.071488,0.044647,-0.004519,0.071488,0.002100,-0.006181,-0.001953,0.002100,-0.006181,-0.001953,-0.003328,-0.021252,-0.004319,0.045652,0.001154,0.021856,0.001953,-0.003328,-0.021252,-0.004319,0.045652,0.001154,0.021856,0.001953
1.338000,0.306457,-0.000219,0.486138,0.306826,-0.000190,0.486794,0.306826,-0.000190,0.486794,0.000369,0.000030,0.000655,0.000038,-0.000907,0.000114,-0.000156,0.000382,-0.000048,0.000000,0.000000,0.000000,0.000750,0.000481,0.001445,0.047439,-0.004675,0.066510,0.047439,-0.004675,0.066510,-0.002850,-0.004166,-0.003880,-0.002850,-0.004166,-0.003880,-0.005302,-0.017284,-0.002226,0.041649,-0.003827,0.019993,0.003884,-0.005302,-0.017284,-0.002226,0.041649,-0.003827,0.019993,0.003884
1.339000,0.306457,-0.000223,0.486138,0.306826,-0.000190,0.486794,0.306826,-0.000190,0.486794,0.000369,0.000033,0.000656,0.000037,-0.000908,0.000124,0.000038,-0.000760,-0.000179,0.000000,0.000000,0.000000,0.000519,0.000606,-0.002289,0.043526,0.018484,0.069153,0.043526,0.018484,0.069153,-0.001926,-0.004542,0.007364,-0.001926,-0.004542,0.007364,0.013038,-0.019073,0.012581,0.042765,0.001955,0.019778,-0.007362,0.013038,-0.019073,0.012581,0.042765,0.001955,0.019778,-0.007362
1.340000,0.306458,-0.000219,0.486138,0.306826,-0.000190,0.486794,0.306826,-0.000190,0.486794,0.000368,0.000030,0.000655,0.000039,-0.000907,0.000119,0.000147,0.000347,0.000164,0.000000,0.000000,0.000000,-0.000069,-0.000390,-0.000452,0.041259,-0.003988,0.062259,0.041259,-0.003988,0.062259,0.000429,-0.001551,0.001830,0.000429,-0.001551,0.001830,0.000618,-0.014312,-0.000293,0.036232,-0.000412,0.015704,-0.001830,0.000618,-0.014312,-0.000293,0.036232,-0.000412,0.015704,-0.001830
1.341000,0.306457,-0.000220,0.486138,0.306826,-0.000190,0.486794,0.306826,-0.000190,0.486794,0.000369,0.000030,0.000655,0.000039,-0.000906,0.000111,-0.000158,0.000129,0.000216,0.000000,0.000000,0.000000,-0.000091,-0.000909,0.002067,0.047447,0.000395,0.061204,0.047447,0.000395,0.061204,0.000518,0.000009,-0.005757,0.000518,0.000009,-0.005757,-0.005626,-0.011481,-0.004290,0.034968,0.000608,0.015351,0.005757,-0.005626,-0.011481,-0.004290,0.034968,0.000608,0.015351,0.005757
1.342000,0.306457,-0.000219,0.486135,0.306826,-0.000190,0.486794,0.306826,-0.000190,0.486794,0.000369,0.000030,0.000658,0.000039,-0.000913,0.000117,-0.000147,0.000086,-0.001058,0.000000,0.000000,0.000000,-0.000061,0.002363,-0.000588,0.047276,0.001244,0.086987,0.047276,0.001244,0.086987,0.000399,-0.009828,0.002232,0.000399,-0.009828,0.002232,0.002624,-0.029250,0.001714,0.056951,0.000661,0.027419,-0.002230,0.002624,-0.029250,0.001714,0.056951,0.000661,0.027419,-0.002230
1.343000,0.306457,-0.000221,0.486137,0.306826,-0.000190,0.486794,0.306826,-0.000190,0.486794,0.000369,0.000031,0.000657,0.000037,-0.000911,0.000121,-0.000186,-0.000481,-0.000031,0.000000,0.000000,0.000000,0.000623,0.000558,-0.000837,0.048054,0.012736,0.066292,0.048054,0.012736,0.066292,-0.002346,-0.004409,0.002996,-0.002346,-0.004409,0.002996,0.006910,-0.017368,0.007930,0.041865,0.000331,0.020346,-0.002993,0.006910,-0.017368,0.007930,0.041865,0.000331,0.020346,-0.002993
1.344000,0.306457,-0.000220,0.486138,0.306826,-0.000190,0.486794,0.306826,-0.000190,0.486794,0.000369,0.000030,0.000655,0.000040,-0.000906,0.000120,0.000105,-0.000046,0.000308,0.000000,0.000000,0.000000,-0.000689,-0.000930,0.000076,0.042188,0.003959,0.059371,0.042188,0.003959,0.059371,0.002918,0.000074,0.000252,0.002918,0.000074,0.000252,0.001475,-0.011660,-0.000589,0.033362,0.003751,0.014019,-0.000254,0.001475,-0.011660,-0.000589,0.033362,0.003751,0.014019,-0.000254
1.345000,0.306457,-0.000220,0.486139,0.306826,-0.000190,0.486794,0.306826,-0.000190,0.486794,0.000369,0.000030,0.000654,0.000041,-0.000904,0.000119,0.000142,0.000225,0.000468,0.000000,0.000000,0.000000,-0.000808,-0.001177,0.000187,0.041440,-0.001466,0.056072,0.041440,-0.001466,0.056072,0.003395,0.000820,-0.000085,0.003395,0.000820,-0.000085,-0.000524,-0.010016,-0.002925,0.030962,0.003086,0.012825,0.000082,-0.000524,-0.010016,-0.002925,0.030962,0.003086,0.012825,0.000082
1.346000,0.306457,-0.000220,0.486137,0.306826,-0.000190,0.486794,0.306826,-0.000190,0.486794,0.000369,0.000031,0.000657,0.000043,-0.000909,0.000114,-0.000049,0.000108,-0.000214,0.000000,0.000000,0.000000,0.000014,0.000329,0.001020,0.045259,0.000905,0.069923,0.045259,0.000905,0.069923,0.000117,-0.003714,-0.002603,0.000117,-0.003714,-0.002603,-0.002316,-0.018211,-0.001612,0.042525,0.000311,0.019380,0.002604,-0.002316,-0.018211,-0.001612,0.042525,0.000311,0.019380,0.002604
1.347000,0.306457,-0.000221,0.486138,0.306826,-0.000190,0.486794,0.306826,-0.000190,0.486794,0.000369,0.000031,0.000655,0.000039,-0.000906,0.000121,0.000039,-0.000205,0.000120,0.000000,0.000000,0.000000,0.000449,-0.000338,-0.001985,0.043510,0.007189,0.063121,0.043510,0.007189,0.063121,-0.001637,-0.001703,0.006441,-0.001637,-0.001703,0.006441,0.008653,-0.014385,0.008057,0.037079,-0.000132,0.016407,-0.006439,0.008653,-0.014385,0.008057,0.037079,-0.000132,0.016407,-0.006439
1.348000,0.306457,-0.000221,0.486140,0.306826,-0.000190,0.486794,0.306826,-0.000190,0.486794,0.000369,0.000031,0.000654,0.000040,-0.000902,0.000122,-0.000123,0.000001,0.000259,0.000000,0.000000,0.000000,-0.000298,-0.000637,0.000053,0.046787,0.003064,0.060192,0.046787,0.003064,0.060192,0.001353,-0.000794,0.000329,0.001353,-0.000794,0.000329,0.001278,-0.012075,0.000284,0.035208,0.001998,0.015928,-0.000330,0.001278,-0.012075,0.000284,0.035208,0.001998,0.015928,-0.000330
1.349000,0.306457,-0.000222,0.486138,0.306826,-0.000190,0.486794,0.306826,-0.000190,0.486794,0.000369,0.000032,0.000655,0.000040,-0.000907,0.000124,0.000067,-0.000230,-0.000006,0.000000,0.000000,0.000000,-0.000042,-0.000013,-0.001103,0.042910,0.007774,0.065659,0.042910,0.007774,0.065659,0.000328,-0.002681,0.003806,0.000328,-0.002681,0.003806,0.006198,-0.016232,0.004995,0.039177,0.001959,0.017480,-0.003806,0.006198,-0.016232,0.004995,0.039177,0.001959,0.017480,-0.003806
1.350000,0.306458,-0.000220,0.486138,0.306826,-0.000190,0.486794,0.306826,-0.000190,0.486794,0.000369,0.000031,0.000656,0.000039,-0.000906,0.000117,0.000180,-0.000175,-0.000154,0.000000,0.000000,0.000000,0.000826,0.000311,0.000094,0.040636,0.006563,0.068640,0.040636,0.006563,0.068640,-0.003152,-0.003652,0.000189,-0.003152,-0.003652,0.000189,0.002209,-0.018464,0.004511,0.041263,-0.001771,0.018235,-0.000185,0.002209,-0.018464,0.004511,0.041263,-0.001771,0.018235,-0.000185
1.351000,0.306457,-0.000220,0.486139,0.306826,-0.000190,0.486794,0.306826,-0.000190,0.486794,0.000369,0.000031,0.000655,0.000037,-0.000904,0.000116,0.000035,0.000157,0.000068,0.000000,0.000000,0.000000,0.000598,-0.000349,0.001201,0.043580,-0.000070,0.064142,0.043580,-0.000070,0.064142,-0.002242,-0.001665,-0.003138,-0.002242,-0.001665,-0.003138,-0.003150,-0.014648,-0.000637,0.037534,-0.002253,0.016472,0.003140,-0.003150,-0.014648,-0.000637,0.037534,-0.002253,0.016472,0.003140
1.352000,0.306458,-0.000221,0.486141,0.306826,-0.000190,0.486794,0.306826,-0.000190,0.486794,0.000368,0.000031,0.000652,0.000044,-0.000896,0.000123,0.000029,0.000009,0.000793,0.000000,0.000000,0.000000,-0.000707,-0.001852,-0.000755,0.043625,0.002939,0.049387,0.043625,0.002939,0.049387,0.003003,0.002866,0.002756,0.003003,0.002866,0.002756,0.003667,-0.005590,0.000789,0.026042,0.003618,0.010653,-0.002759,0.003667,-0.005590,0.000789,0.026042,0.003618,0.010653,-0.002759
1.353000,0.306457,-0.000220,0.486139,0.306826,-0.000190,0.486794,0.306826,-0.000190,0.486794,0.000369,0.000030,0.000655,0.000040,-0.000906,0.000119,0.000013,0.000099,-0.000192,0.000000,0.000000,0.000000,-0.000029,0.001130,0.000954,0.043987,0.001061,0.069329,0.043987,0.001061,0.069329,0.000275,-0.006108,-0.002387,0.000275,-0.006108,-0.002387,-0.002052,-0.020618,-0.001522,0.044475,0.000503,0.021455,0.002388,-0.002052,-0.020618,-0.001522,0.044475,0.000503,0.021455,0.002388
1.354000,0.306458,-0.000222,0.486140,0.306826,-0.000190,0.486794,0.306826,-0.000190,0.486794,0.000369,0.000033,0.000654,0.000042,-0.000903,0.000125,0.000149,-0.000304,0.000202,0.000000,0.000000,0.000000,-0.000020,-0.000168,-0.001791,0.041239,0.009341,0.061346,0.041239,0.009341,0.061346,0.000251,-0.002208,0.005875,0.000251,-0.002208,0.005875,0.008746,-0.014692,0.007018,0.036453,0.002210,0.016277,-0.005874,0.008746,-0.014692,0.007018,0.036453,0.002210,0.016277,-0.005874
1.355000,0.306457,-0.000222,0.486138,0.306826,-0.000190,0.486794,0.306826,-0.000190,0.486794,0.000369,0.000032,0.000656,0.000038,-0.000906,0.000123,0.000044,-0.000200,-0.000393,0.000000,0.000000,0.000000,0.000651,0.000620,-0.000350,0.043360,0.007235,0.073409,0.043360,0.007235,0.073409,-0.002450,-0.004578,0.001540,-0.002450,-0.004578,0.001540,0.003767,-0.020436,0.005187,0.044790,-0.000929,0.020152,-0.001537,0.003767,-0.020436,0.005187,0.044790,-0.000929,0.020152,-0.001537
1.356000,0.306458,-0.000221,0.486141,0.306826,-0.000190,0.486794,0.306826,-0.000190,0.486794,0.000368,0.000031,0.000653,0.000036,-0.000900,0.000114,-0.000058,0.000055,0.000412,0.000000,0.000000,0.000000,0.000829,-0.000604,0.001800,0.045353,0.001994,0.057071,0.045353,0.001994,0.057071,-0.003170,-0.000888,-0.004944,-0.003170,-0.000888,-0.004944,-0.004323,-0.011433,-0.000586,0.033648,-0.002744,0.015446,0.004946,-0.004323,-0.011433,-0.000586,0.033648,-0.002744,0.015446,0.004946
1.357000,0.306457,-0.000221,0.486137,0.306826,-0.000190,0.486794,0.306826,-0.000190,0.486794,0.000369,0.000032,0.000657,0.000042,-0.000911,0.000124,-0.000180,0.000016,-0.000728,0.000000,0.000000,0.000000,-0.000506,0.001917,-0.001120,0.047860,0.002820,0.080258,0.047860,0.002820,0.080258,0.002192,-0.008485,0.003856,0.002192,-0.008485,0.003856,0.004731,-0.025752,0.002101,0.052506,0.002783,0.025607,-0.003856,0.004731,-0.025752,0.002101,0.052506,0.002783,0.025607,-0.003856
1.358000,0.306458,-0.000222,0.486139,0.306826,-0.000190,0.486794,0.306826,-0.000190,0.486794,0.000369,0.000033,0.000654,0.000044,-0.000903,0.000120,0.000095,-0.000082,0.000277,0.000000,0.000000,0.000000,-0.000778,-0.001138,0.000474,0.042335,0.004895,0.059907,0.042335,0.004895,0.059907,0.003290,0.000704,-0.000944,0.003290,0.000704,-0.000944,0.000566,-0.011171,-0.001391,0.033003,0.004320,0.013466,0.000941,0.000566,-0.011171,-0.001391,0.033003,0.004320,0.013466,0.000941
1.359000,0.306457,-0.000221,0.486139,0.306826,-0.000190,0.486794,0.306826,-0.000190,0.486794,0.000369,0.000031,0.000654,0.000039,-0.000904,0.000121,-0.000136,0.000026,0.000342,0.000000,0.000000,0.000000,0.000382,-0.000934,0.000269,0.047003,0.002602,0.058610,0.047003,0.002602,0.058610,-0.001372,0.000088,-0.000323,-0.001372,0.000088,-0.000323,0.000484,-0.010676,0.001602,0.033608,-0.000824,0.014953,0.000324,0.000484,-0.010676,0.001602,0.033608,-0.000824,0.014953,0.000324
1.360000,0.306458,-0.000218,0.486138,0.306826,-0.000190,0.486794,0.306826,-0.000190,0.486794,0.000369,0.000028,0.000656,0.000041,-0.000907,0.000115,0.000123,0.000623,-0.000363,0.000000,0.000000,0.000000,-0.000397,0.000666,0.000605,0.041780,-0.009616,0.072833,0.041780,-0.009616,0.072833,0.001752,-0.004718,-0.001353,0.001752,-0.004718,-0.001353,-0.004291,-0.020641,-0.005305,0.044456,-0.000269,0.019908,0.001353,-0.004291,-0.020641,-0.005305,0.044456,-0.000269,0.019908,0.001353
1.361000,0.306457,-0.000222,0.486138,0.306826,-0.000190,0.486794,0.306826,-0.000190,0.486794,0.000369,0.000032,0.000656,0.000041,-0.000908,0.000120,-0.000104,-0.000441,-0.000113,0.000000,0.000000,0.000000,-0.000513,0.000362,-0.000295,0.046352,0.012027,0.067845,0.046352,0.012027,0.067845,0.002216,-0.003811,0.001362,0.002216,-0.003811,0.001362,0.005058,-0.017505,0.003315,0.041781,0.004746,0.019525,-0.001363,0.005058,-0.017505,0.003315,0.041781,0.004746,0.019525,-0.001363
1.362000,0.306458,-0.000220,0.486139,0.306826,-0.000190,0.486794,0.306826,-0.000190,0.486794,0.000369,0.000030,0.000655,0.000042,-0.000906,0.000115,0.000053,0.000341,0.000208,0.000000,0.000000,0.000000,0.000761,-0.000553,0.000206,0.043168,-0.003849,0.061352,0.043168,-0.003849,0.061352,-0.002876,-0.001059,-0.000156,-0.002876,-0.001059,-0.000156,-0.001327,-0.013250,0.000688,0.035558,-0.003685,0.015534,0.000159,-0.001327,-0.013250,0.000688,0.035558,-0.003685,0.015534,0.000159
1.363000,0.306457,-0.000219,0.486141,0.306826,-0.000190,0.486794,0.306826,-0.000190,0.486794,0.000369,0.000029,0.000652,0.000040,-0.000899,0.000112,0.000040,0.000057,0.000886,0.000000,0.000000,0.000000,0.000508,-0.001987,0.002022,0.043445,0.001812,0.047505,0.043445,0.001812,0.047505,-0.001874,0.003262,-0.005617,-0.001874,0.003262,-0.005617,-0.005053,-0.004646,-0.002039,0.024737,-0.001487,0.010053,0.005618,-0.005053,-0.004646,-0.002039,0.024737,-0.001487,0.010053,0.005618
1.364000,0.306457,-0.000219,0.486139,0.306826,-0.000190,0.486794,0.306826,-0.000190,0.486794,0.000369,0.000029,0.000655,0.000040,-0.000905,0.000115,0.000000,0.000430,-0.000398,0.000000,0.000000,0.000000,-0.000516,0.000613,-0.000004,0.044273,-0.005725,0.073480,0.044273,-0.005725,0.073480,0.002227,-0.004553,0.000472,0.002227,-0.004553,0.000472,-0.001273,-0.020292,-0.003089,0.044916,0.001023,0.020325,-0.000473,-0.001273,-0.020292,-0.003089,0.044916,0.001023,0.020325,-0.000473
1.365000,0.306458,-0.000221,0.486139,0.306826,-0.000190,0.486794,0.306826,-0.000190,0.486794,0.000369,0.000031,0.000655,0.000039,-0.000904,0.000125,0.000157,-0.000307,-0.000174,0.000000,0.000000,0.000000,-0.000153,0.000409,-0.001602,0.041094,0.009267,0.068947,0.041094,0.009267,0.068947,0.000770,-0.003940,0.005306,0.000770,-0.003940,0.005306,0.008155,-0.018776,0.006224,0.041753,0.002714,0.018645,-0.005305,0.008155,-0.018776,0.006224,0.041753,0.002714,0.018645,-0.005305
1.366000,0.306457,-0.000223,0.486139,0.306826,-0.000190,0.486794,0.306826,-0.000190,0.486794,0.000369,0.000033,0.000654,0.000037,-0.000903,0.000121,-0.000202,-0.000646,-0.000030,0.000000,0.000000,0.000000,0.000516,-0.000139,-0.000428,0.048378,0.016214,0.066042,0.048378,0.016214,0.066042,-0.001914,-0.002291,0.001769,-0.001914,-0.002291,0.001769,0.006750,-0.015124,0.007888,0.039670,0.001496,0.018274,-0.001767,0.006750,-0.015124,0.007888,0.039670,0.001496,0.018274,-0.001767
1.367000,0.306458,-0.000221,0.486138,0.306826,-0.000190,0.486794,0.306826,-0.000190,0.486794,0.000368,0.000031,0.000656,0.000037,-0.000908,0.000120,0.000100,0.000170,-0.000369,0.000000,0.000000,0.000000,0.000186,0.000876,0.000060,0.042206,-0.000275,0.072989,0.042206,-0.000275,0.072989,-0.000595,-0.005352,0.000301,-0.000595,-0.005352,0.000301,0.000226,-0.021257,0.000559,0.045218,-0.000652,0.020646,-0.000299,0.000226,-0.021257,0.000559,0.045218,-0.000652,0.020646,-0.000299
1.368000,0.306457,-0.000221,0.486138,0.306826,-0.000190,0.486794,0.306826,-0.000190,0.486794,0.000369,0.000031,0.000656,0.000040,-0.000907,0.000118,-0.000140,0.000104,-0.000359,0.000000,0.000000,0.000000,-0.000572,0.000822,0.000688,0.047111,0.001050,0.072780,0.047111,0.001050,0.072780,0.002448,-0.005187,-0.001593,0.002448,-0.005187,-0.001593,-0.001261,-0.020276,-0.002502,0.045584,0.002672,0.021494,0.001592,-0.001261,-0.020276,-0.002502,0.045584,0.002672,0.021494,0.001592
1.369000,0.306457,-0.000222,0.486140,0.306826,-0.000190,0.486794,0.306826,-0.000190,0.486794,0.000369,0.000032,0.000654,0.000043,-0.000900,0.000120,0.000057,-0.000130,0.000530,0.000000,0.000000,0.000000,-0.000383,-0.001724,-0.000937,0.043124,0.005787,0.054758,0.043124,0.005787,0.054758,0.001703,0.002473,0.003290,0.001703,0.002473,0.003290,0.005074,-0.007705,0.003013,0.028906,0.002916,0.011413,-0.003292,0.005074,-0.007705,0.003013,0.028906,0.002916,0.011413,-0.003292
1.370000,0.306457,-0.000221,0.486138,0.306826,-0.000190,0.486794,0.306826,-0.000190,0.486794,0.000369,0.000031,0.000656,0.000042,-0.000907,0.000117,-0.000005,0.000293,-0.000345,0.000000,0.000000,0.000000,-0.000648,0.001360,0.000927,0.044394,-0.002795,0.072456,0.044394,-0.002795,0.072456,0.002761,-0.006802,-0.002314,0.002761,-0.006802,-0.002314,-0.003161,-0.022209,-0.004482,0.046697,0.002177,0.022508,0.002313,-0.003161,-0.022209,-0.004482,0.046697,0.002177,0.022508,0.002313
1.371000,0.306457,-0.000220,0.486139,0.306826,-0.000190,0.486794,0.306826,-0.000190,0.486794,0.000369,0.000030,0.000654,0.000039,-0.000904,0.000115,-0.000017,0.000065,0.000204,0.000000,0.000000,0.000000,0.000199,-0.000207,0.000699,0.044641,0.001753,0.061361,0.044641,0.001753,0.061361,-0.000641,-0.002091,-0.001638,-0.000641,-0.002091,-0.001638,-0.001091,-0.014060,-0.000120,0.036783,-0.000269,0.016876,0.001639,-0.001091,-0.014060,-0.000120,0.036783,-0.000269,0.016876,0.001639
1.372000,0.306457,-0.000220,0.486139,0.306826,-0.000190,0.486794,0.306826,-0.000190,0.486794,0.000369,0.000030,0.000655,0.000038,-0.000904,0.000118,-0.000083,0.000257,0.000114,0.000000,0.000000,0.000000,0.000335,-0.000706,0.000039,0.045931,-0.002107,0.063230,0.045931,-0.002107,0.063230,-0.001189,-0.000596,0.000352,-0.001189,-0.000596,0.000352,-0.000284,-0.012939,0.000419,0.036335,-0.001632,0.015817,-0.000351,-0.000284,-0.012939,0.000419,0.036335,-0.001632,0.015817,-0.000351
1.373000,0.306457,-0.000220,0.486139,0.306826,-0.000190,0.486794,0.306826,-0.000190,0.486794,0.000369,0.000031,0.000655,0.000040,-0.000904,0.000113,-0.000105,-0.000092,0.000055,0.000000,0.000000,0.000000,-0.000216,-0.000233,0.000962,0.046427,0.004898,0.064368,0.046427,0.004898,0.064368,0.001022,-0.002013,-0.002433,0.001022,-0.002013,-0.002433,-0.000922,-0.014629,-0.000836,0.038352,0.002056,0.017437,0.002433,-0.000922,-0.014629,-0.000836,0.038352,0.002056,0.017437,0.002433
1.374000,0.306457,-0.000220,0.486139,0.306826,-0.000190,0.486794,0.306826,-0.000190,0.486794,0.000369,0.000030,0.000655,0.000040,-0.000906,0.000118,0.000051,-0.000104,0.000080,0.000000,0.000000,0.000000,-0.000349,0.000175,-0.001088,0.043232,0.005136,0.063915,0.043232,0.005136,0.063915,0.001555,-0.003243,0.003735,0.001555,-0.003243,0.003735,0.005318,-0.016210,0.003218,0.038957,0.002632,0.017956,-0.003735,0.005318,-0.016210,0.003218,0.038957,0.002632,0.017956,-0.003735
1.375000,0.306457,-0.000218,0.486140,0.306826,-0.000190,0.486794,0.306826,-0.000190,0.486794,0.000369,0.000029,0.000654,0.000038,-0.000904,0.000114,-0.000122,0.000329,0.000228,0.000000,0.000000,0.000000,0.000853,-0.000262,0.001051,0.046783,-0.003734,0.060841,0.046783,-0.003734,0.060841,-0.003260,-0.001925,-0.002697,-0.003260,-0.001925,-0.002697,-0.003831,-0.013407,-0.000795,0.036648,-0.004042,0.017116,0.002700,-0.003831,-0.013407,-0.000795,0.036648,-0.004042,0.017116,0.002700
1.376000,0.306457,-0.000219,0.486139,0.306826,-0.000190,0.486794,0.306826,-0.000190,0.486794,0.000369,0.000029,0.000655,0.000039,-0.000903,0.000110,-0.000046,0.000255,-0.000066,0.000000,0.000000,0.000000,-0.000075,-0.000126,0.001530,0.045252,-0.002208,0.066773,0.045252,-0.002208,0.066773,0.000457,-0.002332,-0.004148,0.000457,-0.002332,-0.004148,-0.004814,-0.015865,-0.003956,0.039656,-0.000001,0.017720,0.004148,-0.004814,-0.015865,-0.003956,0.039656,-0.000001,0.017720,0.004148
1.377000,0.306458,-0.000222,0.486139,0.306826,-0.000190,0.486794,0.306826,-0.000190,0.486794,0.000369,0.000032,0.000655,0.000038,-0.000904,0.000127,0.000275,-0.000752,-0.000130,0.000000,0.000000,0.000000,0.000408,0.000327,-0.003726,0.038726,0.018225,0.068077,0.038726,0.018225,0.068077,-0.001483,-0.003696,0.011686,-0.001483,-0.003696,0.011686,0.017279,-0.018631,0.015233,0.040794,0.002337,0.017828,-0.011684,0.017279,-0.018631,0.015233,0.040794,0.002337,0.017828,-0.011684
1.378000,0.306458,-0.000220,0.486138,0.306826,-0.000190,0.486794,0.306826,-0.000190,0.486794,0.000368,0.000030,0.000655,0.000040,-0.000907,0.000115,0.000219,0.000260,-0.000278,0.000000,0.000000,0.000000,-0.000580,0.001013,0.001541,0.039831,-0.002182,0.071093,0.039831,-0.002182,0.071093,0.002481,-0.005760,-0.004163,0.002481,-0.005760,-0.004163,-0.004823,-0.021446,-0.005391,0.044425,0.002028,0.020386,0.004163,-0.004823,-0.021446,-0.005391,0.044425,0.002028,0.020386,0.004163
1.379000,0.306457,-0.000218,0.486139,0.306826,-0.000190,0.486794,0.306826,-0.000190,0.486794,0.000369,0.000028,0.000655,0.000041,-0.000906,0.000114,0.000011,0.000738,-0.000036,0.000000,0.000000,0.000000,-0.000579,0.000356,0.000805,0.044038,-0.011959,0.066197,0.044038,-0.011959,0.066197,0.002478,-0.003784,-0.001959,0.002478,-0.003784,-0.001959,-0.005615,-0.017328,-0.007009,0.040681,-0.000034,0.018866,0.001959,-0.005615,-0.017328,-0.007009,0.040681,-0.000034,0.018866,0.001959
1.380000,0.306457,-0.000221,0.486137,0.306826,-0.000190,0.486794,0.306826,-0.000190,0.486794,0.000369,0.000031,0.000656,0.000040,-0.000908,0.000121,-0.000036,-0.000303,-0.000508,0.000000,0.000000,0.000000,-0.000038,0.000876,-0.001363,0.045000,0.009167,0.075784,0.045000,0.009167,0.075784,0.000310,-0.005351,0.004571,0.000310,-0.005351,0.004571,0.007391,-0.021686,0.006001,0.046893,0.002234,0.021479,-0.004570,0.007391,-0.021686,0.006001,0.046893,0.002234,0.021479,-0.004570
1.381000,0.306457,-0.000222,0.486137,0.306826,-0.000190,0.486794,0.306826,-0.000190,0.486794,0.000369,0.000032,0.000657,0.000033,-0.000911,0.000117,-0.000039,-0.000693,-0.000551,0.000000,0.000000,0.000000,0.002060,0.001615,-0.000261,0.045063,0.017048,0.076715,0.045063,0.017048,0.076715,-0.008106,-0.007578,0.001253,-0.008106,-0.007578,0.001253,0.006489,-0.024192,0.012179,0.049567,-0.004519,0.023803,-0.001244,0.006489,-0.024192,0.012179,0.049567,-0.004519,0.023803,-0.001244
1.382000,0.306458,-0.000221,0.486138,0.306826,-0.000190,0.486794,0.306826,-0.000190,0.486794,0.000369,0.000031,0.000656,0.000038,-0.000908,0.000121,0.000096,0.000121,-0.000083,0.000000,0.000000,0.000000,-0.000271,0.000283,-0.000822,0.042324,0.000647,0.067279,0.042324,0.000647,0.067279,0.001237,-0.003573,0.002949,0.001237,-0.003573,0.002949,0.003156,-0.017709,0.001430,0.040759,0.001371,0.018391,-0.002949,0.003156,-0.017709,0.001430,0.040759,0.001371,0.018391,-0.002949
1.383000,0.306458,-0.000220,0.486138,0.306826,-0.000190,0.486794,0.306826,-0.000190,0.486794,0.000369,0.000031,0.000656,0.000040,-0.000908,0.000114,0.000064,0.000159,-0.000056,0.000000,0.000000,0.000000,-0.000620,0.000189,0.001739,0.042961,-0.000110,0.066722,0.042961,-0.000110,0.066722,0.002639,-0.003292,-0.004759,0.002639,-0.003292,-0.004759,-0.004783,-0.017160,-0.005251,0.040298,0.002622,0.018193,0.004758,-0.004783,-0.017160,-0.005251,0.040298,0.002622,0.018193,0.004758
1.384000,0.306458,-0.000220,0.486138,0.306826,-0.000190,0.486794,0.306826,-0.000190,0.486794,0.000369,0.000030,0.000656,0.000044,-0.000908,0.000113,0.000043,0.000106,-0.000037,0.000000,0.000000,0.000000,-0.000414,0.000126,0.000413,0.043387,0.000886,0.066351,0.043387,0.000886,0.066351,0.001833,-0.003103,-0.000787,0.001833,-0.003103,-0.000787,-0.000506,-0.016792,-0.001552,0.039987,0.002021,0.018061,0.000786,-0.000506,-0.016792,-0.001552,0.039987,0.002021,0.018061,0.000786
1.385000,0.306459,-0.000220,0.486140,0.306826,-0.000190,0.486794,0.306826,-0.000190,0.486794,0.000368,0.000030,0.000653,0.000040,-0.000901,0.000116,0.000290,-0.000219,0.000589,0.000000,0.000000,0.000000,0.000624,-0.001632,-0.001249,0.038309,0.007372,0.053543,0.038309,0.007372,0.053543,-0.002335,0.002191,0.004214,-0.002335,0.002191,0.004214,0.006481,-0.008353,0.007036,0.027997,-0.000790,0.010576,-0.004213,0.006481,-0.008353,0.007036,0.027997,-0.000790,0.010576,-0.004213
1.386000,0.306458,-0.000220,0.486139,0.306826,-0.000190,0.486794,0.306826,-0.000190,0.486794,0.000369,0.000030,0.000654,0.000040,-0.000904,0.000122,-0.000082,0.000296,0.000212,0.000000,0.000000,0.000000,-0.000201,-0.000486,-0.000456,0.045874,-0.002951,0.061200,0.045874,-0.002951,0.061200,0.000963,-0.001254,0.001855,0.000963,-0.001254,0.001855,0.000961,-0.012984,-0.000316,0.036027,0.000341,0.016285,-0.001856,0.000961,-0.012984,-0.000316,0.036027,0.000341,0.016285,-0.001856
1.387000,0.306457,-0.000219,0.486137,0.306826,-0.000190,0.486794,0.306826,-0.000190,0.486794,0.000369,0.000029,0.000657,0.000042,-0.000910,0.000117,-0.000112,0.000286,-0.000555,0.000000,0.000000,0.000000,-0.000969,0.001347,0.000090,0.046509,-0.002798,0.076769,0.046509,-0.002798,0.076769,0.004040,-0.006769,0.000200,0.004040,-0.006769,0.000200,-0.000648,-0.023173,-0.003615,0.048970,0.003453,0.023299,-0.000201,-0.000648,-0.023173,-0.003615,0.048970,0.003453,0.023299,-0.000201
1.388000,0.306458,-0.000221,0.486138,0.306826,-0.000190,0.486794,0.306826,-0.000190,0.486794,0.000368,0.000031,0.000655,0.000042,-0.000907,0.000118,-0.000017,-0.000171,0.000326,0.000000,0.000000,0.000000,0.000144,-0.000772,0.001240,0.044552,0.006575,0.059012,0.044552,0.006575,0.059012,-0.000406,-0.000404,-0.003248,-0.000406,-0.000404,-0.003248,-0.001223,-0.011667,0.000144,0.033975,0.000981,0.014963,0.003248,-0.001223,-0.011667,0.000144,0.033975,0.000981,0.014963,0.003248
1.389000,0.306457,-0.000222,0.486138,0.306826,-0.000190,0.486794,0.306826,-0.000190,0.486794,0.000369,0.000032,0.000656,0.000037,-0.000908,0.000128,-0.000133,-0.000506,-0.000066,0.000000,0.000000,0.000000,0.000949,0.000278,-0.001992,0.046940,0.013360,0.066908,0.046940,0.013360,0.066908,-0.003646,-0.003560,0.006488,-0.003646,-0.003560,0.006488,0.010593,-0.016878,0.011518,0.041162,-0.000842,0.019318,-0.006484,0.010593,-0.016878,0.011518,0.041162,-0.000842,0.019318,-0.006484
1.390000,0.306458,-0.000219,0.486138,0.306826,-0.000190,0.486794,0.306826,-0.000190,0.486794,0.000368,0.000029,0.000655,0.000039,-0.000906,0.000117,0.000168,0.000609,0.000090,0.000000,0.000000,0.000000,-0.000017,-0.000289,0.002652,0.040822,-0.009236,0.063734,0.040822,-0.009236,0.063734,0.000224,-0.001853,-0.007491,0.000224,-0.001853,-0.007491,-0.010312,-0.015134,-0.008434,0.037176,-0.001710,0.016041,0.007491,-0.010312,-0.015134,-0.008434,0.037176,-0.001710,0.016041,0.007491
1.391000,0.306457,-0.000221,0.486137,0.306826,-0.000190,0.486794,0.306826,-0.000190,0.486794,0.000369,0.000031,0.000656,0.000039,-0.000909,0.000122,-0.000216,-0.000348,-0.000337,0.000000,0.000000,0.000000,-0.000215,0.000839,-0.001772,0.048641,0.010055,0.072379,0.048641,0.010055,0.072379,0.001018,-0.005244,0.005805,0.001018,-0.005244,0.005805,0.008897,-0.019977,0.006661,0.045647,0.003128,0.021840,-0.005804,0.008897,-0.019977,0.006661,0.045647,0.003128,0.021840,-0.005804
1.392000,0.306458,-0.000221,0.486138,0.306826,-0.000190,0.486794,0.306826,-0.000190,0.486794,0.000368,0.000031,0.000655,0.000038,-0.000907,0.000125,0.000049,0.000010,0.000322,0.000000,0.000000,0.000000,0.000059,-0.000792,-0.001007,0.043228,0.002873,0.059106,0.043228,0.002873,0.059106,-0.000083,-0.000346,0.003521,-0.000083,-0.000346,0.003521,0.004411,-0.011840,0.003493,0.033791,0.000518,0.014636,-0.003521,0.004411,-0.011840,0.003493,0.033791,0.000518,0.014636,-0.003521
1.393000,0.306457,-0.000220,0.486139,0.306826,-0.000190,0.486794,0.306826,-0.000190,0.486794,0.000369,0.000030,0.000654,0.000041,-0.000901,0.000113,-0.000224,0.000085,0.000322,0.000000,0.000000,0.000000,-0.000400,-0.001177,0.002090,0.048715,0.001302,0.059009,0.048715,0.001302,0.059009,0.001764,0.000828,-0.005817,0.001764,0.000828,-0.005817,-0.005408,-0.009794,-0.004920,0.033275,0.002045,0.014605,0.005816,-0.005408,-0.009794,-0.004920,0.033275,0.002045,0.014605,0.005816
1.394000,0.306457,-0.000221,0.486139,0.306826,-0.000190,0.486794,0.306826,-0.000190,0.486794,0.000369,0.000031,0.000654,0.000038,-0.000902,0.000120,-0.000149,-0.000275,0.000214,0.000000,0.000000,0.000000,0.000429,-0.000785,-0.001352,0.047291,0.008586,0.061159,0.047291,0.008586,0.061159,-0.001566,-0.000351,0.004534,-0.001566,-0.000351,0.004534,0.007176,-0.011853,0.007115,0.035286,0.000236,0.015678,-0.004533,0.007176,-0.011853,0.007115,0.035286,0.000236,0.015678,-0.004533
1.395000,0.306458,-0.000220,0.486140,0.306826,-0.000190,0.486794,0.306826,-0.000190,0.486794,0.000368,0.000030,0.000653,0.000041,-0.000900,0.000113,0.000205,0.000115,0.000534,0.000000,0.000000,0.000000,-0.001008,-0.001317,0.001172,0.040116,0.000677,0.054646,0.040116,0.000677,0.054646,0.004199,0.001249,-0.003064,0.004199,0.001249,-0.003064,-0.002847,-0.009354,-0.004903,0.029690,0.004344,0.011991,0.003060,-0.002847,-0.009354,-0.004903,0.029690,0.004344,0.011991,0.003060
1.396000,0.306457,-0.000219,0.486138,0.306826,-0.000190,0.486794,0.306826,-0.000190,0.486794,0.000369,0.000029,0.000656,0.000042,-0.000907,0.000115,0.000017,0.000394,-0.000405,0.000000,0.000000,0.000000,-0.000421,0.001123,0.001174,0.043922,-0.004984,0.073652,0.043922,-0.004984,0.073652,0.001854,-0.006087,-0.003060,0.001854,-0.006087,-0.003060,-0.004578,-0.021932,-0.005079,0.046486,0.000811,0.021799,0.003060,-0.004578,-0.021932,-0.005079,0.046486,0.000811,0.021799,0.003060
1.397000,0.306458,-0.000222,0.486139,0.306826,-0.000190,0.486794,0.306826,-0.000190,0.486794,0.000368,0.000033,0.000655,0.000041,-0.000905,0.000128,0.000275,-0.000723,-0.000133,0.000000,0.000000,0.000000,0.000762,0.000239,-0.003364,0.038680,0.017712,0.068180,0.038680,0.017712,0.068180,-0.002885,-0.003432,0.010606,-0.002885,-0.003432,0.010606,0.016042,-0.018407,0.015297,0.040574,0.000828,0.017565,-0.010603,0.016042,-0.018407,0.015297,0.040574,0.000828,0.017565,-0.010603
1.398000,0.306457,-0.000219,0.486137,0.306826,-0.000190,0.486794,0.306826,-0.000190,0.486794,0.000369,0.000029,0.000656,0.000041,-0.000909,0.000114,-0.000201,0.000664,-0.000509,0.000000,0.000000,0.000000,-0.000140,0.001463,0.003370,0.048341,-0.010348,0.075825,0.048341,-0.010348,0.075825,0.000722,-0.007116,-0.009655,0.000722,-0.007116,-0.009655,-0.012816,-0.022952,-0.010677,0.049111,-0.001441,0.023948,0.009657,-0.012816,-0.022952,-0.010677,0.049111,-0.001441,0.023948,0.009657
1.399000,0.306457,-0.000221,0.486140,0.306826,-0.000190,0.486794,0.306826,-0.000190,0.486794,0.000369,0.000031,0.000654,0.000040,-0.000902,0.000127,-0.000176,-0.000172,0.000556,0.000000,0.000000,0.000000,-0.000143,-0.001345,-0.001701,0.047856,0.006568,0.054257,0.047856,0.006568,0.054257,0.000730,0.001330,0.005609,0.000730,0.001330,0.005609,0.007632,-0.007970,0.005592,0.030420,0.002105,0.013509,-0.005610,0.007632,-0.007970,0.005592,0.030420,0.002105,0.013509,-0.005610
1.400000,0.306457,-0.000221,0.486138,0.306826,-0.000190,0.486794,0.306826,-0.000190,0.486794,0.000369,0.000031,0.000656,0.000037,-0.000909,0.000125,0.000081,-0.000063,-0.000433,0.000000,0.000000,0.000000,0.000807,0.001423,-0.000562,0.042638,0.004359,0.074269,0.042638,0.004359,0.074269,-0.003079,-0.006996,0.002185,-0.003079,-0.006996,0.002185,0.003531,-0.023228,0.005154,0.047522,-0.002163,0.022495,-0.002181,0.003531,-0.023228,0.005154,0.047522,-0.002163,0.022495,-0.002181
1.401000,0.306457,-0.000220,0.486137,0.306826,-0.000190,0.486794,0.306826,-0.000190,0.486794,0.000369,0.000031,0.000657,0.000039,-0.000910,0.000121,-0.000053,0.000127,-0.000360,0.000000,0.000000,0.000000,-0.000126,0.000711,0.000085,0.045312,0.000526,0.072894,0.045312,0.000526,0.072894,0.000658,-0.004866,0.000228,0.000658,-0.004866,0.000228,0.000399,-0.020266,-0.000119,0.045086,0.000769,0.020805,-0.000227,0.000399,-0.020266,-0.000119,0.045086,0.000769,0.020805,-0.000227
1.402000,0.306457,-0.000221,0.486138,0.306826,-0.000190,0.486794,0.306826,-0.000190,0.486794,0.000369,0.000031,0.000656,0.000041,-0.000907,0.000122,0.000036,-0.000034,0.000023,0.000000,0.000000,0.000000,0.000817,-0.000083,-0.000166,0.043532,0.003770,0.065121,0.043532,0.003770,0.065121,-0.003105,-0.002474,0.000984,-0.003105,-0.002474,0.000984,0.002149,-0.015765,0.004132,0.038798,-0.002312,0.017357,-0.000981,0.002149,-0.015765,0.004132,0.038798,-0.002312,0.017357,-0.000981
1.403000,0.306457,-0.000220,0.486137,0.306826,-0.000190,0.486794,0.306826,-0.000190,0.486794,0.000369,0.000030,0.000657,0.000042,-0.000909,0.000117,-0.000133,0.000056,-0.000077,0.000000,0.000000,0.000000,-0.000987,-0.000055,0.000457,0.046935,0.001883,0.067191,0.046935,0.001883,0.067191,0.004119,-0.002563,-0.000904,0.004119,-0.002563,-0.000904,-0.000317,-0.015966,-0.002929,0.040299,0.004517,0.018342,0.000902,-0.000317,-0.015966,-0.002929,0.040299,0.004517,0.018342,0.000902
1.404000,0.306457,-0.000221,0.486139,0.306826,-0.000190,0.486794,0.306826,-0.000190,0.486794,0.000369,0.000031,0.000655,0.000038,-0.000904,0.000123,0.000054,-0.000504,0.000474,0.000000,0.000000,0.000000,0.000432,-0.001151,-0.002181,0.043175,0.013221,0.055966,0.043175,0.013221,0.055966,-0.001577,0.000739,0.007034,-0.001577,0.000739,0.007034,0.011095,-0.009803,0.010392,0.031216,0.001196,0.013265,-0.007033,0.011095,-0.009803,0.010392,0.031216,0.001196,0.013265,-0.007033
1.405000,0.306457,-0.000218,0.486138,0.306826,-0.000190,0.486794,0.306826,-0.000190,0.486794,0.000369,0.000029,0.000656,0.000044,-0.000906,0.000109,-0.000056,0.000386,-0.000188,0.000000,0.000000,0.000000,-0.001196,0.000110,0.002646,0.045432,-0.004872,0.069354,0.045432,-0.004872,0.069354,0.004957,-0.003049,-0.007502,0.004957,-0.003049,-0.007502,-0.008985,-0.017345,-0.010376,0.041613,0.003942,0.018699,0.007499,-0.008985,-0.017345,-0.010376,0.041613,0.003942,0.018699,0.007499
1.406000,0.306458,-0.000219,0.486139,0.306826,-0.000190,0.486794,0.306826,-0.000190,0.486794,0.000369,0.000030,0.000655,0.000039,-0.000906,0.000116,0.000056,0.000287,0.000379,0.000000,0.000000,0.000000,0.000227,-0.000804,0.000361,0.043124,-0.002784,0.057914,0.043124,-0.002784,0.057914,-0.000751,-0.000306,-0.000620,-0.000751,-0.000306,-0.000620,-0.001464,-0.011451,-0.000798,0.033177,-0.001335,0.014470,0.000620,-0.001464,-0.011451,-0.000798,0.033177,-0.001335,0.014470,0.000620
1.407000,0.306457,-0.000220,0.486139,0.306826,-0.000190,0.486794,0.306826,-0.000190,0.486794,0.000369,0.000031,0.000655,0.000040,-0.000906,0.000114,0.000072,-0.000243,0.000061,0.000000,0.000000,0.000000,-0.000288,0.000259,0.000348,0.042808,0.007909,0.064283,0.042808,0.007909,0.064283,0.001314,-0.003496,-0.000587,0.001314,-0.003496,-0.000587,0.001846,-0.016641,0.001237,0.039330,0.002980,0.018151,0.000587,0.001846,-0.016641,0.001237,0.039330,0.002980,0.018151,0.000587
1.408000,0.306458,-0.000221,0.486138,0.306826,-0.000190,0.486794,0.306826,-0.000190,0.486794,0.000368,0.000031,0.000655,0.000040,-0.000904,0.000119,-0.000023,-0.000162,-0.000222,0.000000,0.000000,0.000000,-0.000192,0.000730,0.000504,0.044673,0.006345,0.069983,0.044673,0.006345,0.069983,0.000928,-0.004902,-0.001036,0.000928,-0.004902,-0.001036,0.000918,-0.019508,0.000687,0.043666,0.002265,0.020450,0.001037,0.000918,-0.019508,0.000687,0.043666,0.002265,0.020450,0.001037
1.409000,0.306458,-0.000219,0.486139,0.306826,-0.000190,0.486794,0.306826,-0.000190,0.486794,0.000368,0.000030,0.000655,0.000039,-0.000904,0.000119,0.000106,0.000248,0.000136,0.000000,0.000000,0.000000,0.000752,-0.000309,-0.000838,0.042096,-0.002012,0.062760,0.042096,-0.002012,0.062760,-0.002853,-0.001786,0.002990,-0.002853,-0.001786,0.002990,0.002382,-0.014574,0.003491,0.036812,-0.003279,0.016161,-0.002987,0.002382,-0.014574,0.003491,0.036812,-0.003279,0.016161,-0.002987
1.410000,0.306457,-0.000219,0.486140,0.306826,-0.000190,0.486794,0.306826,-0.000190,0.486794,0.000369,0.000029,0.000654,0.000043,-0.000902,0.000115,0.000035,0.000204,0.000282,0.000000,0.000000,0.000000,-0.000570,-0.000999,0.001565,0.043539,-0.001150,0.059779,0.043539,-0.001150,0.059779,0.002450,0.000290,-0.004235,0.002450,0.000290,-0.004235,-0.004578,-0.011362,-0.005086,0.033513,0.002213,0.014122,0.004233,-0.004578,-0.011362,-0.005086,0.033513,0.002213,0.014122,0.004233
1.411000,0.306458,-0.000222,0.486137,0.306826,-0.000190,0.486794,0.306826,-0.000190,0.486794,0.000369,0.000032,0.000657,0.000041,-0.000911,0.000125,0.000107,-0.000714,-0.000629,0.000000,0.000000,0.000000,0.001309,0.002035,-0.002901,0.042075,0.017453,0.078238,0.042075,0.017453,0.078238,-0.005072,-0.008837,0.009204,-0.005072,-0.008837,0.009204,0.014562,-0.026377,0.015772,0.051161,-0.001409,0.024567,-0.009197,0.014562,-0.026377,0.015772,0.051161,-0.001409,0.024567,-0.009197
1.412000,0.306458,-0.000220,0.486138,0.306826,-0.000190,0.486794,0.306826,-0.000190,0.486794,0.000368,0.000030,0.000656,0.000040,-0.000909,0.000119,0.000108,0.000286,0.000035,0.000000,0.000000,0.000000,0.000018,0.000006,0.000124,0.042008,-0.002700,0.064888,0.042008,-0.002700,0.064888,0.000088,-0.002744,0.000103,0.000088,-0.002744,0.000103,-0.000715,-0.016197,-0.000853,0.038762,-0.000480,0.017285,-0.000102,-0.000715,-0.016197,-0.000853,0.038762,-0.000480,0.017285,-0.000102
1.413000,0.306458,-0.000219,0.486139,0.306826,-0.000190,0.486794,0.306826,-0.000190,0.486794,0.000368,0.000030,0.000655,0.000040,-0.000906,0.000116,0.000106,0.000431,0.000309,0.000000,0.000000,0.000000,-0.000539,-0.000408,0.001058,0.042073,-0.005666,0.059278,0.042073,-0.005666,0.059278,0.002317,-0.001494,-0.002710,0.002317,-0.001494,-0.002710,-0.004436,-0.013217,-0.005380,0.034872,0.001128,0.015555,0.002708,-0.004436,-0.013217,-0.005380,0.034872,0.001128,0.015555,0.002708
1.414000,0.306457,-0.000221,0.486138,0.306826,-0.000190,0.486794,0.306826,-0.000190,0.486794,0.000370,0.000031,0.000655,0.000043,-0.000908,0.000119,-0.000362,-0.000217,-0.000067,0.000000,0.000000,0.000000,-0.000249,0.000329,-0.001064,0.051598,0.007454,0.066865,0.051598,0.007454,0.066865,0.001168,-0.003710,0.003668,0.001168,-0.003710,0.003668,0.005964,-0.016299,0.004200,0.041890,0.002734,0.020443,-0.003668,0.005964,-0.016299,0.004200,0.041890,0.002734,0.020443,-0.003668
1.415000,0.306458,-0.000220,0.486138,0.306826,-0.000190,0.486794,0.306826,-0.000190,0.486794,0.000368,0.000030,0.000656,0.000042,-0.000906,0.000115,0.000036,-0.000070,-0.000341,0.000000,0.000000,0.000000,-0.000118,0.000825,0.000764,0.043454,0.004431,0.072409,0.043454,0.004431,0.072409,0.000641,-0.005193,-0.001831,0.000641,-0.005193,-0.001831,-0.000464,-0.020728,-0.000294,0.044945,0.001576,0.020697,0.001832,-0.000464,-0.020728,-0.000294,0.044945,0.001576,0.020697,0.001832
1.416000,0.306458,-0.000221,0.486138,0.306826,-0.000190,0.486794,0.306826,-0.000190,0.486794,0.000368,0.000031,0.000655,0.000038,-0.000903,0.000122,-0.000061,-0.000112,-0.000057,0.000000,0.000000,0.000000,0.000571,-0.000007,-0.000391,0.045404,0.005329,0.066663,0.045404,0.005329,0.066663,-0.002130,-0.002687,0.001661,-0.002130,-0.002687,0.001661,0.003305,-0.016164,0.004427,0.039979,-0.001010,0.018100,-0.001659,0.003305,-0.016164,0.004427,0.039979,-0.001010,0.018100,-0.001659
1.417000,0.306458,-0.000221,0.486139,0.306826,-0.000190,0.486794,0.306826,-0.000190,0.486794,0.000369,0.000031,0.000655,0.000037,-0.000904,0.000118,0.000031,-0.000032,0.000225,0.000000,0.000000,0.000000,0.000585,-0.000562,0.000722,0.043612,0.003733,0.060975,0.043612,0.003733,0.060975,-0.002190,-0.001028,-0.001697,-0.002190,-0.001028,-0.001697,-0.000544,-0.013036,0.001578,0.035406,-0.001402,0.015563,0.001699,-0.000544,-0.013036,0.001578,0.035406,-0.001402,0.015563,0.001699
1.418000,0.306458,-0.000220,0.486139,0.306826,-0.000190,0.486794,0.306826,-0.000190,0.486794,0.000369,0.000030,0.000655,0.000041,-0.000905,0.000120,0.000071,0.000381,0.000171,0.000000,0.000000,0.000000,-0.000859,-0.000612,0.000458,0.042819,-0.004636,0.062055,0.042819,-0.004636,0.062055,0.003600,-0.000879,-0.000893,0.003600,-0.000879,-0.000893,-0.002304,-0.013338,-0.004671,0.035662,0.002626,0.015340,0.000890,-0.002304,-0.013338,-0.004671,0.035662,0.002626,0.015340,0.000890
1.419000,0.306458,-0.000220,0.486139,0.306826,-0.000190,0.486794,0.306826,-0.000190,0.486794,0.000368,0.000030,0.000655,0.000039,-0.000906,0.000117,0.000182,-0.000151,-0.000036,0.000000,0.000000,0.000000,0.000012,-0.000088,-0.000243,0.040549,0.006054,0.066241,0.040549,0.006054,0.066241,0.000106,-0.002452,0.001200,0.000106,-0.002452,0.001200,0.003064,-0.016543,0.002753,0.038920,0.001378,0.016805,-0.001200,0.003064,-0.016543,0.002753,0.038920,0.001378,0.016805,-0.001200
1.420000,0.306457,-0.000221,0.486137,0.306826,-0.000190,0.486794,0.306826,-0.000190,0.486794,0.000369,0.000031,0.000656,0.000041,-0.000909,0.000112,-0.000135,-0.000141,-0.000158,0.000000,0.000000,0.000000,0.000469,0.000416,0.001156,0.046954,0.005914,0.068785,0.046954,0.005914,0.068785,-0.001715,-0.003977,-0.003021,-0.001715,-0.003977,-0.003021,-0.001198,-0.017866,0.001017,0.042469,-0.000466,0.019900,0.003023,-0.001198,-0.017866,0.001017,0.042469,-0.000466,0.019900,0.003023
1.421000,0.306458,-0.000222,0.486138,0.306826,-0.000190,0.486794,0.306826,-0.000190,0.486794,0.000368,0.000032,0.000656,0.000043,-0.000909,0.000121,0.000166,-0.000053,0.000029,0.000000,0.000000,0.000000,-0.000149,-0.000198,-0.001531,0.040814,0.004239,0.065036,0.040814,0.004239,0.065036,0.000768,-0.002133,0.005076,0.000768,-0.002133,0.005076,0.006384,-0.015813,0.004431,0.038066,0.001654,0.016436,-0.005076,0.006384,-0.015813,0.004431,0.038066,0.001654,0.016436,-0.005076
1.422000,0.306458,-0.000220,0.486138,0.306826,-0.000190,0.486794,0.306826,-0.000190,0.486794,0.000368,0.000030,0.000656,0.000041,-0.000907,0.000113,-0.000096,0.000256,-0.000094,0.000000,0.000000,0.000000,-0.000336,0.000106,0.001077,0.046044,-0.002139,0.067500,0.046044,-0.002139,0.067500,0.001507,-0.003037,-0.002779,0.001507,-0.003037,-0.002779,-0.003424,-0.016672,-0.003710,0.040806,0.001061,0.018656,0.002778,-0.003424,-0.016672,-0.003710,0.040806,0.001061,0.018656,0.002778
1.423000,0.306457,-0.000222,0.486139,0.306826,-0.000190,0.486794,0.306826,-0.000190,0.486794,0.000369,0.000032,0.000655,0.000039,-0.000903,0.000124,-0.000249,-0.000382,0.000307,0.000000,0.000000,0.000000,0.000235,-0.001136,-0.001601,0.049267,0.010806,0.059327,0.049267,0.010806,0.059327,-0.000786,0.000699,0.005300,-0.000786,0.000699,0.005300,0.008623,-0.009938,0.007826,0.033623,0.001481,0.014882,-0.005299,0.008623,-0.009938,0.007826,0.033623,0.001481,0.014882,-0.005299
1.424000,0.306458,-0.000219,0.486138,0.306826,-0.000190,0.486794,0.306826,-0.000190,0.486794,0.000368,0.000029,0.000655,0.000039,-0.000907,0.000122,0.000126,0.000621,-0.000094,0.000000,0.000000,0.000000,-0.000019,0.000686,0.000423,0.041692,-0.009505,0.067416,0.041692,-0.009505,0.067416,0.000232,-0.004781,-0.000782,0.000232,-0.004781,-0.000782,-0.003685,-0.019057,-0.003790,0.041951,-0.001765,0.019477,0.000783,-0.003685,-0.019057,-0.003790,0.041951,-0.001765,0.019477,0.000783
1.425000,0.306458,-0.000220,0.486141,0.306826,-0.000190,0.486794,0.306826,-0.000190,0.486794,0.000368,0.000030,0.000653,0.000038,-0.000900,0.000115,-0.000060,-0.000108,0.000562,0.000000,0.000000,0.000000,0.000383,-0.001034,0.000979,0.045406,0.005174,0.054092,0.045406,0.005174,0.054092,-0.001380,0.000403,-0.002478,-0.001380,0.000403,-0.002478,-0.000882,-0.009223,0.000923,0.030957,-0.000289,0.013904,0.002479,-0.000882,-0.009223,0.000923,0.030957,-0.000289,0.013904,0.002479
1.426000,0.306457,-0.000219,0.486140,0.306826,-0.000190,0.486794,0.306826,-0.000190,0.486794,0.000369,0.000029,0.000653,0.000041,-0.000902,0.000116,-0.000040,0.000197,0.000375,0.000000,0.000000,0.000000,-0.000976,-0.000689,-0.000290,0.045057,-0.001028,0.057850,0.045057,-0.001028,0.057850,0.004067,-0.000637,0.001333,0.004067,-0.000637,0.001333,0.001028,-0.011465,-0.002257,0.033723,0.003850,0.015200,-0.001336,0.001028,-0.011465,-0.002257,0.033723,0.003850,0.015200,-0.001336
1.427000,0.306457,-0.000221,0.486139,0.306826,-0.000190,0.486794,0.306826,-0.000190,0.486794,0.000369,0.000031,0.000654,0.000042,-0.000904,0.000113,-0.000053,-0.000060,-0.000033,0.000000,0.000000,0.000000,0.000140,-0.000081,0.001307,0.045346,0.004290,0.066095,0.045346,0.004290,0.066095,-0.000390,-0.002468,-0.003468,-0.000390,-0.002468,-0.003468,-0.002143,-0.015779,-0.000765,0.039484,0.000517,0.017817,0.003469,-0.002143,-0.015779,-0.000765,0.039484,0.000517,0.017817,0.003469
1.428000,0.306458,-0.000221,0.486139,0.306826,-0.000190,0.486794,0.306826,-0.000190,0.486794,0.000368,0.000031,0.000655,0.000040,-0.000904,0.000116,0.000135,-0.000040,-0.000363,0.000000,0.000000,0.000000,0.000093,0.001059,0.000125,0.041446,0.003867,0.072776,0.041446,0.003867,0.072776,-0.000212,-0.005891,0.000088,-0.000212,-0.005891,0.000088,0.001282,-0.021847,0.001482,0.045558,0.000603,0.021006,-0.000086,0.001282,-0.021847,0.001482,0.045558,0.000603,0.021006,-0.000086
1.429000,0.306457,-0.000221,0.486139,0.306826,-0.000190,0.486794,0.306826,-0.000190,0.486794,0.000369,0.000031,0.000655,0.000042,-0.000905,0.000117,-0.000152,-0.000197,-0.000164,0.000000,0.000000,0.000000,0.000061,0.000149,-0.000948,0.047333,0.007057,0.068779,0.047333,0.007057,0.068779,-0.000076,-0.003162,0.003312,-0.000076,-0.003162,0.003312,0.005485,-0.016991,0.004701,0.041699,0.001405,0.019166,-0.003311,0.005485,-0.016991,0.004701,0.041699,0.001405,0.019166,-0.003311
1.430000,0.306458,-0.000221,0.486139,0.306826,-0.000190,0.486794,0.306826,-0.000190,0.486794,0.000368,0.000031,0.000655,0.000039,-0.000906,0.000113,-0.000002,-0.000222,-0.000041,0.000000,0.000000,0.000000,0.000264,0.000371,0.000450,0.044237,0.007508,0.066274,0.044237,0.007508,0.066274,-0.000900,-0.003832,-0.000896,-0.000900,-0.003832,-0.000896,0.001414,-0.017368,0.002457,0.040790,0.000682,0.018963,0.000898,0.001414,-0.017368,0.002457,0.040790,0.000682,0.018963,0.000898
1.431000,0.306458,-0.000219,0.486139,0.306826,-0.000190,0.486794,0.306826,-0.000190,0.486794,0.000368,0.000029,0.000655,0.000040,-0.000903,0.000115,-0.000029,0.000156,0.000167,0.000000,0.000000,0.000000,0.000156,-0.000581,-0.000971,0.044731,-0.000229,0.062114,0.044731,-0.000229,0.062114,-0.000462,-0.000965,0.003375,-0.000462,-0.000965,0.003375,0.003314,-0.013151,0.002650,0.036023,-0.000513,0.015836,-0.003374,0.003314,-0.013151,0.002650,0.036023,-0.000513,0.015836,-0.003374
1.432000,0.306458,-0.000219,0.486137,0.306826,-0.000190,0.486794,0.306826,-0.000190,0.486794,0.000368,0.000029,0.000656,0.000039,-0.000909,0.000112,-0.000006,0.000232,-0.000322,0.000000,0.000000,0.000000,-0.000098,0.000727,0.001876,0.044312,-0.001747,0.072075,0.044312,-0.001747,0.072075,0.000549,-0.004908,-0.005182,0.000549,-0.004908,-0.005182,-0.005708,-0.020210,-0.004601,0.044614,0.000189,0.020563,0.005183,-0.005708,-0.020210,-0.004601,0.044614,0.000189,0.020563,0.005183
1.433000,0.306457,-0.000221,0.486139,0.306826,-0.000190,0.486794,0.306826,-0.000190,0.486794,0.000370,0.000031,0.000655,0.000039,-0.000905,0.000123,-0.000246,-0.000386,0.000131,0.000000,0.000000,0.000000,-0.000067,-0.000451,-0.002479,0.049265,0.010844,0.062859,0.049265,0.010844,0.062859,0.000424,-0.001362,0.007930,0.000424,-0.001362,0.007930,0.011265,-0.013081,0.008840,0.037351,0.002697,0.017253,-0.007930,0.011265,-0.013081,0.008840,0.037351,0.002697,0.017253,-0.007930
